order_id,order_date,ship_date,customer_id,product_id,quantity,discount,sales,cost,profit
ORD-000001,2024-08-08,2024-08-14,CUST-00343,PROD-00006,4,0.05,1973.04,1392.88,580.16
ORD-000002,2024-02-05,2024-02-07,CUST-00442,PROD-00173,3,0.0,803.34,663.21,140.13
ORD-000003,2025-02-21,2025-02-26,CUST-00177,PROD-00193,7,0.15,1500.17,933.17,567.0
ORD-000004,2024-08-24,2024-08-30,CUST-00307,PROD-00101,7,0.05,3696.14,2199.54,1496.6
ORD-000005,2025-09-24,2025-09-30,CUST-00594,PROD-00128,3,0.0,1167.27,919.08,248.19
ORD-000006,2024-02-26,2024-03-01,CUST-00133,PROD-00137,4,0.0,408.72,248.12,160.6
ORD-000007,2024-07-02,2024-07-05,CUST-00253,PROD-00038,3,0.3,30.81,27.03,3.78
ORD-000008,2025-07-07,2025-07-08,CUST-00046,PROD-00198,6,0.1,3281.26,2066.46,1214.8
ORD-000009,2025-03-17,2025-03-23,CUST-00245,PROD-00209,7,0.0,3191.65,2433.34,758.31
ORD-000010,2024-02-19,2024-02-20,CUST-00405,PROD-00001,1,0.05,38.43,21.4,17.03
ORD-000011,2025-11-03,2025-11-06,CUST-00581,PROD-00030,3,0.15,455.97,437.52,18.45
ORD-000012,2025-11-03,2025-11-07,CUST-00492,PROD-00059,7,0.0,763.28,523.81,239.47
ORD-000013,2024-09-28,2024-10-03,CUST-00311,PROD-00044,3,0.0,1600.41,890.55,709.86
ORD-000014,2024-10-06,2024-10-11,CUST-00438,PROD-00176,6,0.05,2352.62,1810.32,542.3
ORD-000015,2025-12-26,2025-12-29,CUST-00122,PROD-00144,4,0.1,574.78,361.04,213.74
ORD-000016,2025-04-07,2025-04-10,CUST-00045,PROD-00119,3,0.1,1772.63,1191.09,581.54
ORD-000017,2025-01-24,2025-01-27,CUST-00519,PROD-00190,2,0.0,569.8,484.92,84.88
ORD-000018,2025-10-05,2025-10-07,CUST-00302,PROD-00020,6,0.1,1198.1,820.38,377.72
ORD-000019,2024-08-25,2024-08-29,CUST-00570,PROD-00167,4,0.0,747.04,439.92,307.12
ORD-000020,2024-11-27,2024-11-30,CUST-00565,PROD-00213,2,0.1,505.44,455.38,50.06
ORD-000021,2024-08-11,2024-08-17,CUST-00320,PROD-00137,1,0.0,102.18,62.03,40.15
ORD-000022,2025-08-28,2025-09-01,CUST-00065,PROD-00002,4,0.0,1769.96,1500.6,269.36
ORD-000023,2025-02-25,2025-02-27,CUST-00498,PROD-00192,6,0.0,442.68,244.32,198.36
ORD-000024,2025-05-02,2025-05-07,CUST-00561,PROD-00136,4,0.1,815.44,609.52,205.92
ORD-000025,2024-07-30,2024-08-01,CUST-00599,PROD-00160,7,0.0,211.05,155.54,55.51
ORD-000026,2024-06-25,2024-06-26,CUST-00283,PROD-00104,1,0.15,183.21,181.76,1.45
ORD-000027,2024-12-26,2024-12-27,CUST-00308,PROD-00143,7,0.05,288.28,216.65,71.63
ORD-000028,2025-07-15,2025-07-16,CUST-00369,PROD-00031,5,0.1,743.4,598.35,145.05
ORD-000029,2025-01-19,2025-01-22,CUST-00233,PROD-00098,2,0.1,1033.79,631.46,402.33
ORD-000030,2024-01-26,2024-01-29,CUST-00529,PROD-00078,6,0.0,719.88,594.96,124.92
ORD-000031,2025-10-28,2025-10-29,CUST-00112,PROD-00157,4,0.1,1824.62,1175.88,648.74
ORD-000032,2024-02-19,2024-02-21,CUST-00018,PROD-00095,3,0.05,945.91,558.36,387.55
ORD-000033,2025-12-10,2025-12-13,CUST-00360,PROD-00076,6,0.1,1333.8,794.82,538.98
ORD-000034,2024-01-20,2024-01-24,CUST-00212,PROD-00179,1,0.0,236.06,137.44,98.62
ORD-000035,2025-05-29,2025-06-03,CUST-00030,PROD-00009,5,0.1,625.32,409.15,216.17
ORD-000036,2024-03-04,2024-03-07,CUST-00426,PROD-00049,4,0.0,1976.96,1586.28,390.68
ORD-000037,2025-11-19,2025-11-22,CUST-00091,PROD-00200,4,0.0,1066.76,752.12,314.64
ORD-000038,2024-12-14,2024-12-16,CUST-00103,PROD-00111,6,0.0,659.94,531.78,128.16
ORD-000039,2024-04-15,2024-04-18,CUST-00594,PROD-00132,7,0.0,1792.0,1031.17,760.83
ORD-000040,2024-10-06,2024-10-11,CUST-00038,PROD-00161,6,0.3,827.65,687.6,140.05
ORD-000041,2024-05-06,2024-05-08,CUST-00241,PROD-00026,2,0.1,764.17,492.6,271.57
ORD-000042,2024-05-10,2024-05-14,CUST-00298,PROD-00037,2,0.0,529.06,447.38,81.68
ORD-000043,2025-12-07,2025-12-11,CUST-00049,PROD-00142,6,0.2,1367.23,1464.24,-97.01
ORD-000044,2024-12-05,2024-12-06,CUST-00082,PROD-00044,2,0.05,1013.59,593.7,419.89
ORD-000045,2025-08-28,2025-09-02,CUST-00394,PROD-00018,6,0.1,2557.22,1618.2,939.02
ORD-000046,2025-04-17,2025-04-21,CUST-00001,PROD-00216,5,0.0,2408.8,1933.85,474.95
ORD-000047,2025-05-15,2025-05-17,CUST-00287,PROD-00066,3,0.1,598.81,471.96,126.85
ORD-000048,2024-04-11,2024-04-13,CUST-00095,PROD-00150,7,0.0,3468.57,2663.64,804.93
ORD-000049,2024-07-10,2024-07-11,CUST-00131,PROD-00087,4,0.05,787.25,512.2,275.05
ORD-000050,2025-08-26,2025-08-29,CUST-00295,PROD-00120,2,0.15,289.53,218.62,70.91
ORD-000051,2025-12-17,2025-12-23,CUST-00143,PROD-00037,2,0.0,529.06,447.38,81.68
ORD-000052,2024-08-07,2024-08-13,CUST-00329,PROD-00135,1,0.05,482.6,338.05,144.55
ORD-000053,2024-08-14,2024-08-15,CUST-00230,PROD-00024,6,0.0,1373.88,1175.04,198.84
ORD-000054,2024-12-18,2024-12-21,CUST-00109,PROD-00024,3,0.2,549.55,587.52,-37.97
ORD-000055,2025-12-24,2025-12-29,CUST-00378,PROD-00012,5,0.0,2750.45,1743.05,1007.4
ORD-000056,2024-08-12,2024-08-18,CUST-00522,PROD-00033,6,0.05,956.06,689.22,266.84
ORD-000057,2024-11-17,2024-11-21,CUST-00452,PROD-00068,5,0.05,2115.7,1751.75,363.95
ORD-000058,2025-11-09,2025-11-10,CUST-00596,PROD-00041,7,0.0,1225.07,705.95,519.12
ORD-000059,2024-01-03,2024-01-05,CUST-00217,PROD-00065,6,0.2,146.59,133.02,13.57
ORD-000060,2024-01-31,2024-02-03,CUST-00432,PROD-00148,6,0.15,2002.21,1547.52,454.69
ORD-000061,2025-03-21,2025-03-22,CUST-00342,PROD-00133,2,0.3,504.52,612.62,-108.1
ORD-000062,2025-11-17,2025-11-20,CUST-00152,PROD-00131,5,0.05,2501.54,1495.0,1006.54
ORD-000063,2024-07-15,2024-07-16,CUST-00079,PROD-00178,5,0.0,1425.35,1014.6,410.75
ORD-000064,2024-12-17,2024-12-21,CUST-00244,PROD-00142,4,0.05,1082.39,976.16,106.23
ORD-000065,2024-12-07,2024-12-08,CUST-00270,PROD-00172,2,0.1,254.05,194.28,59.77
ORD-000066,2024-12-18,2024-12-22,CUST-00167,PROD-00028,1,0.05,17.03,10.96,6.07
ORD-000067,2025-04-04,2025-04-09,CUST-00250,PROD-00095,1,0.1,298.71,186.12,112.59
ORD-000068,2024-12-17,2024-12-19,CUST-00522,PROD-00080,6,0.15,1066.16,701.28,364.88
ORD-000069,2024-12-06,2024-12-10,CUST-00116,PROD-00195,4,0.3,1802.7,1568.28,234.42
ORD-000070,2024-12-19,2024-12-25,CUST-00372,PROD-00109,1,0.1,17.68,16.21,1.47
ORD-000071,2025-03-11,2025-03-17,CUST-00013,PROD-00209,7,0.05,3032.07,2433.34,598.73
ORD-000072,2025-01-28,2025-01-30,CUST-00117,PROD-00075,7,0.2,3137.34,2588.04,549.3
ORD-000073,2025-10-17,2025-10-21,CUST-00308,PROD-00219,2,0.1,384.46,236.72,147.74
ORD-000074,2024-02-07,2024-02-09,CUST-00506,PROD-00053,5,0.0,1269.55,1057.35,212.2
ORD-000075,2025-10-01,2025-10-05,CUST-00533,PROD-00112,3,0.05,1148.66,781.23,367.43
ORD-000076,2025-10-09,2025-10-15,CUST-00542,PROD-00125,3,0.05,1046.8,618.87,427.93
ORD-000077,2024-08-24,2024-08-27,CUST-00278,PROD-00064,5,0.0,1886.1,1232.65,653.45
ORD-000078,2024-12-13,2024-12-19,CUST-00372,PROD-00124,7,0.0,2360.4,1936.48,423.92
ORD-000079,2024-12-02,2024-12-04,CUST-00032,PROD-00186,6,0.2,2422.66,1912.8,509.86
ORD-000080,2024-06-23,2024-06-29,CUST-00279,PROD-00171,7,0.1,448.69,299.81,148.88
ORD-000081,2024-11-12,2024-11-16,CUST-00110,PROD-00124,3,0.05,961.02,829.92,131.1
ORD-000082,2024-02-04,2024-02-08,CUST-00285,PROD-00119,5,0.15,2790.25,1985.15,805.1
ORD-000083,2024-08-19,2024-08-20,CUST-00471,PROD-00045,7,0.0,755.3,545.65,209.65
ORD-000084,2025-09-18,2025-09-19,CUST-00378,PROD-00190,3,0.15,726.49,727.38,-0.89
ORD-000085,2024-08-24,2024-08-27,CUST-00532,PROD-00070,5,0.0,472.7,268.1,204.6
ORD-000086,2025-09-20,2025-09-24,CUST-00490,PROD-00004,4,0.05,116.47,97.2,19.27
ORD-000087,2025-01-24,2025-01-28,CUST-00024,PROD-00216,7,0.15,2866.47,2707.39,159.08
ORD-000088,2025-11-04,2025-11-05,CUST-00327,PROD-00202,2,0.05,772.52,663.56,108.96
ORD-000089,2025-02-26,2025-03-04,CUST-00434,PROD-00153,5,0.2,2026.12,1883.75,142.37
ORD-000090,2024-01-23,2024-01-24,CUST-00282,PROD-00113,7,0.0,1169.49,940.17,229.32
ORD-000091,2025-05-15,2025-05-20,CUST-00557,PROD-00014,7,0.05,2836.29,1886.15,950.14
ORD-000092,2024-02-04,2024-02-09,CUST-00178,PROD-00127,5,0.05,390.78,337.1,53.68
ORD-000093,2024-12-07,2024-12-13,CUST-00105,PROD-00147,5,0.15,3139.6,1996.75,1142.85
ORD-000094,2025-11-28,2025-12-01,CUST-00518,PROD-00004,3,0.0,91.95,72.9,19.05
ORD-000095,2024-05-06,2024-05-12,CUST-00492,PROD-00183,7,0.2,1869.67,1534.19,335.48
ORD-000096,2024-11-08,2024-11-12,CUST-00058,PROD-00199,1,0.0,578.21,305.76,272.45
ORD-000097,2025-07-06,2025-07-12,CUST-00413,PROD-00178,6,0.1,1539.38,1217.52,321.86
ORD-000098,2025-11-05,2025-11-10,CUST-00156,PROD-00186,6,0.0,3028.32,1912.8,1115.52
ORD-000099,2025-05-11,2025-05-16,CUST-00163,PROD-00127,4,0.0,329.08,269.68,59.4
ORD-000100,2024-08-04,2024-08-10,CUST-00292,PROD-00091,5,0.3,1049.61,860.4,189.21
ORD-000101,2025-05-14,2025-05-18,CUST-00271,PROD-00113,5,0.2,668.28,671.55,-3.27
ORD-000102,2024-09-03,2024-09-09,CUST-00587,PROD-00146,2,0.0,367.68,307.2,60.48
ORD-000103,2025-06-24,2025-06-26,CUST-00016,PROD-00111,1,0.2,87.99,88.63,-0.64
ORD-000104,2025-12-09,2025-12-14,CUST-00283,PROD-00013,4,0.15,1999.85,1279.36,720.49
ORD-000105,2025-06-27,2025-07-02,CUST-00243,PROD-00086,7,0.0,2370.41,1793.47,576.94
ORD-000106,2025-10-24,2025-10-25,CUST-00390,PROD-00220,2,0.0,132.48,110.28,22.2
ORD-000107,2024-01-02,2024-01-08,CUST-00086,PROD-00216,7,0.0,3372.32,2707.39,664.93
ORD-000108,2025-06-23,2025-06-27,CUST-00415,PROD-00087,1,0.0,207.17,128.05,79.12
ORD-000109,2025-09-28,2025-09-30,CUST-00095,PROD-00186,7,0.1,3179.74,2231.6,948.14
ORD-000110,2024-02-01,2024-02-03,CUST-00466,PROD-00032,1,0.0,286.94,235.73,51.21
ORD-000111,2025-10-31,2025-11-06,CUST-00136,PROD-00208,7,0.0,3198.58,2352.84,845.74
ORD-000112,2024-08-03,2024-08-04,CUST-00001,PROD-00190,5,0.15,1210.82,1212.3,-1.48
ORD-000113,2025-05-07,2025-05-13,CUST-00476,PROD-00045,2,0.05,205.01,155.9,49.11
ORD-000114,2025-09-06,2025-09-08,CUST-00184,PROD-00191,3,0.2,1095.46,988.77,106.69
ORD-000115,2025-05-05,2025-05-09,CUST-00103,PROD-00103,2,0.05,506.71,422.44,84.27
ORD-000116,2024-03-11,2024-03-17,CUST-00114,PROD-00123,1,0.05,421.74,375.46,46.28
ORD-000117,2025-03-15,2025-03-20,CUST-00173,PROD-00079,2,0.15,417.67,355.08,62.59
ORD-000118,2025-02-07,2025-02-10,CUST-00562,PROD-00029,7,0.0,2658.39,1852.48,805.91
ORD-000119,2025-11-14,2025-11-19,CUST-00373,PROD-00143,4,0.15,147.39,123.8,23.59
ORD-000120,2024-11-15,2024-11-17,CUST-00314,PROD-00169,6,0.15,1819.42,1139.16,680.26
ORD-000121,2024-09-21,2024-09-24,CUST-00563,PROD-00164,4,0.3,636.83,526.2,110.63
ORD-000122,2025-07-28,2025-07-31,CUST-00509,PROD-00014,1,0.2,341.21,269.45,71.76
ORD-000123,2024-11-19,2024-11-21,CUST-00257,PROD-00185,1,0.05,477.83,386.07,91.76
ORD-000124,2025-04-22,2025-04-23,CUST-00014,PROD-00187,1,0.1,269.75,163.22,106.53
ORD-000125,2025-04-22,2025-04-26,CUST-00418,PROD-00218,7,0.05,4344.38,2697.94,1646.44
ORD-000126,2025-11-08,2025-11-09,CUST-00533,PROD-00025,6,0.0,615.54,398.4,217.14
ORD-000127,2025-03-17,2025-03-18,CUST-00393,PROD-00103,6,0.1,1440.13,1267.32,172.81
ORD-000128,2025-01-02,2025-01-04,CUST-00549,PROD-00016,5,0.15,2895.31,1986.95,908.36
ORD-000129,2024-04-16,2024-04-19,CUST-00532,PROD-00137,7,0.0,715.26,434.21,281.05
ORD-000130,2024-03-29,2024-04-03,CUST-00148,PROD-00215,3,0.3,430.84,520.92,-90.08
ORD-000131,2024-04-28,2024-05-04,CUST-00113,PROD-00199,6,0.1,3122.33,1834.56,1287.77
ORD-000132,2024-05-11,2024-05-12,CUST-00508,PROD-00132,2,0.0,512.0,294.62,217.38
ORD-000133,2025-04-16,2025-04-20,CUST-00098,PROD-00034,4,0.0,404.12,225.2,178.92
ORD-000134,2025-07-18,2025-07-19,CUST-00162,PROD-00112,3,0.0,1209.12,781.23,427.89
ORD-000135,2025-01-23,2025-01-28,CUST-00377,PROD-00055,2,0.1,544.0,433.84,110.16
ORD-000136,2025-09-28,2025-09-30,CUST-00506,PROD-00189,4,0.05,2391.72,1376.04,1015.68
ORD-000137,2025-12-27,2026-01-01,CUST-00180,PROD-00018,5,0.05,2249.41,1348.5,900.91
ORD-000138,2025-09-21,2025-09-24,CUST-00287,PROD-00219,2,0.0,427.18,236.72,190.46
ORD-000139,2025-05-30,2025-06-04,CUST-00162,PROD-00212,7,0.0,4131.96,2522.45,1609.51
ORD-000140,2025-01-25,2025-01-29,CUST-00021,PROD-00019,4,0.0,953.72,529.36,424.36
ORD-000141,2024-12-07,2024-12-10,CUST-00413,PROD-00025,5,0.0,512.95,332.0,180.95
ORD-000142,2024-03-05,2024-03-07,CUST-00257,PROD-00168,1,0.0,109.81,64.83,44.98
ORD-000143,2024-11-13,2024-11-18,CUST-00304,PROD-00160,1,0.05,28.64,22.22,6.42
ORD-000144,2025-11-18,2025-11-19,CUST-00388,PROD-00193,1,0.05,239.52,133.31,106.21
ORD-000145,2025-09-12,2025-09-13,CUST-00310,PROD-00127,7,0.2,460.71,471.94,-11.23
ORD-000146,2024-06-20,2024-06-23,CUST-00365,PROD-00023,6,0.15,2377.77,1833.96,543.81
ORD-000147,2024-12-15,2024-12-18,CUST-00051,PROD-00072,7,0.05,3044.7,2302.58,742.12
ORD-000148,2025-09-18,2025-09-22,CUST-00145,PROD-00018,4,0.2,1515.39,1078.8,436.59
ORD-000149,2024-02-21,2024-02-23,CUST-00363,PROD-00069,7,0.3,3478.71,2778.51,700.2
ORD-000150,2024-11-07,2024-11-12,CUST-00304,PROD-00211,7,0.0,4219.25,2446.57,1772.68
ORD-000151,2025-10-15,2025-10-21,CUST-00176,PROD-00117,2,0.05,387.77,320.7,67.07
ORD-000152,2024-11-15,2024-11-19,CUST-00525,PROD-00137,1,0.1,91.96,62.03,29.93
ORD-000153,2024-02-29,2024-03-04,CUST-00229,PROD-00152,4,0.2,1273.82,951.6,322.22
ORD-000154,2025-02-02,2025-02-07,CUST-00176,PROD-00064,6,0.1,2036.99,1479.18,557.81
ORD-000155,2025-10-23,2025-10-26,CUST-00356,PROD-00014,3,0.0,1279.53,808.35,471.18
ORD-000156,2025-03-10,2025-03-14,CUST-00523,PROD-00106,2,0.0,67.2,43.88,23.32
ORD-000157,2024-07-01,2024-07-07,CUST-00145,PROD-00209,4,0.05,1732.61,1390.48,342.13
ORD-000158,2024-11-06,2024-11-11,CUST-00216,PROD-00093,4,0.1,694.76,410.2,284.56
ORD-000159,2024-12-07,2024-12-13,CUST-00285,PROD-00163,4,0.3,166.82,130.24,36.58
ORD-000160,2025-03-02,2025-03-04,CUST-00255,PROD-00172,4,0.0,564.56,388.56,176.0
ORD-000161,2025-08-05,2025-08-09,CUST-00424,PROD-00213,7,0.15,1670.76,1593.83,76.93
ORD-000162,2024-03-16,2024-03-21,CUST-00112,PROD-00052,6,0.1,1154.25,911.1,243.15
ORD-000163,2025-11-09,2025-11-15,CUST-00165,PROD-00047,2,0.0,989.86,790.42,199.44
ORD-000164,2024-01-10,2024-01-12,CUST-00534,PROD-00167,7,0.05,1241.95,769.86,472.09
ORD-000165,2024-10-29,2024-11-03,CUST-00402,PROD-00074,7,0.1,3722.36,2615.41,1106.95
ORD-000166,2024-01-22,2024-01-24,CUST-00046,PROD-00018,5,0.0,2367.8,1348.5,1019.3
ORD-000167,2024-11-10,2024-11-11,CUST-00416,PROD-00145,6,0.05,523.66,394.8,128.86
ORD-000168,2025-01-20,2025-01-23,CUST-00575,PROD-00040,3,0.2,656.04,448.26,207.78
ORD-000169,2025-01-09,2025-01-14,CUST-00134,PROD-00121,7,0.2,3751.78,2740.71,1011.07
ORD-000170,2024-05-07,2024-05-13,CUST-00378,PROD-00180,7,0.15,2016.28,1865.99,150.29
ORD-000171,2025-04-22,2025-04-23,CUST-00070,PROD-00062,1,0.2,586.13,397.05,189.08
ORD-000172,2024-02-04,2024-02-07,CUST-00450,PROD-00126,5,0.1,2345.26,1526.05,819.21
ORD-000173,2025-08-07,2025-08-12,CUST-00260,PROD-00216,7,0.1,3035.09,2707.39,327.7
ORD-000174,2025-12-06,2025-12-07,CUST-00542,PROD-00090,4,0.05,1136.77,638.92,497.85
ORD-000175,2024-10-06,2024-10-09,CUST-00570,PROD-00172,1,0.0,141.14,97.14,44.0
ORD-000176,2025-01-13,2025-01-17,CUST-00399,PROD-00128,1,0.0,389.09,306.36,82.73
ORD-000177,2024-11-03,2024-11-07,CUST-00186,PROD-00169,4,0.0,1427.0,759.44,667.56
ORD-000178,2024-01-06,2024-01-10,CUST-00558,PROD-00009,7,0.3,680.9,572.81,108.09
ORD-000179,2024-11-06,2024-11-09,CUST-00502,PROD-00106,2,0.1,60.48,43.88,16.6
ORD-000180,2025-08-30,2025-09-03,CUST-00153,PROD-00055,1,0.0,302.22,216.92,85.3
ORD-000181,2025-03-15,2025-03-17,CUST-00131,PROD-00196,4,0.1,1265.36,909.68,355.68
ORD-000182,2024-03-18,2024-03-23,CUST-00459,PROD-00024,3,0.3,480.86,587.52,-106.66
ORD-000183,2025-10-12,2025-10-16,CUST-00295,PROD-00147,3,0.3,1551.33,1198.05,353.28
ORD-000184,2025-01-24,2025-01-29,CUST-00376,PROD-00158,6,0.2,413.81,356.94,56.87
ORD-000185,2025-10-08,2025-10-10,CUST-00075,PROD-00124,5,0.2,1348.8,1383.2,-34.4
ORD-000186,2025-03-03,2025-03-07,CUST-00108,PROD-00187,3,0.0,899.16,489.66,409.5
ORD-000187,2025-02-15,2025-02-16,CUST-00254,PROD-00189,6,0.0,3776.4,2064.06,1712.34
ORD-000188,2024-03-21,2024-03-27,CUST-00388,PROD-00141,2,0.05,693.58,455.56,238.02
ORD-000189,2024-05-08,2024-05-11,CUST-00440,PROD-00175,7,0.0,2831.5,1891.82,939.68
ORD-000190,2025-12-18,2025-12-21,CUST-00217,PROD-00209,7,0.05,3032.07,2433.34,598.73
ORD-000191,2024-07-04,2024-07-06,CUST-00325,PROD-00100,2,0.05,364.82,215.66,149.16
ORD-000192,2025-12-21,2025-12-24,CUST-00366,PROD-00026,6,0.0,2547.24,1477.8,1069.44
ORD-000193,2025-01-24,2025-01-28,CUST-00481,PROD-00125,5,0.15,1561.02,1031.45,529.57
ORD-000194,2024-04-14,2024-04-18,CUST-00103,PROD-00105,3,0.0,1043.19,866.4,176.79
ORD-000195,2024-03-17,2024-03-23,CUST-00470,PROD-00210,5,0.0,144.75,105.05,39.7
ORD-000196,2024-06-12,2024-06-17,CUST-00565,PROD-00162,3,0.15,365.52,339.33,26.19
ORD-000197,2025-11-26,2025-11-29,CUST-00308,PROD-00157,7,0.2,2838.3,2057.79,780.51
ORD-000198,2024-11-20,2024-11-24,CUST-00325,PROD-00165,3,0.0,81.81,49.65,32.16
ORD-000199,2024-11-11,2024-11-15,CUST-00187,PROD-00192,5,0.05,350.46,203.6,146.86
ORD-000200,2024-09-15,2024-09-16,CUST-00240,PROD-00216,1,0.05,457.67,386.77,70.9
ORD-000201,2024-04-22,2024-04-25,CUST-00450,PROD-00095,7,0.05,2207.13,1302.84,904.29
ORD-000202,2024-12-25,2024-12-26,CUST-00395,PROD-00145,4,0.05,349.11,263.2,85.91
ORD-000203,2024-04-09,2024-04-14,CUST-00084,PROD-00157,5,0.0,2534.2,1469.85,1064.35
ORD-000204,2025-10-03,2025-10-08,CUST-00072,PROD-00020,3,0.0,665.61,410.19,255.42
ORD-000205,2024-10-29,2024-11-03,CUST-00573,PROD-00156,7,0.0,352.38,192.78,159.6
ORD-000206,2024-11-01,2024-11-04,CUST-00007,PROD-00188,4,0.0,1150.92,733.84,417.08
ORD-000207,2024-12-19,2024-12-25,CUST-00125,PROD-00015,2,0.0,948.38,799.54,148.84
ORD-000208,2024-12-04,2024-12-08,CUST-00320,PROD-00178,6,0.0,1710.42,1217.52,492.9
ORD-000209,2025-12-29,2025-12-30,CUST-00399,PROD-00090,3,0.0,897.45,479.19,418.26
ORD-000210,2025-02-04,2025-02-07,CUST-00362,PROD-00069,7,0.3,3478.71,2778.51,700.2
ORD-000211,2024-03-08,2024-03-10,CUST-00513,PROD-00150,6,0.2,2378.45,2283.12,95.33
ORD-000212,2025-03-23,2025-03-26,CUST-00048,PROD-00137,1,0.1,91.96,62.03,29.93
ORD-000213,2024-04-26,2024-04-28,CUST-00173,PROD-00130,6,0.0,1736.64,992.34,744.3
ORD-000214,2024-01-24,2024-01-27,CUST-00016,PROD-00127,5,0.3,287.94,337.1,-49.16
ORD-000215,2025-12-17,2025-12-20,CUST-00134,PROD-00003,6,0.1,516.02,471.36,44.66
ORD-000216,2025-08-16,2025-08-22,CUST-00342,PROD-00195,2,0.05,1223.26,784.14,439.12
ORD-000217,2025-12-22,2025-12-25,CUST-00527,PROD-00037,3,0.0,793.59,671.07,122.52
ORD-000218,2024-12-21,2024-12-23,CUST-00012,PROD-00067,6,0.1,998.89,766.62,232.27
ORD-000219,2025-01-25,2025-01-28,CUST-00290,PROD-00032,5,0.05,1362.96,1178.65,184.31
ORD-000220,2024-05-09,2024-05-13,CUST-00206,PROD-00131,6,0.0,3159.84,1794.0,1365.84
ORD-000221,2024-07-24,2024-07-26,CUST-00337,PROD-00003,1,0.0,95.56,78.56,17.0
ORD-000222,2025-10-05,2025-10-11,CUST-00138,PROD-00180,1,0.05,321.93,266.57,55.36
ORD-000223,2024-10-18,2024-10-24,CUST-00444,PROD-00097,4,0.0,1114.6,778.4,336.2
ORD-000224,2025-09-26,2025-09-29,CUST-00538,PROD-00214,5,0.0,982.3,787.95,194.35
ORD-000225,2025-06-13,2025-06-16,CUST-00585,PROD-00115,3,0.0,246.27,208.2,38.07
ORD-000226,2024-05-15,2024-05-21,CUST-00515,PROD-00210,6,0.1,156.33,126.06,30.27
ORD-000227,2025-01-06,2025-01-10,CUST-00435,PROD-00009,3,0.2,333.5,245.49,88.01
ORD-000228,2025-05-16,2025-05-21,CUST-00600,PROD-00062,2,0.05,1392.05,794.1,597.95
ORD-000229,2024-07-11,2024-07-12,CUST-00040,PROD-00182,2,0.1,493.45,449.18,44.27
ORD-000230,2025-09-29,2025-10-02,CUST-00119,PROD-00126,2,0.0,1042.34,610.42,431.92
ORD-000231,2025-02-03,2025-02-08,CUST-00509,PROD-00092,3,0.0,398.85,247.08,151.77
ORD-000232,2024-05-06,2024-05-12,CUST-00458,PROD-00053,6,0.1,1371.11,1268.82,102.29
ORD-000233,2025-03-05,2025-03-08,CUST-00234,PROD-00119,3,0.1,1772.63,1191.09,581.54
ORD-000234,2025-12-31,2026-01-04,CUST-00197,PROD-00025,3,0.2,246.22,199.2,47.02
ORD-000235,2024-04-25,2024-04-27,CUST-00474,PROD-00096,5,0.0,520.3,289.3,231.0
ORD-000236,2025-09-18,2025-09-22,CUST-00257,PROD-00142,2,0.0,569.68,488.08,81.6
ORD-000237,2024-06-11,2024-06-16,CUST-00418,PROD-00036,6,0.0,3240.12,2206.56,1033.56
ORD-000238,2025-08-23,2025-08-29,CUST-00257,PROD-00212,6,0.1,3187.51,2162.1,1025.41
ORD-000239,2025-07-11,2025-07-13,CUST-00263,PROD-00150,1,0.0,495.51,380.52,114.99
ORD-000240,2024-09-05,2024-09-11,CUST-00120,PROD-00072,3,0.05,1304.87,986.82,318.05
ORD-000241,2024-09-25,2024-10-01,CUST-00123,PROD-00118,3,0.05,205.8,166.89,38.91
ORD-000242,2025-08-31,2025-09-03,CUST-00225,PROD-00147,7,0.0,5171.11,2795.45,2375.66
ORD-000243,2024-12-13,2024-12-19,CUST-00363,PROD-00083,5,0.0,2451.55,1518.35,933.2
ORD-000244,2025-07-07,2025-07-08,CUST-00022,PROD-00068,1,0.0,445.41,350.35,95.06
ORD-000245,2024-04-23,2024-04-28,CUST-00038,PROD-00123,6,0.0,2663.64,2252.76,410.88
ORD-000246,2025-10-16,2025-10-20,CUST-00067,PROD-00137,5,0.1,459.81,310.15,149.66
ORD-000247,2025-06-15,2025-06-18,CUST-00594,PROD-00058,5,0.0,2456.55,1916.95,539.6
ORD-000248,2025-11-17,2025-11-18,CUST-00069,PROD-00089,2,0.3,317.48,293.72,23.76
ORD-000249,2024-04-11,2024-04-17,CUST-00160,PROD-00070,1,0.05,89.81,53.62,36.19
ORD-000250,2025-03-12,2025-03-14,CUST-00283,PROD-00008,1,0.0,216.04,128.71,87.33
ORD-000251,2025-03-17,2025-03-23,CUST-00047,PROD-00210,6,0.0,173.7,126.06,47.64
ORD-000252,2024-10-16,2024-10-20,CUST-00370,PROD-00033,7,0.05,1115.4,804.09,311.31
ORD-000253,2024-12-11,2024-12-17,CUST-00061,PROD-00164,5,0.05,1080.34,657.75,422.59
ORD-000254,2024-01-30,2024-02-05,CUST-00133,PROD-00217,6,0.05,3166.98,1990.86,1176.12
ORD-000255,2025-07-24,2025-07-25,CUST-00568,PROD-00063,6,0.1,1786.54,1627.5,159.04
ORD-000256,2025-02-07,2025-02-09,CUST-00474,PROD-00059,5,0.05,517.94,374.15,143.79
ORD-000257,2024-02-14,2024-02-18,CUST-00567,PROD-00055,1,0.0,302.22,216.92,85.3
ORD-000258,2025-05-19,2025-05-24,CUST-00085,PROD-00214,3,0.1,530.44,472.77,57.67
ORD-000259,2024-12-15,2024-12-16,CUST-00049,PROD-00067,3,0.2,443.95,383.31,60.64
ORD-000260,2024-01-27,2024-01-28,CUST-00119,PROD-00180,1,0.05,321.93,266.57,55.36
ORD-000261,2025-12-17,2025-12-22,CUST-00506,PROD-00134,1,0.0,546.94,383.56,163.38
ORD-000262,2025-12-07,2025-12-12,CUST-00516,PROD-00072,5,0.0,2289.25,1644.7,644.55
ORD-000263,2025-01-10,2025-01-15,CUST-00218,PROD-00136,1,0.0,226.51,152.38,74.13
ORD-000264,2024-03-12,2024-03-15,CUST-00081,PROD-00087,5,0.2,828.68,640.25,188.43
ORD-000265,2025-08-02,2025-08-05,CUST-00543,PROD-00007,6,0.1,1190.59,853.92,336.67
ORD-000266,2024-12-27,2024-12-29,CUST-00568,PROD-00073,2,0.05,751.01,560.84,190.17
ORD-000267,2024-09-07,2024-09-08,CUST-00122,PROD-00175,2,0.0,809.0,540.52,268.48
ORD-000268,2024-12-27,2024-12-29,CUST-00038,PROD-00190,7,0.0,1994.3,1697.22,297.08
ORD-000269,2025-01-17,2025-01-21,CUST-00184,PROD-00067,1,0.05,175.73,127.77,47.96
ORD-000270,2025-02-17,2025-02-18,CUST-00497,PROD-00040,1,0.15,232.35,149.42,82.93
ORD-000271,2024-12-03,2024-12-04,CUST-00473,PROD-00115,4,0.0,328.36,277.6,50.76
ORD-000272,2025-03-22,2025-03-28,CUST-00349,PROD-00139,4,0.1,836.06,639.88,196.18
ORD-000273,2025-11-23,2025-11-27,CUST-00294,PROD-00189,1,0.15,534.99,344.01,190.98
ORD-000274,2024-10-23,2024-10-24,CUST-00074,PROD-00007,4,0.0,881.92,569.28,312.64
ORD-000275,2025-07-02,2025-07-03,CUST-00516,PROD-00157,7,0.05,3370.49,2057.79,1312.7
ORD-000276,2025-11-11,2025-11-12,CUST-00511,PROD-00167,1,0.0,186.76,109.98,76.78
ORD-000277,2024-12-10,2024-12-15,CUST-00195,PROD-00065,1,0.15,25.96,22.17,3.79
ORD-000278,2024-12-04,2024-12-10,CUST-00224,PROD-00033,6,0.0,1006.38,689.22,317.16
ORD-000279,2025-03-19,2025-03-23,CUST-00516,PROD-00215,7,0.15,1220.7,1215.48,5.22
ORD-000280,2025-03-11,2025-03-15,CUST-00209,PROD-00207,2,0.05,666.88,550.42,116.46
ORD-000281,2025-09-11,2025-09-13,CUST-00093,PROD-00204,1,0.0,425.33,263.25,162.08
ORD-000282,2024-12-20,2024-12-26,CUST-00303,PROD-00066,1,0.0,221.78,157.32,64.46
ORD-000283,2025-12-30,2026-01-03,CUST-00538,PROD-00218,1,0.2,522.63,385.42,137.21
ORD-000284,2024-02-15,2024-02-16,CUST-00107,PROD-00134,6,0.1,2953.48,2301.36,652.12
ORD-000285,2024-01-03,2024-01-05,CUST-00587,PROD-00120,7,0.1,1072.95,765.17,307.78
ORD-000286,2025-04-18,2025-04-22,CUST-00143,PROD-00163,4,0.1,214.49,130.24,84.25
ORD-000287,2024-09-04,2024-09-10,CUST-00167,PROD-00004,2,0.15,52.1,48.6,3.5
ORD-000288,2024-07-17,2024-07-19,CUST-00099,PROD-00202,2,0.1,731.86,663.56,68.3
ORD-000289,2024-09-14,2024-09-17,CUST-00490,PROD-00067,2,0.1,332.96,255.54,77.42
ORD-000290,2024-08-02,2024-08-08,CUST-00332,PROD-00088,5,0.2,430.08,296.2,133.88
ORD-000291,2024-01-24,2024-01-28,CUST-00527,PROD-00175,3,0.05,1152.82,810.78,342.04
ORD-000292,2025-12-18,2025-12-23,CUST-00084,PROD-00192,1,0.05,70.09,40.72,29.37
ORD-000293,2024-06-25,2024-07-01,CUST-00309,PROD-00122,6,0.1,218.48,174.66,43.82
ORD-000294,2025-07-11,2025-07-16,CUST-00542,PROD-00126,5,0.05,2475.56,1526.05,949.51
ORD-000295,2025-08-08,2025-08-10,CUST-00579,PROD-00023,5,0.05,2214.59,1528.3,686.29
ORD-000296,2025-11-28,2025-12-04,CUST-00537,PROD-00008,7,0.2,1209.82,900.97,308.85
ORD-000297,2024-01-24,2024-01-27,CUST-00224,PROD-00072,4,0.0,1831.4,1315.76,515.64
ORD-000298,2025-10-31,2025-11-01,CUST-00343,PROD-00082,6,0.0,1779.78,1375.56,404.22
ORD-000299,2025-01-21,2025-01-22,CUST-00052,PROD-00175,2,0.0,809.0,540.52,268.48
ORD-000300,2025-04-12,2025-04-14,CUST-00391,PROD-00115,4,0.15,279.11,277.6,1.51
ORD-000301,2025-04-21,2025-04-26,CUST-00423,PROD-00019,7,0.3,1168.31,926.38,241.93
ORD-000302,2025-09-21,2025-09-23,CUST-00211,PROD-00193,1,0.15,214.31,133.31,81.0
ORD-000303,2024-10-01,2024-10-02,CUST-00504,PROD-00161,3,0.15,502.5,343.8,158.7
ORD-000304,2025-07-10,2025-07-11,CUST-00524,PROD-00201,2,0.1,980.8,705.78,275.02
ORD-000305,2025-01-22,2025-01-26,CUST-00147,PROD-00182,1,0.0,274.14,224.59,49.55
ORD-000306,2025-09-01,2025-09-02,CUST-00002,PROD-00211,6,0.15,3074.02,2097.06,976.96
ORD-000307,2025-12-27,2025-12-28,CUST-00512,PROD-00136,2,0.15,385.07,304.76,80.31
ORD-000308,2024-06-03,2024-06-07,CUST-00404,PROD-00148,7,0.0,2748.13,1805.44,942.69
ORD-000309,2025-12-29,2026-01-03,CUST-00015,PROD-00216,1,0.05,457.67,386.77,70.9
ORD-000310,2024-03-09,2024-03-12,CUST-00319,PROD-00219,5,0.15,907.76,591.8,315.96
ORD-000311,2024-01-02,2024-01-03,CUST-00341,PROD-00196,1,0.0,351.49,227.42,124.07
ORD-000312,2024-02-03,2024-02-04,CUST-00474,PROD-00190,4,0.1,1025.64,969.84,55.8
ORD-000313,2024-10-07,2024-10-11,CUST-00495,PROD-00039,2,0.1,229.52,194.82,34.7
ORD-000314,2025-04-12,2025-04-13,CUST-00399,PROD-00006,2,0.05,986.52,696.44,290.08
ORD-000315,2024-02-22,2024-02-23,CUST-00129,PROD-00065,4,0.2,97.73,88.68,9.05
ORD-000316,2024-01-05,2024-01-07,CUST-00218,PROD-00051,3,0.0,227.1,124.74,102.36
ORD-000317,2025-12-01,2025-12-05,CUST-00460,PROD-00169,7,0.05,2372.39,1329.02,1043.37
ORD-000318,2025-09-22,2025-09-28,CUST-00239,PROD-00104,1,0.0,215.54,181.76,33.78
ORD-000319,2025-09-13,2025-09-14,CUST-00048,PROD-00061,1,0.05,186.05,157.95,28.1
ORD-000320,2025-11-06,2025-11-09,CUST-00315,PROD-00036,7,0.0,3780.14,2574.32,1205.82
ORD-000321,2025-06-03,2025-06-08,CUST-00554,PROD-00069,3,0.3,1490.87,1190.79,300.08
ORD-000322,2024-03-21,2024-03-25,CUST-00180,PROD-00012,3,0.2,1320.22,1045.83,274.39
ORD-000323,2024-11-13,2024-11-16,CUST-00126,PROD-00063,4,0.0,1323.36,1085.0,238.36
ORD-000324,2025-06-29,2025-07-04,CUST-00299,PROD-00034,1,0.15,85.88,56.3,29.58
ORD-000325,2024-08-21,2024-08-26,CUST-00057,PROD-00093,5,0.2,771.96,512.75,259.21
ORD-000326,2025-05-24,2025-05-28,CUST-00315,PROD-00038,1,0.05,13.94,9.01,4.93
ORD-000327,2024-01-19,2024-01-21,CUST-00481,PROD-00215,2,0.15,348.77,347.28,1.49
ORD-000328,2024-09-10,2024-09-14,CUST-00533,PROD-00148,5,0.1,1766.66,1289.6,477.06
ORD-000329,2025-02-07,2025-02-11,CUST-00242,PROD-00190,6,0.0,1709.4,1454.76,254.64
ORD-000330,2025-04-11,2025-04-12,CUST-00378,PROD-00132,7,0.0,1792.0,1031.17,760.83
ORD-000331,2025-02-28,2025-03-02,CUST-00220,PROD-00001,7,0.3,198.2,149.8,48.4
ORD-000332,2025-06-01,2025-06-07,CUST-00532,PROD-00194,4,0.15,1491.68,1079.28,412.4
ORD-000333,2024-01-05,2024-01-11,CUST-00189,PROD-00178,3,0.0,855.21,608.76,246.45
ORD-000334,2024-03-18,2024-03-23,CUST-00143,PROD-00062,2,0.2,1172.26,794.1,378.16
ORD-000335,2025-10-29,2025-11-04,CUST-00123,PROD-00184,7,0.15,1594.54,1295.49,299.05
ORD-000336,2025-05-20,2025-05-23,CUST-00455,PROD-00198,2,0.0,1215.28,688.82,526.46
ORD-000337,2024-03-27,2024-03-30,CUST-00332,PROD-00212,7,0.1,3718.76,2522.45,1196.31
ORD-000338,2025-10-08,2025-10-11,CUST-00061,PROD-00029,7,0.0,2658.39,1852.48,805.91
ORD-000339,2024-07-19,2024-07-25,CUST-00246,PROD-00132,1,0.0,256.0,147.31,108.69
ORD-000340,2024-12-21,2024-12-27,CUST-00456,PROD-00143,7,0.15,257.93,216.65,41.28
ORD-000341,2024-04-21,2024-04-24,CUST-00402,PROD-00080,2,0.0,418.1,233.76,184.34
ORD-000342,2025-06-14,2025-06-16,CUST-00376,PROD-00158,7,0.05,573.3,416.43,156.87
ORD-000343,2025-05-08,2025-05-12,CUST-00441,PROD-00197,2,0.15,219.98,180.44,39.54
ORD-000344,2024-06-15,2024-06-19,CUST-00190,PROD-00034,2,0.0,202.06,112.6,89.46
ORD-000345,2025-10-24,2025-10-28,CUST-00409,PROD-00084,1,0.05,85.81,74.9,10.91
ORD-000346,2024-11-14,2024-11-19,CUST-00427,PROD-00190,7,0.0,1994.3,1697.22,297.08
ORD-000347,2024-08-30,2024-09-02,CUST-00258,PROD-00182,7,0.0,1918.98,1572.13,346.85
ORD-000348,2024-04-26,2024-04-27,CUST-00435,PROD-00170,3,0.3,195.34,239.22,-43.88
ORD-000349,2024-08-10,2024-08-15,CUST-00181,PROD-00191,7,0.3,2236.56,2307.13,-70.57
ORD-000350,2024-01-17,2024-01-21,CUST-00336,PROD-00050,5,0.05,1218.04,700.95,517.09
ORD-000351,2025-03-05,2025-03-10,CUST-00317,PROD-00111,6,0.1,593.95,531.78,62.17
ORD-000352,2025-10-08,2025-10-09,CUST-00119,PROD-00094,5,0.1,158.85,123.55,35.3
ORD-000353,2025-02-07,2025-02-13,CUST-00453,PROD-00041,5,0.0,875.05,504.25,370.8
ORD-000354,2024-06-24,2024-06-29,CUST-00085,PROD-00173,5,0.05,1271.95,1105.35,166.6
ORD-000355,2024-01-26,2024-01-29,CUST-00335,PROD-00212,4,0.2,1888.9,1441.4,447.5
ORD-000356,2024-06-19,2024-06-24,CUST-00133,PROD-00124,6,0.0,2023.2,1659.84,363.36
ORD-000357,2024-11-21,2024-11-25,CUST-00269,PROD-00093,5,0.1,868.46,512.75,355.71
ORD-000358,2025-08-06,2025-08-08,CUST-00405,PROD-00115,7,0.1,517.17,485.8,31.37
ORD-000359,2024-05-24,2024-05-29,CUST-00566,PROD-00170,3,0.1,251.15,239.22,11.93
ORD-000360,2025-06-25,2025-07-01,CUST-00523,PROD-00027,6,0.15,2267.0,1730.82,536.18
ORD-000361,2025-10-27,2025-10-30,CUST-00445,PROD-00087,5,0.1,932.26,640.25,292.01
ORD-000362,2024-12-09,2024-12-14,CUST-00398,PROD-00052,6,0.1,1154.25,911.1,243.15
ORD-000363,2025-09-22,2025-09-23,CUST-00369,PROD-00143,6,0.0,260.1,185.7,74.4
ORD-000364,2025-02-11,2025-02-16,CUST-00443,PROD-00008,3,0.05,615.71,386.13,229.58
ORD-000365,2025-04-15,2025-04-18,CUST-00041,PROD-00075,5,0.0,2801.2,1848.6,952.6
ORD-000366,2025-01-20,2025-01-24,CUST-00565,PROD-00179,5,0.0,1180.3,687.2,493.1
ORD-000367,2024-12-14,2024-12-19,CUST-00180,PROD-00182,3,0.0,822.42,673.77,148.65
ORD-000368,2024-07-11,2024-07-14,CUST-00526,PROD-00120,3,0.2,408.74,327.93,80.81
ORD-000369,2024-09-08,2024-09-10,CUST-00584,PROD-00179,2,0.05,448.51,274.88,173.63
ORD-000370,2024-08-28,2024-09-01,CUST-00082,PROD-00057,7,0.1,1614.0,1280.79,333.21
ORD-000371,2025-02-18,2025-02-22,CUST-00033,PROD-00115,3,0.05,233.96,208.2,25.76
ORD-000372,2024-04-02,2024-04-03,CUST-00042,PROD-00009,3,0.1,375.19,245.49,129.7
ORD-000373,2025-11-22,2025-11-25,CUST-00142,PROD-00022,4,0.0,846.2,728.84,117.36
ORD-000374,2025-06-26,2025-06-28,CUST-00216,PROD-00094,6,0.0,211.8,148.26,63.54
ORD-000375,2024-11-14,2024-11-19,CUST-00413,PROD-00168,6,0.15,560.03,388.98,171.05
ORD-000376,2024-05-01,2024-05-03,CUST-00408,PROD-00201,4,0.1,1961.6,1411.56,550.04
ORD-000377,2025-11-05,2025-11-09,CUST-00265,PROD-00148,3,0.05,1118.88,773.76,345.12
ORD-000378,2025-09-24,2025-09-25,CUST-00246,PROD-00073,6,0.2,1897.3,1682.52,214.78
ORD-000379,2025-06-27,2025-07-02,CUST-00230,PROD-00211,2,0.0,1205.5,699.02,506.48
ORD-000380,2024-08-14,2024-08-16,CUST-00084,PROD-00043,4,0.0,1504.0,1010.2,493.8
ORD-000381,2024-11-14,2024-11-19,CUST-00223,PROD-00025,5,0.0,512.95,332.0,180.95
ORD-000382,2024-03-19,2024-03-23,CUST-00169,PROD-00073,2,0.3,553.38,560.84,-7.46
ORD-000383,2024-05-25,2024-05-27,CUST-00526,PROD-00113,5,0.05,793.58,671.55,122.03
ORD-000384,2025-08-24,2025-08-25,CUST-00466,PROD-00173,2,0.05,508.78,442.14,66.64
ORD-000385,2025-06-20,2025-06-24,CUST-00161,PROD-00052,7,0.15,1271.81,1062.95,208.86
ORD-000386,2025-03-13,2025-03-16,CUST-00089,PROD-00010,7,0.15,2658.64,2438.17,220.47
ORD-000387,2025-11-11,2025-11-16,CUST-00451,PROD-00167,5,0.1,840.42,549.9,290.52
ORD-000388,2025-03-05,2025-03-06,CUST-00150,PROD-00212,6,0.15,3010.43,2162.1,848.33
ORD-000389,2024-12-15,2024-12-17,CUST-00029,PROD-00106,1,0.0,33.6,21.94,11.66
ORD-000390,2024-10-06,2024-10-12,CUST-00128,PROD-00038,1,0.0,14.67,9.01,5.66
ORD-000391,2025-12-03,2025-12-08,CUST-00524,PROD-00035,6,0.0,2110.56,1715.7,394.86
ORD-000392,2024-03-04,2024-03-09,CUST-00245,PROD-00110,5,0.0,2078.6,1573.65,504.95
ORD-000393,2025-11-28,2025-12-01,CUST-00239,PROD-00209,4,0.15,1550.23,1390.48,159.75
ORD-000394,2025-09-26,2025-09-30,CUST-00534,PROD-00155,6,0.0,1702.26,1125.66,576.6
ORD-000395,2024-04-09,2024-04-15,CUST-00249,PROD-00009,2,0.0,277.92,163.66,114.26
ORD-000396,2025-02-19,2025-02-20,CUST-00584,PROD-00058,4,0.0,1965.24,1533.56,431.68
ORD-000397,2025-10-27,2025-10-29,CUST-00528,PROD-00075,2,0.15,952.41,739.44,212.97
ORD-000398,2025-02-24,2025-02-26,CUST-00254,PROD-00018,3,0.2,1136.54,809.1,327.44
ORD-000399,2025-11-17,2025-11-23,CUST-00515,PROD-00219,3,0.1,576.69,355.08,221.61
ORD-000400,2025-12-04,2025-12-09,CUST-00303,PROD-00142,7,0.1,1794.49,1708.28,86.21
ORD-000401,2024-11-24,2024-11-25,CUST-00362,PROD-00081,3,0.0,1232.55,752.64,479.91
ORD-000402,2024-11-02,2024-11-07,CUST-00492,PROD-00143,2,0.15,73.7,61.9,11.8
ORD-000403,2025-12-01,2025-12-02,CUST-00553,PROD-00069,4,0.0,2839.76,1587.72,1252.04
ORD-000404,2025-05-14,2025-05-16,CUST-00441,PROD-00031,3,0.1,446.04,359.01,87.03
ORD-000405,2024-03-30,2024-04-01,CUST-00322,PROD-00088,3,0.05,306.43,177.72,128.71
ORD-000406,2024-02-02,2024-02-04,CUST-00105,PROD-00019,2,0.05,453.02,264.68,188.34
ORD-000407,2025-02-19,2025-02-22,CUST-00527,PROD-00085,3,0.0,238.41,142.83,95.58
ORD-000408,2025-11-28,2025-11-30,CUST-00263,PROD-00006,6,0.05,2959.55,2089.32,870.23
ORD-000409,2025-10-10,2025-10-14,CUST-00554,PROD-00094,6,0.0,211.8,148.26,63.54
ORD-000410,2025-05-15,2025-05-19,CUST-00335,PROD-00095,1,0.0,331.9,186.12,145.78
ORD-000411,2024-04-16,2024-04-20,CUST-00325,PROD-00133,4,0.15,1225.26,1225.24,0.02
ORD-000412,2024-08-01,2024-08-06,CUST-00285,PROD-00136,2,0.0,453.02,304.76,148.26
ORD-000413,2025-11-02,2025-11-06,CUST-00165,PROD-00069,5,0.05,3372.22,1984.65,1387.57
ORD-000414,2024-05-20,2024-05-21,CUST-00344,PROD-00083,4,0.0,1961.24,1214.68,746.56
ORD-000415,2024-08-20,2024-08-23,CUST-00127,PROD-00171,7,0.1,448.69,299.81,148.88
ORD-000416,2024-04-09,2024-04-14,CUST-00285,PROD-00022,6,0.0,1269.3,1093.26,176.04
ORD-000417,2025-05-15,2025-05-21,CUST-00498,PROD-00178,6,0.1,1539.38,1217.52,321.86
ORD-000418,2025-12-05,2025-12-09,CUST-00376,PROD-00218,6,0.2,3135.79,2312.52,823.27
ORD-000419,2024-08-12,2024-08-18,CUST-00021,PROD-00001,7,0.1,254.84,149.8,105.04
ORD-000420,2024-12-19,2024-12-24,CUST-00595,PROD-00050,4,0.05,974.43,560.76,413.67
ORD-000421,2025-04-13,2025-04-14,CUST-00049,PROD-00006,5,0.1,2336.49,1741.1,595.39
ORD-000422,2025-12-31,2026-01-03,CUST-00397,PROD-00171,3,0.1,192.29,128.49,63.8
ORD-000423,2024-03-21,2024-03-23,CUST-00097,PROD-00017,5,0.1,2421.41,1487.35,934.06
ORD-000424,2024-12-31,2025-01-06,CUST-00215,PROD-00216,5,0.0,2408.8,1933.85,474.95
ORD-000425,2024-11-06,2024-11-08,CUST-00283,PROD-00102,5,0.0,1217.6,922.25,295.35
ORD-000426,2025-10-26,2025-10-29,CUST-00543,PROD-00164,1,0.05,216.07,131.55,84.52
ORD-000427,2024-12-20,2024-12-24,CUST-00292,PROD-00119,5,0.3,2297.85,1985.15,312.7
ORD-000428,2024-03-26,2024-03-27,CUST-00049,PROD-00006,3,0.05,1479.78,1044.66,435.12
ORD-000429,2025-04-13,2025-04-17,CUST-00110,PROD-00212,4,0.2,1888.9,1441.4,447.5
ORD-000430,2025-08-14,2025-08-16,CUST-00306,PROD-00052,6,0.1,1154.25,911.1,243.15
ORD-000431,2024-01-03,2024-01-08,CUST-00151,PROD-00172,5,0.0,705.7,485.7,220.0
ORD-000432,2025-10-21,2025-10-27,CUST-00556,PROD-00180,3,0.0,1016.61,799.71,216.9
ORD-000433,2024-05-22,2024-05-24,CUST-00155,PROD-00179,5,0.0,1180.3,687.2,493.1
ORD-000434,2025-02-09,2025-02-12,CUST-00049,PROD-00015,3,0.05,1351.44,1199.31,152.13
ORD-000435,2024-11-21,2024-11-26,CUST-00048,PROD-00072,1,0.3,320.5,328.94,-8.44
ORD-000436,2025-06-25,2025-06-26,CUST-00159,PROD-00018,4,0.05,1799.53,1078.8,720.73
ORD-000437,2024-10-30,2024-11-02,CUST-00251,PROD-00007,4,0.0,881.92,569.28,312.64
ORD-000438,2025-10-29,2025-11-01,CUST-00575,PROD-00134,7,0.1,3445.72,2684.92,760.8
ORD-000439,2025-07-07,2025-07-13,CUST-00478,PROD-00091,1,0.0,299.89,172.08,127.81
ORD-000440,2025-04-23,2025-04-26,CUST-00573,PROD-00120,5,0.05,808.97,546.55,262.42
ORD-000441,2025-09-03,2025-09-08,CUST-00475,PROD-00040,4,0.05,1038.73,597.68,441.05
ORD-000442,2025-08-01,2025-08-07,CUST-00533,PROD-00131,7,0.1,3317.83,2093.0,1224.83
ORD-000443,2024-01-28,2024-01-30,CUST-00027,PROD-00073,1,0.05,375.51,280.42,95.09
ORD-000444,2024-11-11,2024-11-12,CUST-00476,PROD-00044,3,0.05,1520.39,890.55,629.84
ORD-000445,2025-11-28,2025-11-30,CUST-00212,PROD-00076,1,0.05,234.65,132.47,102.18
ORD-000446,2024-04-06,2024-04-10,CUST-00516,PROD-00072,2,0.15,778.34,657.88,120.46
ORD-000447,2025-07-14,2025-07-15,CUST-00386,PROD-00017,2,0.0,1076.18,594.94,481.24
ORD-000448,2025-12-19,2025-12-22,CUST-00287,PROD-00194,6,0.15,2237.52,1618.92,618.6
ORD-000449,2024-02-10,2024-02-14,CUST-00458,PROD-00055,4,0.3,846.22,867.68,-21.46
ORD-000450,2025-05-20,2025-05-24,CUST-00498,PROD-00178,1,0.2,228.06,202.92,25.14
ORD-000451,2024-12-16,2024-12-22,CUST-00394,PROD-00021,5,0.0,1226.6,785.6,441.0
ORD-000452,2025-03-02,2025-03-07,CUST-00202,PROD-00120,1,0.15,144.76,109.31,35.45
ORD-000453,2024-03-06,2024-03-12,CUST-00537,PROD-00056,2,0.15,1113.11,795.4,317.71
ORD-000454,2024-02-03,2024-02-05,CUST-00180,PROD-00089,4,0.0,907.08,587.44,319.64
ORD-000455,2025-05-08,2025-05-12,CUST-00201,PROD-00062,2,0.05,1392.05,794.1,597.95
ORD-000456,2025-09-23,2025-09-28,CUST-00550,PROD-00134,7,0.1,3445.72,2684.92,760.8
ORD-000457,2025-08-23,2025-08-29,CUST-00502,PROD-00133,6,0.2,1729.78,1837.86,-108.08
ORD-000458,2025-02-03,2025-02-07,CUST-00023,PROD-00044,4,0.05,2027.19,1187.4,839.79
ORD-000459,2024-03-17,2024-03-18,CUST-00047,PROD-00091,4,0.15,1019.63,688.32,331.31
ORD-000460,2025-05-24,2025-05-26,CUST-00174,PROD-00064,7,0.05,2508.51,1725.71,782.8
ORD-000461,2024-07-19,2024-07-23,CUST-00342,PROD-00056,3,0.1,1767.88,1193.1,574.78
ORD-000462,2025-11-19,2025-11-20,CUST-00426,PROD-00200,5,0.2,1066.76,940.15,126.61
ORD-000463,2025-10-05,2025-10-09,CUST-00559,PROD-00204,1,0.1,382.8,263.25,119.55
ORD-000464,2025-06-14,2025-06-18,CUST-00015,PROD-00105,3,0.05,991.03,866.4,124.63
ORD-000465,2025-12-07,2025-12-13,CUST-00589,PROD-00136,3,0.1,611.58,457.14,154.44
ORD-000466,2024-01-25,2024-01-28,CUST-00230,PROD-00021,4,0.0,981.28,628.48,352.8
ORD-000467,2025-07-13,2025-07-15,CUST-00135,PROD-00090,7,0.3,1465.83,1118.11,347.72
ORD-000468,2024-09-28,2024-10-03,CUST-00407,PROD-00052,6,0.3,897.75,911.1,-13.35
ORD-000469,2025-11-16,2025-11-22,CUST-00528,PROD-00096,5,0.0,520.3,289.3,231.0
ORD-000470,2024-08-10,2024-08-13,CUST-00002,PROD-00119,7,0.05,4365.92,2779.21,1586.71
ORD-000471,2025-07-01,2025-07-07,CUST-00487,PROD-00111,1,0.05,104.49,88.63,15.86
ORD-000472,2025-11-03,2025-11-09,CUST-00477,PROD-00142,4,0.1,1025.42,976.16,49.26
ORD-000473,2024-02-01,2024-02-04,CUST-00502,PROD-00065,5,0.0,152.7,110.85,41.85
ORD-000474,2024-11-12,2024-11-16,CUST-00113,PROD-00030,7,0.0,1251.67,1020.88,230.79
ORD-000475,2025-08-08,2025-08-09,CUST-00215,PROD-00054,3,0.2,841.08,776.85,64.23
ORD-000476,2024-12-10,2024-12-11,CUST-00271,PROD-00166,7,0.2,2863.11,2476.6,386.51
ORD-000477,2024-08-11,2024-08-13,CUST-00313,PROD-00079,4,0.0,982.76,710.16,272.6
ORD-000478,2024-06-24,2024-06-27,CUST-00014,PROD-00091,6,0.0,1799.34,1032.48,766.86
ORD-000479,2024-04-10,2024-04-12,CUST-00033,PROD-00180,1,0.2,271.1,266.57,4.53
ORD-000480,2025-10-19,2025-10-20,CUST-00260,PROD-00164,5,0.05,1080.34,657.75,422.59
ORD-000481,2025-02-27,2025-03-03,CUST-00359,PROD-00208,2,0.15,776.8,672.24,104.56
ORD-000482,2024-02-28,2024-03-05,CUST-00202,PROD-00120,2,0.0,340.62,218.62,122.0
ORD-000483,2024-11-05,2024-11-06,CUST-00112,PROD-00195,3,0.1,1738.31,1176.21,562.1
ORD-000484,2024-10-27,2024-11-02,CUST-00143,PROD-00032,5,0.15,1219.5,1178.65,40.85
ORD-000485,2024-05-19,2024-05-22,CUST-00269,PROD-00021,1,0.1,220.79,157.12,63.67
ORD-000486,2024-11-30,2024-12-06,CUST-00086,PROD-00063,4,0.3,926.35,1085.0,-158.65
ORD-000487,2024-09-30,2024-10-06,CUST-00031,PROD-00074,2,0.3,827.19,747.26,79.93
ORD-000488,2024-10-07,2024-10-11,CUST-00276,PROD-00210,3,0.0,86.85,63.03,23.82
ORD-000489,2025-07-16,2025-07-17,CUST-00082,PROD-00064,2,0.0,754.44,493.06,261.38
ORD-000490,2024-06-28,2024-07-04,CUST-00567,PROD-00074,5,0.05,2806.54,1868.15,938.39
ORD-000491,2025-04-19,2025-04-22,CUST-00231,PROD-00137,7,0.0,715.26,434.21,281.05
ORD-000492,2025-02-23,2025-02-24,CUST-00485,PROD-00052,2,0.1,384.75,303.7,81.05
ORD-000493,2025-02-21,2025-02-27,CUST-00260,PROD-00087,3,0.1,559.36,384.15,175.21
ORD-000494,2025-05-05,2025-05-06,CUST-00392,PROD-00133,4,0.1,1297.33,1225.24,72.09
ORD-000495,2025-02-06,2025-02-11,CUST-00466,PROD-00166,2,0.1,920.29,707.6,212.69
ORD-000496,2025-11-04,2025-11-07,CUST-00026,PROD-00061,7,0.1,1233.79,1105.65,128.14
ORD-000497,2025-05-15,2025-05-19,CUST-00406,PROD-00026,3,0.1,1146.26,738.9,407.36
ORD-000498,2025-02-05,2025-02-11,CUST-00551,PROD-00123,4,0.1,1598.18,1501.84,96.34
ORD-000499,2025-09-28,2025-09-29,CUST-00191,PROD-00205,4,0.1,2079.65,1296.12,783.53
ORD-000500,2025-03-22,2025-03-28,CUST-00474,PROD-00149,2,0.15,510.39,337.36,173.03
ORD-000501,2024-08-29,2024-09-03,CUST-00171,PROD-00159,4,0.05,1748.95,1531.96,216.99
ORD-000502,2024-06-10,2024-06-14,CUST-00505,PROD-00088,2,0.05,204.29,118.48,85.81
ORD-000503,2024-04-26,2024-04-28,CUST-00509,PROD-00031,7,0.15,982.94,837.69,145.25
ORD-000504,2025-11-13,2025-11-15,CUST-00195,PROD-00094,4,0.05,134.14,98.84,35.3
ORD-000505,2025-06-14,2025-06-20,CUST-00147,PROD-00090,4,0.2,957.28,638.92,318.36
ORD-000506,2025-12-01,2025-12-03,CUST-00176,PROD-00125,3,0.05,1046.8,618.87,427.93
ORD-000507,2025-03-20,2025-03-25,CUST-00407,PROD-00220,6,0.05,377.57,330.84,46.73
ORD-000508,2024-12-18,2024-12-19,CUST-00355,PROD-00173,5,0.3,937.23,1105.35,-168.12
ORD-000509,2024-02-15,2024-02-19,CUST-00168,PROD-00112,5,0.05,1914.44,1302.05,612.39
ORD-000510,2025-05-12,2025-05-13,CUST-00370,PROD-00194,4,0.0,1754.92,1079.28,675.64
ORD-000511,2025-03-04,2025-03-10,CUST-00544,PROD-00061,2,0.15,332.93,315.9,17.03
ORD-000512,2025-12-27,2025-12-28,CUST-00035,PROD-00051,7,0.2,423.92,291.06,132.86
ORD-000513,2024-07-16,2024-07-17,CUST-00526,PROD-00093,2,0.0,385.98,205.1,180.88
ORD-000514,2025-01-24,2025-01-30,CUST-00432,PROD-00138,5,0.1,67.28,46.3,20.98
ORD-000515,2025-04-26,2025-04-27,CUST-00355,PROD-00066,7,0.1,1397.21,1101.24,295.97
ORD-000516,2025-04-21,2025-04-25,CUST-00231,PROD-00052,2,0.15,363.38,303.7,59.68
ORD-000517,2025-02-16,2025-02-18,CUST-00021,PROD-00064,2,0.1,679.0,493.06,185.94
ORD-000518,2025-08-19,2025-08-23,CUST-00130,PROD-00069,7,0.1,4472.62,2778.51,1694.11
ORD-000519,2024-06-08,2024-06-11,CUST-00454,PROD-00215,5,0.15,871.93,868.2,3.73
ORD-000520,2025-07-01,2025-07-07,CUST-00103,PROD-00141,1,0.0,365.04,227.78,137.26
ORD-000521,2025-04-02,2025-04-04,CUST-00079,PROD-00180,6,0.05,1931.56,1599.42,332.14
ORD-000522,2025-11-12,2025-11-15,CUST-00599,PROD-00048,1,0.2,215.58,181.55,34.03
ORD-000523,2025-10-12,2025-10-14,CUST-00172,PROD-00101,1,0.05,528.02,314.22,213.8
ORD-000524,2024-09-17,2024-09-23,CUST-00498,PROD-00219,2,0.05,405.82,236.72,169.1
ORD-000525,2024-08-18,2024-08-24,CUST-00052,PROD-00015,4,0.1,1707.08,1599.08,108.0
ORD-000526,2025-12-23,2025-12-28,CUST-00007,PROD-00051,2,0.05,143.83,83.16,60.67
ORD-000527,2025-01-21,2025-01-25,CUST-00367,PROD-00154,2,0.0,466.1,311.5,154.6
ORD-000528,2025-11-17,2025-11-20,CUST-00106,PROD-00013,2,0.05,1117.56,639.68,477.88
ORD-000529,2024-05-05,2024-05-11,CUST-00115,PROD-00152,1,0.0,398.07,237.9,160.17
ORD-000530,2025-04-20,2025-04-25,CUST-00133,PROD-00163,3,0.1,160.87,97.68,63.19
ORD-000531,2025-09-13,2025-09-14,CUST-00044,PROD-00206,6,0.05,543.15,345.0,198.15
ORD-000532,2025-12-06,2025-12-12,CUST-00154,PROD-00125,5,0.15,1561.02,1031.45,529.57
ORD-000533,2024-10-04,2024-10-10,CUST-00177,PROD-00003,4,0.3,267.57,314.24,-46.67
ORD-000534,2025-07-01,2025-07-05,CUST-00203,PROD-00073,6,0.0,2371.62,1682.52,689.1
ORD-000535,2025-01-30,2025-02-03,CUST-00125,PROD-00070,1,0.15,80.36,53.62,26.74
ORD-000536,2024-02-16,2024-02-17,CUST-00527,PROD-00209,3,0.1,1231.06,1042.86,188.2
ORD-000537,2025-05-26,2025-05-27,CUST-00381,PROD-00113,4,0.1,601.45,537.24,64.21
ORD-000538,2025-05-26,2025-06-01,CUST-00218,PROD-00103,3,0.1,720.06,633.66,86.4
ORD-000539,2025-11-28,2025-11-30,CUST-00363,PROD-00055,6,0.15,1541.32,1301.52,239.8
ORD-000540,2024-12-30,2025-01-03,CUST-00539,PROD-00089,1,0.0,226.77,146.86,79.91
ORD-000541,2024-07-06,2024-07-10,CUST-00138,PROD-00006,2,0.05,986.52,696.44,290.08
ORD-000542,2024-02-04,2024-02-08,CUST-00518,PROD-00130,7,0.05,1924.78,1157.73,767.05
ORD-000543,2024-11-21,2024-11-23,CUST-00085,PROD-00200,2,0.15,453.37,376.06,77.31
ORD-000544,2024-09-07,2024-09-10,CUST-00156,PROD-00152,3,0.0,1194.21,713.7,480.51
ORD-000545,2025-08-07,2025-08-13,CUST-00554,PROD-00140,2,0.0,622.78,519.58,103.2
ORD-000546,2024-10-17,2024-10-18,CUST-00309,PROD-00098,2,0.15,976.36,631.46,344.9
ORD-000547,2025-12-07,2025-12-11,CUST-00170,PROD-00034,1,0.0,101.03,56.3,44.73
ORD-000548,2025-12-13,2025-12-19,CUST-00588,PROD-00177,1,0.05,460.14,324.11,136.03
ORD-000549,2025-04-03,2025-04-08,CUST-00046,PROD-00126,1,0.05,495.11,305.21,189.9
ORD-000550,2025-11-27,2025-11-28,CUST-00123,PROD-00182,5,0.0,1370.7,1122.95,247.75
ORD-000551,2025-08-07,2025-08-10,CUST-00246,PROD-00091,7,0.1,1889.31,1204.56,684.75
ORD-000552,2025-02-05,2025-02-09,CUST-00367,PROD-00082,6,0.2,1423.82,1375.56,48.26
ORD-000553,2024-05-18,2024-05-24,CUST-00503,PROD-00178,7,0.0,1995.49,1420.44,575.05
ORD-000554,2024-12-11,2024-12-17,CUST-00307,PROD-00200,2,0.1,480.04,376.06,103.98
ORD-000555,2025-02-16,2025-02-20,CUST-00099,PROD-00083,3,0.1,1323.84,911.01,412.83
ORD-000556,2025-10-25,2025-10-27,CUST-00350,PROD-00210,1,0.0,28.95,21.01,7.94
ORD-000557,2024-12-22,2024-12-26,CUST-00387,PROD-00023,3,0.05,1328.76,916.98,411.78
ORD-000558,2025-11-12,2025-11-17,CUST-00269,PROD-00126,5,0.0,2605.85,1526.05,1079.8
ORD-000559,2025-05-14,2025-05-19,CUST-00346,PROD-00212,5,0.15,2508.69,1801.75,706.94
ORD-000560,2024-04-15,2024-04-18,CUST-00014,PROD-00136,5,0.05,1075.92,761.9,314.02
ORD-000561,2025-12-29,2025-12-31,CUST-00418,PROD-00051,3,0.05,215.74,124.74,91.0
ORD-000562,2025-01-21,2025-01-22,CUST-00206,PROD-00058,1,0.0,491.31,383.39,107.92
ORD-000563,2024-11-09,2024-11-10,CUST-00311,PROD-00119,2,0.0,1313.06,794.06,519.0
ORD-000564,2025-05-02,2025-05-07,CUST-00153,PROD-00056,6,0.05,3732.19,2386.2,1345.99
ORD-000565,2024-03-24,2024-03-28,CUST-00112,PROD-00175,6,0.1,2184.3,1621.56,562.74
ORD-000566,2025-04-15,2025-04-20,CUST-00221,PROD-00171,6,0.05,405.95,256.98,148.97
ORD-000567,2024-12-30,2025-01-03,CUST-00124,PROD-00128,5,0.0,1945.45,1531.8,413.65
ORD-000568,2024-11-16,2024-11-18,CUST-00065,PROD-00062,2,0.0,1465.32,794.1,671.22
ORD-000569,2025-12-09,2025-12-10,CUST-00137,PROD-00185,5,0.1,2263.41,1930.35,333.06
ORD-000570,2025-01-17,2025-01-22,CUST-00554,PROD-00041,3,0.1,472.53,302.55,169.98
ORD-000571,2024-06-24,2024-06-27,CUST-00228,PROD-00042,3,0.1,1525.39,1024.98,500.41
ORD-000572,2024-12-12,2024-12-17,CUST-00041,PROD-00099,2,0.15,840.45,532.42,308.03
ORD-000573,2025-11-23,2025-11-28,CUST-00199,PROD-00147,2,0.15,1255.84,798.7,457.14
ORD-000574,2024-05-15,2024-05-20,CUST-00477,PROD-00122,5,0.15,171.96,145.55,26.41
ORD-000575,2024-06-18,2024-06-24,CUST-00518,PROD-00197,2,0.15,219.98,180.44,39.54
ORD-000576,2024-01-11,2024-01-13,CUST-00168,PROD-00041,1,0.1,157.51,100.85,56.66
ORD-000577,2024-01-11,2024-01-12,CUST-00360,PROD-00195,5,0.05,3058.14,1960.35,1097.79
ORD-000578,2025-09-28,2025-09-30,CUST-00464,PROD-00100,2,0.1,345.62,215.66,129.96
ORD-000579,2025-07-09,2025-07-10,CUST-00571,PROD-00053,4,0.0,1015.64,845.88,169.76
ORD-000580,2024-10-17,2024-10-20,CUST-00404,PROD-00005,7,0.15,1916.14,1938.3,-22.16
ORD-000581,2025-06-02,2025-06-07,CUST-00096,PROD-00114,3,0.05,1103.21,731.82,371.39
ORD-000582,2024-11-11,2024-11-16,CUST-00540,PROD-00050,2,0.0,512.86,280.38,232.48
ORD-000583,2025-12-09,2025-12-14,CUST-00024,PROD-00112,6,0.0,2418.24,1562.46,855.78
ORD-000584,2025-12-16,2025-12-18,CUST-00442,PROD-00036,2,0.0,1080.04,735.52,344.52
ORD-000585,2024-11-10,2024-11-11,CUST-00177,PROD-00008,2,0.1,388.87,257.42,131.45
ORD-000586,2025-10-17,2025-10-22,CUST-00279,PROD-00194,6,0.1,2369.14,1618.92,750.22
ORD-000587,2025-08-16,2025-08-18,CUST-00305,PROD-00064,2,0.0,754.44,493.06,261.38
ORD-000588,2024-09-13,2024-09-16,CUST-00330,PROD-00102,3,0.05,694.03,553.35,140.68
ORD-000589,2024-07-08,2024-07-11,CUST-00141,PROD-00052,4,0.0,855.0,607.4,247.6
ORD-000590,2024-12-11,2024-12-17,CUST-00245,PROD-00194,2,0.05,833.59,539.64,293.95
ORD-000591,2025-08-22,2025-08-23,CUST-00161,PROD-00140,5,0.1,1401.26,1298.95,102.31
ORD-000592,2025-12-12,2025-12-16,CUST-00401,PROD-00050,7,0.1,1615.51,981.33,634.18
ORD-000593,2025-08-09,2025-08-10,CUST-00335,PROD-00015,4,0.05,1801.92,1599.08,202.84
ORD-000594,2025-10-18,2025-10-24,CUST-00250,PROD-00098,7,0.15,3417.26,2210.11,1207.15
ORD-000595,2025-03-20,2025-03-22,CUST-00300,PROD-00179,1,0.3,165.24,137.44,27.8
ORD-000596,2025-10-03,2025-10-09,CUST-00164,PROD-00197,1,0.0,129.4,90.22,39.18
ORD-000597,2025-08-25,2025-08-28,CUST-00293,PROD-00002,1,0.0,442.49,375.15,67.34
ORD-000598,2024-11-02,2024-11-07,CUST-00325,PROD-00218,1,0.15,555.3,385.42,169.88
ORD-000599,2025-02-09,2025-02-11,CUST-00066,PROD-00059,4,0.1,392.54,299.32,93.22
ORD-000600,2025-09-09,2025-09-11,CUST-00373,PROD-00010,5,0.0,2234.15,1741.55,492.6
ORD-000601,2024-02-05,2024-02-06,CUST-00527,PROD-00046,1,0.1,128.48,98.92,29.56
ORD-000602,2025-09-12,2025-09-18,CUST-00589,PROD-00136,5,0.05,1075.92,761.9,314.02
ORD-000603,2024-05-16,2024-05-22,CUST-00353,PROD-00045,3,0.05,307.52,233.85,73.67
ORD-000604,2025-01-11,2025-01-13,CUST-00414,PROD-00190,1,0.05,270.65,242.46,28.19
ORD-000605,2025-09-12,2025-09-18,CUST-00298,PROD-00133,3,0.05,1027.05,918.93,108.12
ORD-000606,2024-08-01,2024-08-07,CUST-00032,PROD-00136,7,0.05,1506.29,1066.66,439.63
ORD-000607,2024-07-23,2024-07-27,CUST-00143,PROD-00154,5,0.1,1048.73,778.75,269.98
ORD-000608,2024-11-15,2024-11-21,CUST-00423,PROD-00160,5,0.05,143.21,111.1,32.11
ORD-000609,2025-11-11,2025-11-14,CUST-00232,PROD-00148,1,0.0,392.59,257.92,134.67
ORD-000610,2024-01-01,2024-01-07,CUST-00547,PROD-00069,6,0.05,4046.66,2381.58,1665.08
ORD-000611,2025-11-14,2025-11-18,CUST-00149,PROD-00111,1,0.0,109.99,88.63,21.36
ORD-000612,2024-04-28,2024-05-04,CUST-00260,PROD-00217,2,0.05,1055.66,663.62,392.04
ORD-000613,2025-12-27,2025-12-29,CUST-00205,PROD-00159,4,0.05,1748.95,1531.96,216.99
ORD-000614,2025-12-10,2025-12-12,CUST-00065,PROD-00117,1,0.2,163.27,160.35,2.92
ORD-000615,2024-12-29,2025-01-01,CUST-00518,PROD-00066,3,0.15,565.54,471.96,93.58
ORD-000616,2025-01-10,2025-01-14,CUST-00326,PROD-00078,3,0.15,305.95,297.48,8.47
ORD-000617,2024-12-22,2024-12-25,CUST-00478,PROD-00063,6,0.0,1985.04,1627.5,357.54
ORD-000618,2025-04-14,2025-04-15,CUST-00329,PROD-00071,6,0.0,3666.24,2089.68,1576.56
ORD-000619,2024-03-10,2024-03-11,CUST-00245,PROD-00007,1,0.0,220.48,142.32,78.16
ORD-000620,2024-01-26,2024-01-29,CUST-00204,PROD-00134,2,0.15,929.8,767.12,162.68
ORD-000621,2024-02-14,2024-02-17,CUST-00194,PROD-00184,7,0.05,1782.13,1295.49,486.64
ORD-000622,2024-12-04,2024-12-06,CUST-00324,PROD-00160,2,0.1,54.27,44.44,9.83
ORD-000623,2024-08-17,2024-08-21,CUST-00254,PROD-00027,4,0.0,1778.04,1153.88,624.16
ORD-000624,2025-04-04,2025-04-09,CUST-00036,PROD-00019,3,0.1,643.76,397.02,246.74
ORD-000625,2025-12-28,2025-12-29,CUST-00217,PROD-00155,2,0.2,453.94,375.22,78.72
ORD-000626,2024-11-07,2024-11-10,CUST-00538,PROD-00028,4,0.05,68.13,43.84,24.29
ORD-000627,2025-02-26,2025-03-02,CUST-00458,PROD-00102,2,0.1,438.34,368.9,69.44
ORD-000628,2024-11-21,2024-11-27,CUST-00403,PROD-00064,4,0.0,1508.88,986.12,522.76
ORD-000629,2025-10-12,2025-10-17,CUST-00537,PROD-00089,4,0.3,634.96,587.44,47.52
ORD-000630,2025-11-15,2025-11-20,CUST-00389,PROD-00081,2,0.05,780.62,501.76,278.86
ORD-000631,2025-11-03,2025-11-05,CUST-00214,PROD-00050,2,0.05,487.22,280.38,206.84
ORD-000632,2025-12-19,2025-12-22,CUST-00371,PROD-00001,1,0.0,40.45,21.4,19.05
ORD-000633,2024-01-22,2024-01-28,CUST-00180,PROD-00165,7,0.2,152.71,115.85,36.86
ORD-000634,2025-10-06,2025-10-08,CUST-00451,PROD-00130,5,0.05,1374.84,826.95,547.89
ORD-000635,2025-07-30,2025-08-04,CUST-00079,PROD-00150,1,0.0,495.51,380.52,114.99
ORD-000636,2024-07-04,2024-07-08,CUST-00160,PROD-00060,5,0.1,1070.19,721.25,348.94
ORD-000637,2025-12-11,2025-12-16,CUST-00468,PROD-00153,5,0.1,2279.38,1883.75,395.63
ORD-000638,2024-04-23,2024-04-25,CUST-00364,PROD-00075,7,0.05,3725.6,2588.04,1137.56
ORD-000639,2025-05-18,2025-05-22,CUST-00184,PROD-00192,4,0.2,236.1,162.88,73.22
ORD-000640,2024-06-30,2024-07-03,CUST-00272,PROD-00179,7,0.2,1321.94,962.08,359.86
ORD-000641,2024-11-28,2024-12-01,CUST-00343,PROD-00188,3,0.1,776.87,550.38,226.49
ORD-000642,2025-06-24,2025-06-30,CUST-00130,PROD-00102,4,0.0,974.08,737.8,236.28
ORD-000643,2025-02-18,2025-02-20,CUST-00482,PROD-00212,2,0.3,826.39,720.7,105.69
ORD-000644,2024-11-26,2024-11-29,CUST-00321,PROD-00020,2,0.2,354.99,273.46,81.53
ORD-000645,2024-09-25,2024-10-01,CUST-00475,PROD-00023,6,0.0,2797.38,1833.96,963.42
ORD-000646,2025-10-06,2025-10-09,CUST-00193,PROD-00169,4,0.05,1355.65,759.44,596.21
ORD-000647,2024-04-20,2024-04-23,CUST-00483,PROD-00132,5,0.0,1280.0,736.55,543.45
ORD-000648,2024-11-28,2024-12-01,CUST-00294,PROD-00129,1,0.2,432.85,298.75,134.1
ORD-000649,2025-11-15,2025-11-18,CUST-00417,PROD-00143,5,0.05,205.91,154.75,51.16
ORD-000650,2025-10-11,2025-10-16,CUST-00382,PROD-00194,3,0.05,1250.38,809.46,440.92
ORD-000651,2024-11-14,2024-11-18,CUST-00268,PROD-00220,5,0.1,298.08,275.7,22.38
ORD-000652,2025-08-08,2025-08-09,CUST-00021,PROD-00060,4,0.0,951.28,577.0,374.28
ORD-000653,2025-09-23,2025-09-29,CUST-00123,PROD-00106,4,0.1,120.96,87.76,33.2
ORD-000654,2025-11-08,2025-11-14,CUST-00600,PROD-00024,4,0.3,641.14,783.36,-142.22
ORD-000655,2025-02-03,2025-02-07,CUST-00265,PROD-00003,6,0.0,573.36,471.36,102.0
ORD-000656,2024-06-08,2024-06-13,CUST-00509,PROD-00191,2,0.0,912.88,659.18,253.7
ORD-000657,2024-08-02,2024-08-08,CUST-00133,PROD-00139,5,0.0,1161.2,799.85,361.35
ORD-000658,2024-09-02,2024-09-08,CUST-00015,PROD-00212,2,0.0,1180.56,720.7,459.86
ORD-000659,2025-03-13,2025-03-19,CUST-00002,PROD-00080,3,0.05,595.79,350.64,245.15
ORD-000660,2024-01-26,2024-01-31,CUST-00472,PROD-00028,5,0.0,89.65,54.8,34.85
ORD-000661,2025-04-14,2025-04-18,CUST-00176,PROD-00073,4,0.1,1422.97,1121.68,301.29
ORD-000662,2024-10-24,2024-10-25,CUST-00279,PROD-00027,7,0.15,2644.83,2019.29,625.54
ORD-000663,2024-09-01,2024-09-03,CUST-00109,PROD-00068,6,0.0,2672.46,2102.1,570.36
ORD-000664,2025-11-04,2025-11-05,CUST-00187,PROD-00172,2,0.0,282.28,194.28,88.0
ORD-000665,2024-12-12,2024-12-13,CUST-00509,PROD-00101,5,0.0,2779.05,1571.1,1207.95
ORD-000666,2024-03-13,2024-03-15,CUST-00498,PROD-00172,6,0.1,762.16,582.84,179.32
ORD-000667,2025-09-26,2025-09-28,CUST-00156,PROD-00142,1,0.2,227.87,244.04,-16.17
ORD-000668,2024-02-06,2024-02-08,CUST-00081,PROD-00128,2,0.15,661.45,612.72,48.73
ORD-000669,2025-07-03,2025-07-08,CUST-00269,PROD-00133,2,0.0,720.74,612.62,108.12
ORD-000670,2025-08-17,2025-08-18,CUST-00111,PROD-00072,2,0.15,778.34,657.88,120.46
ORD-000671,2024-10-15,2024-10-21,CUST-00156,PROD-00113,6,0.3,701.69,805.86,-104.17
ORD-000672,2025-09-25,2025-09-26,CUST-00106,PROD-00187,7,0.2,1678.43,1142.54,535.89
ORD-000673,2025-01-12,2025-01-16,CUST-00261,PROD-00031,5,0.0,826.0,598.35,227.65
ORD-000674,2024-12-14,2024-12-16,CUST-00476,PROD-00139,3,0.1,627.05,479.91,147.14
ORD-000675,2024-02-04,2024-02-10,CUST-00463,PROD-00087,6,0.3,870.11,768.3,101.81
ORD-000676,2024-08-28,2024-09-03,CUST-00272,PROD-00059,6,0.2,523.39,448.98,74.41
ORD-000677,2025-11-28,2025-12-01,CUST-00521,PROD-00065,3,0.0,91.62,66.51,25.11
ORD-000678,2024-11-09,2024-11-11,CUST-00436,PROD-00146,3,0.0,551.52,460.8,90.72
ORD-000679,2025-02-05,2025-02-09,CUST-00245,PROD-00048,5,0.0,1347.4,907.75,439.65
ORD-000680,2025-01-25,2025-01-31,CUST-00480,PROD-00159,5,0.15,1956.06,1914.95,41.11
ORD-000681,2025-03-10,2025-03-15,CUST-00302,PROD-00206,1,0.0,95.29,57.5,37.79
ORD-000682,2024-02-17,2024-02-19,CUST-00179,PROD-00190,3,0.0,854.7,727.38,127.32
ORD-000683,2024-10-23,2024-10-29,CUST-00301,PROD-00118,4,0.0,288.84,222.52,66.32
ORD-000684,2025-06-29,2025-07-04,CUST-00408,PROD-00194,3,0.0,1316.19,809.46,506.73
ORD-000685,2024-06-03,2024-06-05,CUST-00479,PROD-00165,5,0.1,122.72,82.75,39.97
ORD-000686,2024-06-07,2024-06-11,CUST-00166,PROD-00180,4,0.1,1219.93,1066.28,153.65
ORD-000687,2024-01-08,2024-01-11,CUST-00107,PROD-00210,2,0.0,57.9,42.02,15.88
ORD-000688,2024-12-01,2024-12-03,CUST-00230,PROD-00001,3,0.0,121.35,64.2,57.15
ORD-000689,2025-11-05,2025-11-10,CUST-00188,PROD-00129,3,0.0,1623.18,896.25,726.93
ORD-000690,2024-02-09,2024-02-10,CUST-00087,PROD-00053,1,0.0,253.91,211.47,42.44
ORD-000691,2024-05-26,2024-06-01,CUST-00518,PROD-00031,5,0.05,784.7,598.35,186.35
ORD-000692,2024-09-13,2024-09-15,CUST-00135,PROD-00013,1,0.15,499.96,319.84,180.12
ORD-000693,2025-07-08,2025-07-10,CUST-00259,PROD-00140,1,0.2,249.11,259.79,-10.68
ORD-000694,2025-04-18,2025-04-20,CUST-00017,PROD-00200,4,0.15,906.75,752.12,154.63
ORD-000695,2024-11-21,2024-11-27,CUST-00483,PROD-00152,6,0.0,2388.42,1427.4,961.02
ORD-000696,2025-08-05,2025-08-06,CUST-00432,PROD-00103,1,0.15,226.69,211.22,15.47
ORD-000697,2025-03-25,2025-03-27,CUST-00411,PROD-00129,5,0.1,2434.77,1493.75,941.02
ORD-000698,2025-11-12,2025-11-16,CUST-00223,PROD-00153,4,0.3,1418.28,1507.0,-88.72
ORD-000699,2025-09-19,2025-09-25,CUST-00269,PROD-00114,4,0.1,1393.52,975.76,417.76
ORD-000700,2024-07-31,2024-08-06,CUST-00450,PROD-00034,3,0.15,257.63,168.9,88.73
ORD-000701,2024-08-14,2024-08-16,CUST-00255,PROD-00207,4,0.15,1193.37,1100.84,92.53
ORD-000702,2024-04-06,2024-04-10,CUST-00334,PROD-00053,3,0.05,723.64,634.41,89.23
ORD-000703,2024-10-03,2024-10-06,CUST-00456,PROD-00176,3,0.05,1176.31,905.16,271.15
ORD-000704,2025-12-31,2026-01-04,CUST-00400,PROD-00031,6,0.15,842.52,718.02,124.5
ORD-000705,2024-11-16,2024-11-20,CUST-00237,PROD-00018,7,0.15,2817.68,1887.9,929.78
ORD-000706,2024-06-25,2024-06-30,CUST-00009,PROD-00164,5,0.2,909.76,657.75,252.01
ORD-000707,2025-08-08,2025-08-14,CUST-00576,PROD-00111,2,0.05,208.98,177.26,31.72
ORD-000708,2025-02-02,2025-02-08,CUST-00227,PROD-00118,4,0.05,274.4,222.52,51.88
ORD-000709,2024-04-24,2024-04-25,CUST-00543,PROD-00161,7,0.1,1241.48,802.2,439.28
ORD-000710,2024-11-04,2024-11-07,CUST-00046,PROD-00049,1,0.1,444.82,396.57,48.25
ORD-000711,2024-11-20,2024-11-23,CUST-00473,PROD-00160,3,0.0,90.45,66.66,23.79
ORD-000712,2025-08-01,2025-08-03,CUST-00316,PROD-00204,3,0.3,893.19,789.75,103.44
ORD-000713,2024-01-16,2024-01-21,CUST-00544,PROD-00007,3,0.1,595.3,426.96,168.34
ORD-000714,2024-08-12,2024-08-15,CUST-00058,PROD-00168,5,0.0,549.05,324.15,224.9
ORD-000715,2025-01-14,2025-01-17,CUST-00185,PROD-00111,7,0.15,654.44,620.41,34.03
ORD-000716,2024-08-12,2024-08-13,CUST-00330,PROD-00121,5,0.1,3014.82,1957.65,1057.17
ORD-000717,2025-04-09,2025-04-12,CUST-00168,PROD-00034,6,0.05,575.87,337.8,238.07
ORD-000718,2024-12-22,2024-12-24,CUST-00427,PROD-00197,7,0.2,724.64,631.54,93.1
ORD-000719,2024-10-22,2024-10-27,CUST-00120,PROD-00123,7,0.0,3107.58,2628.22,479.36
ORD-000720,2025-12-07,2025-12-10,CUST-00506,PROD-00058,3,0.1,1326.54,1150.17,176.37
ORD-000721,2025-04-11,2025-04-17,CUST-00086,PROD-00104,7,0.05,1433.34,1272.32,161.02
ORD-000722,2024-04-09,2024-04-10,CUST-00038,PROD-00107,5,0.0,1255.65,725.4,530.25
ORD-000723,2025-02-15,2025-02-21,CUST-00011,PROD-00058,3,0.1,1326.54,1150.17,176.37
ORD-000724,2025-08-22,2025-08-27,CUST-00556,PROD-00006,4,0.1,1869.19,1392.88,476.31
ORD-000725,2025-06-13,2025-06-14,CUST-00362,PROD-00182,4,0.05,1041.73,898.36,143.37
ORD-000726,2024-05-12,2024-05-17,CUST-00458,PROD-00212,6,0.05,3364.6,2162.1,1202.5
ORD-000727,2025-12-18,2025-12-22,CUST-00369,PROD-00190,3,0.1,769.23,727.38,41.85
ORD-000728,2024-12-07,2024-12-10,CUST-00354,PROD-00208,1,0.0,456.94,336.12,120.82
ORD-000729,2024-05-02,2024-05-06,CUST-00112,PROD-00186,2,0.0,1009.44,637.6,371.84
ORD-000730,2024-05-18,2024-05-20,CUST-00562,PROD-00197,5,0.1,582.3,451.1,131.2
ORD-000731,2024-03-16,2024-03-19,CUST-00232,PROD-00067,2,0.05,351.46,255.54,95.92
ORD-000732,2025-09-08,2025-09-11,CUST-00424,PROD-00002,3,0.1,1194.72,1125.45,69.27
ORD-000733,2024-04-03,2024-04-08,CUST-00173,PROD-00116,1,0.05,130.41,96.05,34.36
ORD-000734,2024-04-06,2024-04-11,CUST-00388,PROD-00145,6,0.05,523.66,394.8,128.86
ORD-000735,2025-10-14,2025-10-19,CUST-00139,PROD-00162,1,0.1,129.01,113.11,15.9
ORD-000736,2024-10-09,2024-10-13,CUST-00486,PROD-00181,7,0.0,2444.47,1294.23,1150.24
ORD-000737,2024-01-24,2024-01-26,CUST-00014,PROD-00122,7,0.2,226.58,203.77,22.81
ORD-000738,2024-02-09,2024-02-10,CUST-00103,PROD-00098,3,0.0,1722.99,947.19,775.8
ORD-000739,2024-04-19,2024-04-22,CUST-00100,PROD-00144,1,0.15,135.71,90.26,45.45
ORD-000740,2024-06-17,2024-06-22,CUST-00229,PROD-00091,2,0.0,599.78,344.16,255.62
ORD-000741,2025-05-07,2025-05-09,CUST-00197,PROD-00018,6,0.0,2841.36,1618.2,1223.16
ORD-000742,2024-04-30,2024-05-03,CUST-00372,PROD-00113,3,0.1,451.09,402.93,48.16
ORD-000743,2024-04-01,2024-04-02,CUST-00572,PROD-00033,5,0.1,754.78,574.35,180.43
ORD-000744,2025-08-09,2025-08-10,CUST-00041,PROD-00019,5,0.0,1192.15,661.7,530.45
ORD-000745,2025-05-11,2025-05-15,CUST-00042,PROD-00120,7,0.05,1132.56,765.17,367.39
ORD-000746,2024-11-30,2024-12-01,CUST-00090,PROD-00104,4,0.15,732.84,727.04,5.8
ORD-000747,2025-02-07,2025-02-10,CUST-00458,PROD-00196,7,0.2,1968.34,1591.94,376.4
ORD-000748,2024-09-14,2024-09-20,CUST-00581,PROD-00210,4,0.2,92.64,84.04,8.6
ORD-000749,2024-12-23,2024-12-25,CUST-00447,PROD-00196,2,0.15,597.53,454.84,142.69
ORD-000750,2025-01-05,2025-01-08,CUST-00234,PROD-00214,7,0.0,1375.22,1103.13,272.09
ORD-000751,2024-11-07,2024-11-12,CUST-00590,PROD-00095,2,0.05,630.61,372.24,258.37
ORD-000752,2025-11-17,2025-11-20,CUST-00543,PROD-00034,7,0.05,671.85,394.1,277.75
ORD-000753,2024-01-13,2024-01-18,CUST-00391,PROD-00047,6,0.1,2672.62,2371.26,301.36
ORD-000754,2025-08-23,2025-08-27,CUST-00259,PROD-00181,4,0.0,1396.84,739.56,657.28
ORD-000755,2024-04-05,2024-04-10,CUST-00501,PROD-00127,3,0.05,234.47,202.26,32.21
ORD-000756,2025-09-04,2025-09-06,CUST-00345,PROD-00010,4,0.2,1429.86,1393.24,36.62
ORD-000757,2025-03-30,2025-04-01,CUST-00571,PROD-00195,3,0.1,1738.31,1176.21,562.1
ORD-000758,2025-10-09,2025-10-14,CUST-00097,PROD-00206,7,0.05,633.68,402.5,231.18
ORD-000759,2024-03-15,2024-03-17,CUST-00483,PROD-00146,5,0.2,735.36,768.0,-32.64
ORD-000760,2025-02-14,2025-02-20,CUST-00297,PROD-00170,7,0.0,651.14,558.18,92.96
ORD-000761,2025-01-01,2025-01-07,CUST-00523,PROD-00071,7,0.3,2994.1,2437.96,556.14
ORD-000762,2025-06-10,2025-06-15,CUST-00162,PROD-00174,6,0.0,1326.18,1056.12,270.06
ORD-000763,2025-01-26,2025-02-01,CUST-00573,PROD-00106,7,0.0,235.2,153.58,81.62
ORD-000764,2025-01-31,2025-02-02,CUST-00161,PROD-00131,5,0.15,2238.22,1495.0,743.22
ORD-000765,2024-11-27,2024-12-02,CUST-00057,PROD-00001,6,0.1,218.43,128.4,90.03
ORD-000766,2024-09-12,2024-09-13,CUST-00302,PROD-00106,2,0.0,67.2,43.88,23.32
ORD-000767,2024-12-23,2024-12-29,CUST-00029,PROD-00153,6,0.0,3039.18,2260.5,778.68
ORD-000768,2024-03-31,2024-04-05,CUST-00516,PROD-00038,4,0.1,52.81,36.04,16.77
ORD-000769,2025-12-13,2025-12-18,CUST-00446,PROD-00111,1,0.05,104.49,88.63,15.86
ORD-000770,2025-06-19,2025-06-25,CUST-00033,PROD-00135,7,0.0,3556.0,2366.35,1189.65
ORD-000771,2025-12-09,2025-12-11,CUST-00527,PROD-00021,6,0.1,1324.73,942.72,382.01
ORD-000772,2024-07-02,2024-07-06,CUST-00378,PROD-00050,4,0.05,974.43,560.76,413.67
ORD-000773,2025-11-04,2025-11-07,CUST-00391,PROD-00168,5,0.2,439.24,324.15,115.09
ORD-000774,2025-09-12,2025-09-17,CUST-00361,PROD-00055,1,0.0,302.22,216.92,85.3
ORD-000775,2025-05-16,2025-05-17,CUST-00130,PROD-00207,5,0.0,1754.95,1376.05,378.9
ORD-000776,2025-04-06,2025-04-08,CUST-00500,PROD-00137,3,0.05,291.21,186.09,105.12
ORD-000777,2024-09-18,2024-09-21,CUST-00596,PROD-00030,1,0.15,151.99,145.84,6.15
ORD-000778,2025-09-18,2025-09-24,CUST-00222,PROD-00090,2,0.0,598.3,319.46,278.84
ORD-000779,2025-01-01,2025-01-02,CUST-00589,PROD-00068,5,0.0,2227.05,1751.75,475.3
ORD-000780,2024-02-24,2024-02-28,CUST-00512,PROD-00088,1,0.05,102.14,59.24,42.9
ORD-000781,2024-09-15,2024-09-16,CUST-00558,PROD-00179,3,0.1,637.36,412.32,225.04
ORD-000782,2025-11-30,2025-12-02,CUST-00476,PROD-00130,6,0.05,1649.81,992.34,657.47
ORD-000783,2025-10-14,2025-10-16,CUST-00390,PROD-00087,5,0.0,1035.85,640.25,395.6
ORD-000784,2025-12-23,2025-12-28,CUST-00270,PROD-00149,4,0.05,1140.87,674.72,466.15
ORD-000785,2025-04-08,2025-04-14,CUST-00420,PROD-00024,6,0.2,1099.1,1175.04,-75.94
ORD-000786,2024-07-25,2024-07-28,CUST-00339,PROD-00045,6,0.0,647.4,467.7,179.7
ORD-000787,2024-05-04,2024-05-07,CUST-00061,PROD-00038,2,0.0,29.34,18.02,11.32
ORD-000788,2024-05-23,2024-05-27,CUST-00549,PROD-00175,7,0.0,2831.5,1891.82,939.68
ORD-000789,2024-01-16,2024-01-21,CUST-00424,PROD-00218,1,0.0,653.29,385.42,267.87
ORD-000790,2024-11-09,2024-11-15,CUST-00406,PROD-00209,6,0.05,2598.91,2085.72,513.19
ORD-000791,2024-05-26,2024-06-01,CUST-00328,PROD-00098,2,0.0,1148.66,631.46,517.2
ORD-000792,2024-11-19,2024-11-23,CUST-00336,PROD-00094,6,0.1,190.62,148.26,42.36
ORD-000793,2025-11-30,2025-12-02,CUST-00483,PROD-00134,4,0.1,1968.98,1534.24,434.74
ORD-000794,2024-11-28,2024-12-01,CUST-00425,PROD-00075,6,0.1,3025.3,2218.32,806.98
ORD-000795,2025-11-03,2025-11-04,CUST-00427,PROD-00181,7,0.0,2444.47,1294.23,1150.24
ORD-000796,2025-03-22,2025-03-23,CUST-00211,PROD-00185,3,0.05,1433.49,1158.21,275.28
ORD-000797,2024-07-24,2024-07-27,CUST-00215,PROD-00132,2,0.15,435.2,294.62,140.58
ORD-000798,2024-10-18,2024-10-19,CUST-00271,PROD-00098,2,0.1,1033.79,631.46,402.33
ORD-000799,2024-03-05,2024-03-06,CUST-00575,PROD-00116,5,0.1,617.72,480.25,137.47
ORD-000800,2024-10-01,2024-10-02,CUST-00081,PROD-00066,3,0.2,532.27,471.96,60.31
ORD-000801,2025-05-16,2025-05-20,CUST-00293,PROD-00176,5,0.0,2063.7,1508.6,555.1
ORD-000802,2024-02-25,2024-02-26,CUST-00420,PROD-00159,7,0.15,2738.49,2680.93,57.56
ORD-000803,2024-06-09,2024-06-14,CUST-00474,PROD-00015,5,0.05,2252.4,1998.85,253.55
ORD-000804,2024-11-04,2024-11-08,CUST-00440,PROD-00007,1,0.3,154.34,142.32,12.02
ORD-000805,2025-12-23,2025-12-25,CUST-00299,PROD-00040,6,0.05,1558.1,896.52,661.58
ORD-000806,2025-08-25,2025-08-29,CUST-00478,PROD-00103,7,0.15,1586.81,1478.54,108.27
ORD-000807,2025-07-10,2025-07-12,CUST-00276,PROD-00049,3,0.0,1482.72,1189.71,293.01
ORD-000808,2024-03-30,2024-04-02,CUST-00282,PROD-00036,3,0.1,1458.05,1103.28,354.77
ORD-000809,2025-08-22,2025-08-23,CUST-00355,PROD-00204,1,0.1,382.8,263.25,119.55
ORD-000810,2025-08-25,2025-08-29,CUST-00173,PROD-00045,7,0.0,755.3,545.65,209.65
ORD-000811,2025-03-19,2025-03-23,CUST-00278,PROD-00151,7,0.15,968.24,973.91,-5.67
ORD-000812,2025-12-27,2026-01-01,CUST-00114,PROD-00068,3,0.15,1135.8,1051.05,84.75
ORD-000813,2024-09-24,2024-09-27,CUST-00397,PROD-00057,6,0.0,1537.14,1097.82,439.32
ORD-000814,2025-12-03,2025-12-06,CUST-00111,PROD-00107,6,0.0,1506.78,870.48,636.3
ORD-000815,2025-11-21,2025-11-22,CUST-00404,PROD-00025,3,0.05,292.38,199.2,93.18
ORD-000816,2024-01-09,2024-01-15,CUST-00061,PROD-00123,1,0.3,310.76,375.46,-64.7
ORD-000817,2024-12-07,2024-12-09,CUST-00039,PROD-00185,3,0.05,1433.49,1158.21,275.28
ORD-000818,2025-12-21,2025-12-24,CUST-00113,PROD-00169,6,0.0,2140.5,1139.16,1001.34
ORD-000819,2024-03-20,2024-03-21,CUST-00287,PROD-00155,5,0.2,1134.84,938.05,196.79
ORD-000820,2025-02-06,2025-02-12,CUST-00339,PROD-00170,4,0.0,372.08,318.96,53.12
ORD-000821,2025-12-21,2025-12-25,CUST-00493,PROD-00167,7,0.0,1307.32,769.86,537.46
ORD-000822,2025-02-12,2025-02-16,CUST-00176,PROD-00006,4,0.0,2076.88,1392.88,684.0
ORD-000823,2024-05-25,2024-05-26,CUST-00589,PROD-00019,6,0.05,1359.05,794.04,565.01
ORD-000824,2025-03-04,2025-03-08,CUST-00227,PROD-00127,2,0.05,156.31,134.84,21.47
ORD-000825,2024-06-08,2024-06-12,CUST-00243,PROD-00111,4,0.0,439.96,354.52,85.44
ORD-000826,2025-01-15,2025-01-18,CUST-00322,PROD-00120,5,0.0,851.55,546.55,305.0
ORD-000827,2024-02-26,2024-02-29,CUST-00122,PROD-00164,1,0.1,204.7,131.55,73.15
ORD-000828,2025-03-22,2025-03-24,CUST-00007,PROD-00219,5,0.2,854.36,591.8,262.56
ORD-000829,2025-01-13,2025-01-17,CUST-00121,PROD-00124,6,0.15,1719.72,1659.84,59.88
ORD-000830,2025-07-17,2025-07-20,CUST-00001,PROD-00161,4,0.0,788.24,458.4,329.84
ORD-000831,2025-04-10,2025-04-14,CUST-00576,PROD-00043,2,0.1,676.8,505.1,171.7
ORD-000832,2025-02-07,2025-02-12,CUST-00500,PROD-00115,7,0.1,517.17,485.8,31.37
ORD-000833,2025-05-26,2025-05-27,CUST-00600,PROD-00098,3,0.0,1722.99,947.19,775.8
ORD-000834,2024-04-20,2024-04-23,CUST-00141,PROD-00071,1,0.0,611.04,348.28,262.76
ORD-000835,2025-03-14,2025-03-17,CUST-00167,PROD-00087,2,0.0,414.34,256.1,158.24
ORD-000836,2024-05-12,2024-05-14,CUST-00065,PROD-00069,3,0.05,2023.33,1190.79,832.54
ORD-000837,2025-11-26,2025-12-02,CUST-00309,PROD-00091,3,0.1,809.7,516.24,293.46
ORD-000838,2024-02-22,2024-02-27,CUST-00530,PROD-00016,2,0.05,1294.38,794.78,499.6
ORD-000839,2024-11-28,2024-11-30,CUST-00080,PROD-00200,3,0.0,800.07,564.09,235.98
ORD-000840,2025-05-30,2025-05-31,CUST-00503,PROD-00159,4,0.15,1564.85,1531.96,32.89
ORD-000841,2024-12-11,2024-12-14,CUST-00560,PROD-00018,6,0.1,2557.22,1618.2,939.02
ORD-000842,2024-03-11,2024-03-13,CUST-00446,PROD-00084,3,0.0,270.99,224.7,46.29
ORD-000843,2025-02-10,2025-02-16,CUST-00074,PROD-00024,5,0.0,1144.9,979.2,165.7
ORD-000844,2025-04-19,2025-04-20,CUST-00164,PROD-00071,3,0.15,1558.15,1044.84,513.31
ORD-000845,2025-06-08,2025-06-10,CUST-00176,PROD-00205,6,0.1,3119.47,1944.18,1175.29
ORD-000846,2024-10-31,2024-11-01,CUST-00498,PROD-00085,4,0.0,317.88,190.44,127.44
ORD-000847,2025-02-18,2025-02-24,CUST-00463,PROD-00195,6,0.15,3283.48,2352.42,931.06
ORD-000848,2024-12-08,2024-12-12,CUST-00116,PROD-00102,2,0.2,389.63,368.9,20.73
ORD-000849,2025-05-12,2025-05-13,CUST-00567,PROD-00048,3,0.2,646.75,544.65,102.1
ORD-000850,2025-03-05,2025-03-09,CUST-00088,PROD-00010,4,0.1,1608.59,1393.24,215.35
ORD-000851,2025-01-20,2025-01-22,CUST-00239,PROD-00061,4,0.1,705.02,631.8,73.22
ORD-000852,2024-07-27,2024-07-30,CUST-00071,PROD-00175,6,0.0,2427.0,1621.56,805.44
ORD-000853,2024-01-02,2024-01-06,CUST-00248,PROD-00193,3,0.3,529.47,399.93,129.54
ORD-000854,2024-05-13,2024-05-14,CUST-00204,PROD-00085,3,0.15,202.65,142.83,59.82
ORD-000855,2024-03-30,2024-03-31,CUST-00491,PROD-00177,4,0.2,1549.95,1296.44,253.51
ORD-000856,2024-12-07,2024-12-11,CUST-00115,PROD-00160,7,0.15,179.39,155.54,23.85
ORD-000857,2025-03-27,2025-03-30,CUST-00503,PROD-00160,6,0.2,144.72,133.32,11.4
ORD-000858,2024-06-17,2024-06-21,CUST-00032,PROD-00066,3,0.1,598.81,471.96,126.85
ORD-000859,2025-12-02,2025-12-07,CUST-00549,PROD-00201,6,0.2,2615.47,2117.34,498.13
ORD-000860,2024-01-06,2024-01-07,CUST-00344,PROD-00176,1,0.2,330.19,301.72,28.47
ORD-000861,2025-08-15,2025-08-19,CUST-00003,PROD-00214,3,0.15,500.97,472.77,28.2
ORD-000862,2025-04-06,2025-04-10,CUST-00199,PROD-00148,1,0.0,392.59,257.92,134.67
ORD-000863,2024-11-01,2024-11-05,CUST-00408,PROD-00040,5,0.3,956.72,747.1,209.62
ORD-000864,2024-02-08,2024-02-09,CUST-00189,PROD-00076,1,0.05,234.65,132.47,102.18
ORD-000865,2025-04-08,2025-04-13,CUST-00258,PROD-00134,4,0.05,2078.37,1534.24,544.13
ORD-000866,2024-11-06,2024-11-12,CUST-00210,PROD-00040,1,0.0,273.35,149.42,123.93
ORD-000867,2025-12-01,2025-12-05,CUST-00336,PROD-00063,7,0.15,1968.5,1898.75,69.75
ORD-000868,2025-02-01,2025-02-04,CUST-00541,PROD-00023,5,0.1,2098.04,1528.3,569.74
ORD-000869,2025-12-03,2025-12-09,CUST-00112,PROD-00105,5,0.1,1564.78,1444.0,120.78
ORD-000870,2024-06-25,2024-06-30,CUST-00138,PROD-00135,1,0.0,508.0,338.05,169.95
ORD-000871,2025-07-02,2025-07-07,CUST-00362,PROD-00174,2,0.05,419.96,352.04,67.92
ORD-000872,2025-03-31,2025-04-05,CUST-00061,PROD-00051,6,0.05,431.49,249.48,182.01
ORD-000873,2025-07-17,2025-07-20,CUST-00578,PROD-00182,7,0.0,1918.98,1572.13,346.85
ORD-000874,2024-06-19,2024-06-22,CUST-00206,PROD-00030,1,0.05,169.87,145.84,24.03
ORD-000875,2025-05-07,2025-05-12,CUST-00543,PROD-00153,4,0.0,2026.12,1507.0,519.12
ORD-000876,2024-12-30,2025-01-05,CUST-00484,PROD-00191,6,0.05,2601.71,1977.54,624.17
ORD-000877,2025-07-20,2025-07-23,CUST-00323,PROD-00080,2,0.05,397.2,233.76,163.44
ORD-000878,2024-09-26,2024-09-29,CUST-00032,PROD-00177,5,0.1,2179.62,1620.55,559.07
ORD-000879,2025-11-09,2025-11-14,CUST-00479,PROD-00012,5,0.05,2612.93,1743.05,869.88
ORD-000880,2024-03-05,2024-03-07,CUST-00366,PROD-00082,5,0.3,1038.2,1146.3,-108.1
ORD-000881,2025-09-11,2025-09-14,CUST-00585,PROD-00071,6,0.0,3666.24,2089.68,1576.56
ORD-000882,2025-10-23,2025-10-29,CUST-00133,PROD-00157,7,0.2,2838.3,2057.79,780.51
ORD-000883,2025-09-19,2025-09-21,CUST-00022,PROD-00206,1,0.1,85.76,57.5,28.26
ORD-000884,2025-01-10,2025-01-12,CUST-00572,PROD-00198,4,0.05,2309.03,1377.64,931.39
ORD-000885,2024-12-02,2024-12-06,CUST-00301,PROD-00050,2,0.3,359.0,280.38,78.62
ORD-000886,2025-12-30,2026-01-04,CUST-00535,PROD-00099,5,0.05,2348.3,1331.05,1017.25
ORD-000887,2024-07-05,2024-07-10,CUST-00097,PROD-00025,6,0.0,615.54,398.4,217.14
ORD-000888,2025-02-05,2025-02-06,CUST-00188,PROD-00102,2,0.0,487.04,368.9,118.14
ORD-000889,2025-05-11,2025-05-15,CUST-00261,PROD-00217,2,0.2,888.98,663.62,225.36
ORD-000890,2025-06-04,2025-06-09,CUST-00304,PROD-00112,7,0.0,2821.28,1822.87,998.41
ORD-000891,2024-06-07,2024-06-13,CUST-00131,PROD-00025,5,0.05,487.3,332.0,155.3
ORD-000892,2025-04-28,2025-04-29,CUST-00391,PROD-00007,3,0.3,463.01,426.96,36.05
ORD-000893,2025-09-20,2025-09-22,CUST-00011,PROD-00041,6,0.0,1050.06,605.1,444.96
ORD-000894,2024-02-08,2024-02-13,CUST-00196,PROD-00092,1,0.0,132.95,82.36,50.59
ORD-000895,2025-11-19,2025-11-24,CUST-00512,PROD-00116,5,0.15,583.4,480.25,103.15
ORD-000896,2024-01-23,2024-01-28,CUST-00252,PROD-00011,4,0.0,719.84,618.88,100.96
ORD-000897,2024-10-18,2024-10-23,CUST-00077,PROD-00118,4,0.05,274.4,222.52,51.88
ORD-000898,2024-01-13,2024-01-18,CUST-00092,PROD-00011,3,0.1,485.89,464.16,21.73
ORD-000899,2024-02-29,2024-03-03,CUST-00304,PROD-00142,7,0.15,1694.8,1708.28,-13.48
ORD-000900,2025-11-19,2025-11-24,CUST-00205,PROD-00193,2,0.0,504.26,266.62,237.64
ORD-000901,2024-10-17,2024-10-23,CUST-00425,PROD-00173,5,0.1,1205.01,1105.35,99.66
ORD-000902,2024-11-25,2024-11-28,CUST-00254,PROD-00048,7,0.05,1792.04,1270.85,521.19
ORD-000903,2024-06-19,2024-06-22,CUST-00484,PROD-00046,3,0.1,385.45,296.76,88.69
ORD-000904,2025-03-16,2025-03-20,CUST-00004,PROD-00001,2,0.15,68.76,42.8,25.96
ORD-000905,2025-03-14,2025-03-20,CUST-00266,PROD-00138,2,0.05,28.4,18.52,9.88
ORD-000906,2024-10-31,2024-11-02,CUST-00262,PROD-00216,1,0.05,457.67,386.77,70.9
ORD-000907,2024-09-30,2024-10-02,CUST-00361,PROD-00064,6,0.0,2263.32,1479.18,784.14
ORD-000908,2025-11-06,2025-11-07,CUST-00396,PROD-00163,7,0.0,417.06,227.92,189.14
ORD-000909,2024-11-05,2024-11-09,CUST-00464,PROD-00188,4,0.1,1035.83,733.84,301.99
ORD-000910,2024-12-28,2024-12-29,CUST-00256,PROD-00150,7,0.3,2428.0,2663.64,-235.64
ORD-000911,2024-08-23,2024-08-29,CUST-00397,PROD-00155,2,0.0,567.42,375.22,192.2
ORD-000912,2025-08-26,2025-08-30,CUST-00139,PROD-00103,2,0.3,373.37,422.44,-49.07
ORD-000913,2024-11-12,2024-11-17,CUST-00529,PROD-00179,6,0.0,1416.36,824.64,591.72
ORD-000914,2025-01-10,2025-01-15,CUST-00134,PROD-00114,1,0.1,348.38,243.94,104.44
ORD-000915,2024-07-31,2024-08-03,CUST-00232,PROD-00202,7,0.1,2561.52,2322.46,239.06
ORD-000916,2025-12-26,2025-12-31,CUST-00207,PROD-00008,4,0.2,691.33,514.84,176.49
ORD-000917,2024-08-30,2024-08-31,CUST-00321,PROD-00093,6,0.0,1157.94,615.3,542.64
ORD-000918,2025-08-14,2025-08-17,CUST-00441,PROD-00208,1,0.0,456.94,336.12,120.82
ORD-000919,2024-11-26,2024-11-28,CUST-00064,PROD-00048,7,0.1,1697.72,1270.85,426.87
ORD-000920,2024-06-09,2024-06-13,CUST-00098,PROD-00012,4,0.0,2200.36,1394.44,805.92
ORD-000921,2025-09-05,2025-09-11,CUST-00493,PROD-00155,2,0.05,539.05,375.22,163.83
ORD-000922,2024-10-01,2024-10-05,CUST-00163,PROD-00060,5,0.05,1129.64,721.25,408.39
ORD-000923,2025-10-26,2025-10-27,CUST-00317,PROD-00002,1,0.0,442.49,375.15,67.34
ORD-000924,2025-11-21,2025-11-27,CUST-00315,PROD-00040,5,0.0,1366.75,747.1,619.65
ORD-000925,2025-10-22,2025-10-26,CUST-00215,PROD-00088,5,0.0,537.6,296.2,241.4
ORD-000926,2024-01-27,2024-02-02,CUST-00128,PROD-00013,7,0.15,3499.73,2238.88,1260.85
ORD-000927,2025-08-27,2025-08-29,CUST-00348,PROD-00142,1,0.05,270.6,244.04,26.56
ORD-000928,2024-11-19,2024-11-24,CUST-00290,PROD-00179,6,0.15,1203.91,824.64,379.27
ORD-000929,2025-11-01,2025-11-07,CUST-00421,PROD-00007,2,0.1,396.86,284.64,112.22
ORD-000930,2025-04-16,2025-04-20,CUST-00389,PROD-00160,7,0.0,211.05,155.54,55.51
ORD-000931,2025-10-01,2025-10-05,CUST-00293,PROD-00078,3,0.1,323.95,297.48,26.47
ORD-000932,2024-12-31,2025-01-03,CUST-00527,PROD-00172,2,0.0,282.28,194.28,88.0
ORD-000933,2025-01-27,2025-01-29,CUST-00044,PROD-00020,5,0.05,1053.88,683.65,370.23
ORD-000934,2024-04-20,2024-04-24,CUST-00083,PROD-00031,2,0.05,313.88,239.34,74.54
ORD-000935,2025-08-24,2025-08-26,CUST-00252,PROD-00068,5,0.15,1892.99,1751.75,141.24
ORD-000936,2024-11-23,2024-11-27,CUST-00464,PROD-00173,2,0.1,482.0,442.14,39.86
ORD-000937,2024-12-31,2025-01-02,CUST-00385,PROD-00039,7,0.05,847.94,681.87,166.07
ORD-000938,2025-08-25,2025-08-28,CUST-00075,PROD-00088,2,0.15,182.78,118.48,64.3
ORD-000939,2025-03-17,2025-03-19,CUST-00406,PROD-00060,4,0.3,665.9,577.0,88.9
ORD-000940,2024-06-04,2024-06-09,CUST-00062,PROD-00071,4,0.1,2199.74,1393.12,806.62
ORD-000941,2025-03-10,2025-03-12,CUST-00584,PROD-00078,5,0.0,599.9,495.8,104.1
ORD-000942,2024-11-17,2024-11-23,CUST-00558,PROD-00072,2,0.1,824.13,657.88,166.25
ORD-000943,2024-12-17,2024-12-18,CUST-00585,PROD-00102,6,0.2,1168.9,1106.7,62.2
ORD-000944,2024-01-22,2024-01-26,CUST-00062,PROD-00020,1,0.05,210.78,136.73,74.05
ORD-000945,2024-06-14,2024-06-19,CUST-00195,PROD-00198,6,0.1,3281.26,2066.46,1214.8
ORD-000946,2024-08-22,2024-08-27,CUST-00456,PROD-00202,2,0.3,569.23,663.56,-94.33
ORD-000947,2025-06-18,2025-06-23,CUST-00337,PROD-00032,3,0.0,860.82,707.19,153.63
ORD-000948,2024-01-09,2024-01-10,CUST-00191,PROD-00029,2,0.05,721.56,529.28,192.28
ORD-000949,2024-11-17,2024-11-18,CUST-00485,PROD-00072,5,0.1,2060.33,1644.7,415.63
ORD-000950,2025-11-25,2025-11-30,CUST-00023,PROD-00162,3,0.2,344.02,339.33,4.69
ORD-000951,2024-03-26,2024-03-27,CUST-00160,PROD-00117,5,0.1,918.41,801.75,116.66
ORD-000952,2025-01-13,2025-01-19,CUST-00581,PROD-00136,7,0.0,1585.57,1066.66,518.91
ORD-000953,2025-08-26,2025-08-28,CUST-00177,PROD-00105,5,0.1,1564.78,1444.0,120.78
ORD-000954,2025-12-04,2025-12-09,CUST-00132,PROD-00044,3,0.05,1520.39,890.55,629.84
ORD-000955,2025-07-25,2025-07-28,CUST-00126,PROD-00183,3,0.0,1001.61,657.51,344.1
ORD-000956,2025-06-26,2025-06-29,CUST-00137,PROD-00158,1,0.2,68.97,59.49,9.48
ORD-000957,2025-09-26,2025-09-28,CUST-00326,PROD-00128,6,0.15,1984.36,1838.16,146.2
ORD-000958,2024-12-05,2024-12-06,CUST-00377,PROD-00101,7,0.0,3890.67,2199.54,1691.13
ORD-000959,2025-09-10,2025-09-16,CUST-00441,PROD-00126,6,0.1,2814.32,1831.26,983.06
ORD-000960,2024-01-07,2024-01-13,CUST-00485,PROD-00083,7,0.05,3260.56,2125.69,1134.87
ORD-000961,2025-11-25,2025-11-26,CUST-00110,PROD-00052,7,0.05,1421.44,1062.95,358.49
ORD-000962,2024-12-04,2024-12-10,CUST-00319,PROD-00199,4,0.15,1965.91,1223.04,742.87
ORD-000963,2025-02-10,2025-02-13,CUST-00505,PROD-00028,2,0.0,35.86,21.92,13.94
ORD-000964,2024-08-01,2024-08-04,CUST-00436,PROD-00132,5,0.2,1024.0,736.55,287.45
ORD-000965,2025-07-20,2025-07-23,CUST-00165,PROD-00097,1,0.1,250.78,194.6,56.18
ORD-000966,2024-02-28,2024-03-01,CUST-00514,PROD-00033,4,0.1,603.83,459.48,144.35
ORD-000967,2025-10-31,2025-11-01,CUST-00574,PROD-00043,5,0.0,1880.0,1262.75,617.25
ORD-000968,2025-09-27,2025-10-03,CUST-00333,PROD-00188,7,0.05,1913.4,1284.22,629.18
ORD-000969,2024-06-20,2024-06-22,CUST-00171,PROD-00196,5,0.0,1757.45,1137.1,620.35
ORD-000970,2025-09-13,2025-09-16,CUST-00087,PROD-00031,1,0.0,165.2,119.67,45.53
ORD-000971,2025-08-26,2025-08-27,CUST-00496,PROD-00156,2,0.0,100.68,55.08,45.6
ORD-000972,2025-04-11,2025-04-15,CUST-00263,PROD-00037,5,0.0,1322.65,1118.45,204.2
ORD-000973,2024-11-01,2024-11-03,CUST-00118,PROD-00014,3,0.05,1215.55,808.35,407.2
ORD-000974,2024-08-14,2024-08-16,CUST-00104,PROD-00141,7,0.2,2044.22,1594.46,449.76
ORD-000975,2024-07-08,2024-07-12,CUST-00156,PROD-00068,4,0.15,1514.39,1401.4,112.99
ORD-000976,2024-09-19,2024-09-25,CUST-00528,PROD-00053,6,0.15,1294.94,1268.82,26.12
ORD-000977,2025-11-15,2025-11-16,CUST-00340,PROD-00154,2,0.2,372.88,311.5,61.38
ORD-000978,2024-02-29,2024-03-05,CUST-00581,PROD-00209,1,0.05,433.15,347.62,85.53
ORD-000979,2025-09-28,2025-10-02,CUST-00119,PROD-00007,7,0.05,1466.19,996.24,469.95
ORD-000980,2024-10-13,2024-10-16,CUST-00478,PROD-00158,3,0.2,206.9,178.47,28.43
ORD-000981,2025-01-17,2025-01-18,CUST-00187,PROD-00194,3,0.0,1316.19,809.46,506.73
ORD-000982,2025-09-01,2025-09-07,CUST-00052,PROD-00007,5,0.15,937.04,711.6,225.44
ORD-000983,2025-11-06,2025-11-09,CUST-00573,PROD-00109,5,0.0,98.2,81.05,17.15
ORD-000984,2024-10-09,2024-10-11,CUST-00303,PROD-00048,3,0.1,727.6,544.65,182.95
ORD-000985,2024-12-13,2024-12-18,CUST-00469,PROD-00041,6,0.05,997.56,605.1,392.46
ORD-000986,2024-11-20,2024-11-23,CUST-00590,PROD-00041,4,0.15,595.03,403.4,191.63
ORD-000987,2024-01-11,2024-01-13,CUST-00278,PROD-00176,5,0.1,1857.33,1508.6,348.73
ORD-000988,2024-09-02,2024-09-06,CUST-00464,PROD-00049,7,0.0,3459.68,2775.99,683.69
ORD-000989,2024-12-12,2024-12-13,CUST-00021,PROD-00026,1,0.0,424.54,246.3,178.24
ORD-000990,2024-11-19,2024-11-25,CUST-00285,PROD-00020,4,0.2,709.98,546.92,163.06
ORD-000991,2025-06-27,2025-06-28,CUST-00396,PROD-00120,1,0.15,144.76,109.31,35.45
ORD-000992,2024-11-06,2024-11-08,CUST-00245,PROD-00004,4,0.05,116.47,97.2,19.27
ORD-000993,2024-12-26,2024-12-27,CUST-00220,PROD-00071,4,0.2,1955.33,1393.12,562.21
ORD-000994,2024-11-27,2024-11-30,CUST-00334,PROD-00013,4,0.05,2235.12,1279.36,955.76
ORD-000995,2025-07-18,2025-07-23,CUST-00400,PROD-00140,2,0.05,591.64,519.58,72.06
ORD-000996,2025-10-24,2025-10-28,CUST-00093,PROD-00024,6,0.05,1305.19,1175.04,130.15
ORD-000997,2025-01-24,2025-01-26,CUST-00477,PROD-00214,4,0.0,785.84,630.36,155.48
ORD-000998,2025-08-28,2025-09-03,CUST-00034,PROD-00176,1,0.05,392.1,301.72,90.38
ORD-000999,2024-09-03,2024-09-05,CUST-00500,PROD-00110,4,0.2,1330.3,1258.92,71.38
ORD-001000,2025-02-01,2025-02-02,CUST-00418,PROD-00212,7,0.0,4131.96,2522.45,1609.51
ORD-001001,2024-10-10,2024-10-14,CUST-00320,PROD-00212,5,0.05,2803.83,1801.75,1002.08
ORD-001002,2024-11-20,2024-11-26,CUST-00216,PROD-00037,7,0.05,1759.12,1565.83,193.29
ORD-001003,2025-07-09,2025-07-15,CUST-00277,PROD-00189,6,0.0,3776.4,2064.06,1712.34
ORD-001004,2025-11-05,2025-11-06,CUST-00478,PROD-00208,3,0.0,1370.82,1008.36,362.46
ORD-001005,2024-04-03,2024-04-06,CUST-00142,PROD-00078,2,0.2,191.97,198.32,-6.35
ORD-001006,2025-04-13,2025-04-16,CUST-00146,PROD-00054,4,0.15,1191.53,1035.8,155.73
ORD-001007,2025-03-04,2025-03-05,CUST-00400,PROD-00156,4,0.05,191.29,110.16,81.13
ORD-001008,2024-03-31,2024-04-01,CUST-00112,PROD-00144,6,0.2,766.37,541.56,224.81
ORD-001009,2024-06-16,2024-06-21,CUST-00593,PROD-00197,6,0.1,698.76,541.32,157.44
ORD-001010,2024-09-14,2024-09-19,CUST-00492,PROD-00164,6,0.0,1364.64,789.3,575.34
ORD-001011,2024-05-08,2024-05-13,CUST-00512,PROD-00085,6,0.1,429.14,285.66,143.48
ORD-001012,2024-07-21,2024-07-23,CUST-00595,PROD-00102,6,0.1,1315.01,1106.7,208.31
ORD-001013,2024-08-11,2024-08-12,CUST-00380,PROD-00140,7,0.2,1743.78,1818.53,-74.75
ORD-001014,2024-10-02,2024-10-05,CUST-00262,PROD-00215,3,0.0,615.48,520.92,94.56
ORD-001015,2025-07-28,2025-07-29,CUST-00122,PROD-00149,4,0.3,840.64,674.72,165.92
ORD-001016,2025-02-24,2025-02-26,CUST-00221,PROD-00136,6,0.0,1359.06,914.28,444.78
ORD-001017,2025-12-25,2025-12-31,CUST-00474,PROD-00141,4,0.0,1460.16,911.12,549.04
ORD-001018,2024-11-20,2024-11-26,CUST-00153,PROD-00190,7,0.05,1894.58,1697.22,197.36
ORD-001019,2025-08-01,2025-08-05,CUST-00319,PROD-00158,3,0.05,245.7,178.47,67.23
ORD-001020,2025-10-30,2025-10-31,CUST-00329,PROD-00160,3,0.15,76.88,66.66,10.22
ORD-001021,2025-05-17,2025-05-20,CUST-00473,PROD-00129,3,0.1,1460.86,896.25,564.61
ORD-001022,2024-11-19,2024-11-25,CUST-00046,PROD-00001,6,0.3,169.89,128.4,41.49
ORD-001023,2025-08-01,2025-08-03,CUST-00291,PROD-00202,4,0.15,1382.41,1327.12,55.29
ORD-001024,2024-06-07,2024-06-12,CUST-00511,PROD-00156,6,0.1,271.84,165.24,106.6
ORD-001025,2024-09-26,2024-10-02,CUST-00356,PROD-00100,6,0.0,1152.06,646.98,505.08
ORD-001026,2025-02-05,2025-02-06,CUST-00067,PROD-00091,3,0.1,809.7,516.24,293.46
ORD-001027,2025-02-27,2025-03-02,CUST-00433,PROD-00033,3,0.0,503.19,344.61,158.58
ORD-001028,2024-01-17,2024-01-20,CUST-00380,PROD-00143,4,0.0,173.4,123.8,49.6
ORD-001029,2025-12-05,2025-12-10,CUST-00075,PROD-00023,1,0.1,419.61,305.66,113.95
ORD-001030,2025-05-31,2025-06-06,CUST-00415,PROD-00193,2,0.15,428.62,266.62,162.0
ORD-001031,2024-12-29,2025-01-04,CUST-00436,PROD-00040,1,0.0,273.35,149.42,123.93
ORD-001032,2025-11-29,2025-12-02,CUST-00010,PROD-00069,1,0.05,674.44,396.93,277.51
ORD-001033,2024-12-02,2024-12-08,CUST-00196,PROD-00074,7,0.2,3308.76,2615.41,693.35
ORD-001034,2025-12-22,2025-12-25,CUST-00264,PROD-00177,7,0.15,2881.94,2268.77,613.17
ORD-001035,2025-01-09,2025-01-14,CUST-00311,PROD-00139,3,0.0,696.72,479.91,216.81
ORD-001036,2024-03-28,2024-03-30,CUST-00086,PROD-00035,5,0.0,1758.8,1429.75,329.05
ORD-001037,2025-08-10,2025-08-14,CUST-00404,PROD-00171,7,0.05,473.61,299.81,173.8
ORD-001038,2025-05-17,2025-05-21,CUST-00252,PROD-00021,3,0.2,588.77,471.36,117.41
ORD-001039,2025-08-16,2025-08-18,CUST-00264,PROD-00068,3,0.05,1269.42,1051.05,218.37
ORD-001040,2025-12-08,2025-12-13,CUST-00442,PROD-00001,6,0.0,242.7,128.4,114.3
ORD-001041,2025-08-19,2025-08-20,CUST-00274,PROD-00088,2,0.15,182.78,118.48,64.3
ORD-001042,2025-03-26,2025-03-30,CUST-00458,PROD-00073,1,0.05,375.51,280.42,95.09
ORD-001043,2025-10-20,2025-10-22,CUST-00599,PROD-00053,4,0.0,1015.64,845.88,169.76
ORD-001044,2025-05-13,2025-05-14,CUST-00359,PROD-00036,2,0.0,1080.04,735.52,344.52
ORD-001045,2024-11-17,2024-11-21,CUST-00421,PROD-00041,7,0.1,1102.56,705.95,396.61
ORD-001046,2025-11-07,2025-11-13,CUST-00510,PROD-00146,4,0.15,625.06,614.4,10.66
ORD-001047,2024-06-27,2024-07-03,CUST-00367,PROD-00018,7,0.1,2983.43,1887.9,1095.53
ORD-001048,2025-06-19,2025-06-23,CUST-00573,PROD-00088,7,0.2,602.11,414.68,187.43
ORD-001049,2025-11-05,2025-11-08,CUST-00133,PROD-00064,7,0.0,2640.54,1725.71,914.83
ORD-001050,2025-07-08,2025-07-13,CUST-00231,PROD-00045,1,0.0,107.9,77.95,29.95
ORD-001051,2025-05-31,2025-06-04,CUST-00474,PROD-00131,5,0.0,2633.2,1495.0,1138.2
ORD-001052,2025-07-31,2025-08-06,CUST-00471,PROD-00164,1,0.0,227.44,131.55,95.89
ORD-001053,2024-12-14,2024-12-19,CUST-00598,PROD-00029,4,0.05,1443.13,1058.56,384.57
ORD-001054,2025-11-01,2025-11-06,CUST-00458,PROD-00117,1,0.1,183.68,160.35,23.33
ORD-001055,2024-06-06,2024-06-12,CUST-00010,PROD-00102,3,0.05,694.03,553.35,140.68
ORD-001056,2024-04-07,2024-04-10,CUST-00510,PROD-00113,4,0.1,601.45,537.24,64.21
ORD-001057,2024-08-25,2024-08-31,CUST-00103,PROD-00161,7,0.05,1310.45,802.2,508.25
ORD-001058,2025-01-24,2025-01-29,CUST-00398,PROD-00136,3,0.15,577.6,457.14,120.46
ORD-001059,2025-01-08,2025-01-10,CUST-00054,PROD-00021,7,0.0,1717.24,1099.84,617.4
ORD-001060,2025-09-21,2025-09-25,CUST-00014,PROD-00203,2,0.1,1113.59,725.8,387.79
ORD-001061,2024-11-15,2024-11-18,CUST-00239,PROD-00145,6,0.05,523.66,394.8,128.86
ORD-001062,2024-12-24,2024-12-30,CUST-00392,PROD-00184,1,0.1,241.19,185.07,56.12
ORD-001063,2024-01-11,2024-01-12,CUST-00146,PROD-00026,7,0.0,2971.78,1724.1,1247.68
ORD-001064,2024-11-18,2024-11-24,CUST-00170,PROD-00090,3,0.05,852.58,479.19,373.39
ORD-001065,2025-04-23,2025-04-29,CUST-00053,PROD-00118,5,0.05,343.0,278.15,64.85
ORD-001066,2024-01-12,2024-01-15,CUST-00077,PROD-00080,2,0.0,418.1,233.76,184.34
ORD-001067,2024-08-21,2024-08-23,CUST-00403,PROD-00205,3,0.0,1733.04,972.09,760.95
ORD-001068,2024-06-11,2024-06-15,CUST-00281,PROD-00166,3,0.0,1533.81,1061.4,472.41
ORD-001069,2024-02-02,2024-02-04,CUST-00324,PROD-00056,7,0.0,4583.39,2783.9,1799.49
ORD-001070,2024-12-21,2024-12-25,CUST-00208,PROD-00059,5,0.05,517.94,374.15,143.79
ORD-001071,2024-05-19,2024-05-22,CUST-00224,PROD-00088,1,0.0,107.52,59.24,48.28
ORD-001072,2025-07-21,2025-07-23,CUST-00066,PROD-00080,7,0.0,1463.35,818.16,645.19
ORD-001073,2025-10-12,2025-10-18,CUST-00385,PROD-00191,3,0.3,958.52,988.77,-30.25
ORD-001074,2025-02-04,2025-02-09,CUST-00124,PROD-00158,3,0.0,258.63,178.47,80.16
ORD-001075,2025-12-23,2025-12-29,CUST-00158,PROD-00216,5,0.0,2408.8,1933.85,474.95
ORD-001076,2024-12-07,2024-12-10,CUST-00328,PROD-00192,6,0.05,420.55,244.32,176.23
ORD-001077,2025-01-10,2025-01-15,CUST-00443,PROD-00164,5,0.1,1023.48,657.75,365.73
ORD-001078,2025-12-26,2025-12-29,CUST-00195,PROD-00089,1,0.0,226.77,146.86,79.91
ORD-001079,2024-07-07,2024-07-09,CUST-00241,PROD-00154,5,0.15,990.46,778.75,211.71
ORD-001080,2025-12-04,2025-12-09,CUST-00031,PROD-00036,2,0.05,1026.04,735.52,290.52
ORD-001081,2024-02-02,2024-02-04,CUST-00556,PROD-00062,1,0.3,512.86,397.05,115.81
ORD-001082,2024-12-05,2024-12-11,CUST-00536,PROD-00140,4,0.0,1245.56,1039.16,206.4
ORD-001083,2024-02-23,2024-02-26,CUST-00528,PROD-00029,3,0.05,1082.34,793.92,288.42
ORD-001084,2025-07-05,2025-07-07,CUST-00053,PROD-00020,3,0.3,465.93,410.19,55.74
ORD-001085,2025-03-24,2025-03-29,CUST-00483,PROD-00042,5,0.1,2542.32,1708.3,834.02
ORD-001086,2025-06-11,2025-06-14,CUST-00053,PROD-00173,3,0.05,763.17,663.21,99.96
ORD-001087,2024-11-01,2024-11-06,CUST-00463,PROD-00015,6,0.05,2702.88,2398.62,304.26
ORD-001088,2024-10-28,2024-10-31,CUST-00500,PROD-00121,2,0.3,937.94,783.06,154.88
ORD-001089,2024-02-04,2024-02-09,CUST-00180,PROD-00016,3,0.05,1941.56,1192.17,749.39
ORD-001090,2024-10-13,2024-10-16,CUST-00181,PROD-00174,2,0.1,397.85,352.04,45.81
ORD-001091,2025-11-28,2025-12-03,CUST-00434,PROD-00137,2,0.1,183.92,124.06,59.86
ORD-001092,2024-11-03,2024-11-04,CUST-00574,PROD-00212,4,0.15,2006.95,1441.4,565.55
ORD-001093,2025-09-30,2025-10-03,CUST-00044,PROD-00153,6,0.0,3039.18,2260.5,778.68
ORD-001094,2025-10-08,2025-10-11,CUST-00156,PROD-00019,6,0.0,1430.58,794.04,636.54
ORD-001095,2024-10-31,2024-11-01,CUST-00214,PROD-00079,3,0.15,626.51,532.62,93.89
ORD-001096,2025-04-11,2025-04-15,CUST-00198,PROD-00017,4,0.0,2152.36,1189.88,962.48
ORD-001097,2024-03-14,2024-03-19,CUST-00457,PROD-00010,5,0.2,1787.32,1741.55,45.77
ORD-001098,2024-03-20,2024-03-26,CUST-00107,PROD-00171,3,0.05,202.98,128.49,74.49
ORD-001099,2024-02-07,2024-02-08,CUST-00446,PROD-00129,5,0.2,2164.24,1493.75,670.49
ORD-001100,2025-03-03,2025-03-07,CUST-00440,PROD-00001,5,0.15,171.91,107.0,64.91
ORD-001101,2024-11-26,2024-11-30,CUST-00577,PROD-00179,2,0.0,472.12,274.88,197.24
ORD-001102,2025-02-06,2025-02-09,CUST-00180,PROD-00174,5,0.1,994.64,880.1,114.54
ORD-001103,2025-01-16,2025-01-21,CUST-00400,PROD-00100,1,0.3,134.41,107.83,26.58
ORD-001104,2024-10-14,2024-10-16,CUST-00404,PROD-00197,4,0.1,465.84,360.88,104.96
ORD-001105,2025-05-16,2025-05-21,CUST-00186,PROD-00048,2,0.0,538.96,363.1,175.86
ORD-001106,2025-08-05,2025-08-08,CUST-00225,PROD-00144,3,0.0,478.98,270.78,208.2
ORD-001107,2024-01-12,2024-01-13,CUST-00465,PROD-00132,1,0.1,230.4,147.31,83.09
ORD-001108,2024-06-11,2024-06-12,CUST-00334,PROD-00152,3,0.1,1074.79,713.7,361.09
ORD-001109,2025-06-18,2025-06-21,CUST-00036,PROD-00010,1,0.0,446.83,348.31,98.52
ORD-001110,2024-11-07,2024-11-08,CUST-00530,PROD-00134,4,0.1,1968.98,1534.24,434.74
ORD-001111,2025-05-05,2025-05-10,CUST-00498,PROD-00191,2,0.1,821.59,659.18,162.41
ORD-001112,2024-10-11,2024-10-13,CUST-00545,PROD-00087,1,0.05,196.81,128.05,68.76
ORD-001113,2024-11-09,2024-11-14,CUST-00137,PROD-00067,1,0.05,175.73,127.77,47.96
ORD-001114,2024-05-01,2024-05-05,CUST-00183,PROD-00168,2,0.05,208.64,129.66,78.98
ORD-001115,2024-08-04,2024-08-06,CUST-00490,PROD-00142,5,0.15,1210.57,1220.2,-9.63
ORD-001116,2025-03-22,2025-03-28,CUST-00147,PROD-00066,7,0.0,1552.46,1101.24,451.22
ORD-001117,2024-11-29,2024-12-05,CUST-00502,PROD-00141,2,0.2,584.06,455.56,128.5
ORD-001118,2025-08-17,2025-08-19,CUST-00326,PROD-00038,1,0.0,14.67,9.01,5.66
ORD-001119,2025-10-16,2025-10-20,CUST-00057,PROD-00110,7,0.2,2328.03,2203.11,124.92
ORD-001120,2025-02-01,2025-02-03,CUST-00254,PROD-00129,3,0.0,1623.18,896.25,726.93
ORD-001121,2025-08-05,2025-08-06,CUST-00495,PROD-00070,5,0.0,472.7,268.1,204.6
ORD-001122,2024-09-10,2024-09-11,CUST-00541,PROD-00210,6,0.05,165.02,126.06,38.96
ORD-001123,2024-11-20,2024-11-23,CUST-00481,PROD-00138,3,0.1,40.36,27.78,12.58
ORD-001124,2025-06-17,2025-06-18,CUST-00587,PROD-00161,4,0.2,630.59,458.4,172.19
ORD-001125,2024-11-07,2024-11-13,CUST-00379,PROD-00049,3,0.1,1334.45,1189.71,144.74
ORD-001126,2025-03-09,2025-03-10,CUST-00360,PROD-00176,5,0.1,1857.33,1508.6,348.73
ORD-001127,2024-05-22,2024-05-26,CUST-00157,PROD-00053,2,0.1,457.04,422.94,34.1
ORD-001128,2025-03-18,2025-03-19,CUST-00269,PROD-00155,6,0.05,1617.15,1125.66,491.49
ORD-001129,2025-10-23,2025-10-26,CUST-00173,PROD-00131,6,0.0,3159.84,1794.0,1365.84
ORD-001130,2025-10-28,2025-11-01,CUST-00289,PROD-00002,3,0.15,1128.35,1125.45,2.9
ORD-001131,2025-06-30,2025-07-03,CUST-00161,PROD-00186,7,0.15,3003.08,2231.6,771.48
ORD-001132,2025-07-24,2025-07-30,CUST-00027,PROD-00135,1,0.0,508.0,338.05,169.95
ORD-001133,2025-02-13,2025-02-17,CUST-00094,PROD-00008,3,0.0,648.12,386.13,261.99
ORD-001134,2025-03-06,2025-03-08,CUST-00006,PROD-00121,2,0.05,1272.92,783.06,489.86
ORD-001135,2024-04-12,2024-04-17,CUST-00230,PROD-00211,1,0.0,602.75,349.51,253.24
ORD-001136,2024-12-04,2024-12-08,CUST-00226,PROD-00059,4,0.0,436.16,299.32,136.84
ORD-001137,2024-12-08,2024-12-11,CUST-00498,PROD-00048,6,0.1,1455.19,1089.3,365.89
ORD-001138,2025-12-12,2025-12-13,CUST-00230,PROD-00215,5,0.1,923.22,868.2,55.02
ORD-001139,2024-11-28,2024-11-29,CUST-00584,PROD-00209,3,0.0,1367.85,1042.86,324.99
ORD-001140,2025-02-07,2025-02-11,CUST-00366,PROD-00052,6,0.0,1282.5,911.1,371.4
ORD-001141,2025-01-26,2025-02-01,CUST-00596,PROD-00048,7,0.0,1886.36,1270.85,615.51
ORD-001142,2025-04-15,2025-04-18,CUST-00349,PROD-00067,2,0.0,369.96,255.54,114.42
ORD-001143,2025-07-26,2025-07-28,CUST-00160,PROD-00184,2,0.05,509.18,370.14,139.04
ORD-001144,2024-06-30,2024-07-02,CUST-00423,PROD-00018,1,0.0,473.56,269.7,203.86
ORD-001145,2025-01-22,2025-01-26,CUST-00516,PROD-00020,4,0.15,754.36,546.92,207.44
ORD-001146,2025-09-25,2025-09-27,CUST-00023,PROD-00185,7,0.15,2992.73,2702.49,290.24
ORD-001147,2024-12-13,2024-12-18,CUST-00193,PROD-00209,7,0.15,2712.9,2433.34,279.56
ORD-001148,2024-08-20,2024-08-22,CUST-00266,PROD-00122,6,0.1,218.48,174.66,43.82
ORD-001149,2025-04-29,2025-05-05,CUST-00438,PROD-00113,2,0.2,267.31,268.62,-1.31
ORD-001150,2025-09-24,2025-09-28,CUST-00348,PROD-00220,3,0.1,178.85,165.42,13.43
ORD-001151,2024-02-18,2024-02-19,CUST-00562,PROD-00057,2,0.1,461.14,365.94,95.2
ORD-001152,2025-08-19,2025-08-23,CUST-00182,PROD-00194,2,0.0,877.46,539.64,337.82
ORD-001153,2025-09-22,2025-09-27,CUST-00120,PROD-00063,3,0.05,942.89,813.75,129.14
ORD-001154,2024-12-13,2024-12-18,CUST-00479,PROD-00217,4,0.05,2111.32,1327.24,784.08
ORD-001155,2025-12-23,2025-12-28,CUST-00264,PROD-00095,5,0.0,1659.5,930.6,728.9
ORD-001156,2025-08-26,2025-09-01,CUST-00495,PROD-00057,6,0.05,1460.28,1097.82,362.46
ORD-001157,2025-08-16,2025-08-22,CUST-00369,PROD-00093,2,0.0,385.98,205.1,180.88
ORD-001158,2025-07-26,2025-07-27,CUST-00267,PROD-00073,6,0.0,2371.62,1682.52,689.1
ORD-001159,2024-04-25,2024-04-28,CUST-00055,PROD-00153,7,0.1,3191.14,2637.25,553.89
ORD-001160,2024-06-22,2024-06-23,CUST-00113,PROD-00166,4,0.0,2045.08,1415.2,629.88
ORD-001161,2024-12-14,2024-12-15,CUST-00431,PROD-00036,5,0.1,2430.09,1838.8,591.29
ORD-001162,2024-08-08,2024-08-11,CUST-00456,PROD-00067,5,0.15,786.16,638.85,147.31
ORD-001163,2024-11-21,2024-11-24,CUST-00145,PROD-00053,4,0.05,964.86,845.88,118.98
ORD-001164,2025-11-08,2025-11-12,CUST-00124,PROD-00086,6,0.0,2031.78,1537.26,494.52
ORD-001165,2025-09-24,2025-09-30,CUST-00201,PROD-00020,5,0.0,1109.35,683.65,425.7
ORD-001166,2025-04-10,2025-04-16,CUST-00389,PROD-00064,7,0.05,2508.51,1725.71,782.8
ORD-001167,2025-10-20,2025-10-24,CUST-00046,PROD-00168,5,0.1,494.14,324.15,169.99
ORD-001168,2025-08-24,2025-08-25,CUST-00540,PROD-00087,3,0.05,590.43,384.15,206.28
ORD-001169,2024-11-27,2024-11-29,CUST-00022,PROD-00191,2,0.0,912.88,659.18,253.7
ORD-001170,2024-06-04,2024-06-05,CUST-00326,PROD-00183,5,0.15,1418.95,1095.85,323.1
ORD-001171,2025-01-11,2025-01-16,CUST-00202,PROD-00065,4,0.15,103.84,88.68,15.16
ORD-001172,2025-07-13,2025-07-17,CUST-00017,PROD-00068,5,0.2,1781.64,1751.75,29.89
ORD-001173,2024-12-01,2024-12-05,CUST-00482,PROD-00007,6,0.2,1058.3,853.92,204.38
ORD-001174,2025-05-08,2025-05-11,CUST-00558,PROD-00138,4,0.0,59.8,37.04,22.76
ORD-001175,2024-03-13,2024-03-18,CUST-00462,PROD-00061,6,0.2,940.03,947.7,-7.67
ORD-001176,2025-07-26,2025-07-30,CUST-00003,PROD-00013,2,0.3,823.47,639.68,183.79
ORD-001177,2025-09-15,2025-09-19,CUST-00264,PROD-00083,1,0.0,490.31,303.67,186.64
ORD-001178,2025-06-11,2025-06-12,CUST-00219,PROD-00146,2,0.2,294.14,307.2,-13.06
ORD-001179,2025-12-16,2025-12-17,CUST-00089,PROD-00077,6,0.3,767.17,912.42,-145.25
ORD-001180,2025-09-26,2025-09-30,CUST-00354,PROD-00056,4,0.0,2619.08,1590.8,1028.28
ORD-001181,2025-11-15,2025-11-16,CUST-00386,PROD-00142,1,0.0,284.84,244.04,40.8
ORD-001182,2025-11-30,2025-12-01,CUST-00531,PROD-00080,3,0.0,627.15,350.64,276.51
ORD-001183,2025-09-07,2025-09-10,CUST-00130,PROD-00027,2,0.05,844.57,576.94,267.63
ORD-001184,2025-05-14,2025-05-16,CUST-00138,PROD-00019,2,0.0,476.86,264.68,212.18
ORD-001185,2024-01-05,2024-01-06,CUST-00456,PROD-00184,2,0.1,482.38,370.14,112.24
ORD-001186,2024-12-15,2024-12-17,CUST-00423,PROD-00149,7,0.1,1891.45,1180.76,710.69
ORD-001187,2025-02-24,2025-02-27,CUST-00169,PROD-00070,2,0.0,189.08,107.24,81.84
ORD-001188,2024-09-08,2024-09-11,CUST-00347,PROD-00005,7,0.3,1578.0,1938.3,-360.3
ORD-001189,2024-09-19,2024-09-21,CUST-00057,PROD-00186,4,0.15,1716.05,1275.2,440.85
ORD-001190,2025-12-13,2025-12-15,CUST-00501,PROD-00165,4,0.1,98.17,66.2,31.97
ORD-001191,2025-11-10,2025-11-11,CUST-00348,PROD-00102,5,0.05,1156.72,922.25,234.47
ORD-001192,2025-10-13,2025-10-19,CUST-00054,PROD-00037,3,0.1,714.23,671.07,43.16
ORD-001193,2024-11-16,2024-11-17,CUST-00508,PROD-00172,6,0.0,846.84,582.84,264.0
ORD-001194,2024-01-11,2024-01-12,CUST-00023,PROD-00192,4,0.05,280.36,162.88,117.48
ORD-001195,2024-03-02,2024-03-05,CUST-00018,PROD-00191,5,0.05,2168.09,1647.95,520.14
ORD-001196,2024-09-14,2024-09-19,CUST-00039,PROD-00217,2,0.1,1000.1,663.62,336.48
ORD-001197,2024-01-13,2024-01-16,CUST-00281,PROD-00099,1,0.0,494.38,266.21,228.17
ORD-001198,2024-01-14,2024-01-18,CUST-00238,PROD-00123,1,0.05,421.74,375.46,46.28
ORD-001199,2025-11-21,2025-11-23,CUST-00173,PROD-00193,3,0.1,680.75,399.93,280.82
ORD-001200,2025-06-10,2025-06-16,CUST-00409,PROD-00176,4,0.15,1403.32,1206.88,196.44
ORD-001201,2024-09-12,2024-09-15,CUST-00080,PROD-00066,1,0.1,199.6,157.32,42.28
ORD-001202,2024-04-11,2024-04-17,CUST-00234,PROD-00051,4,0.1,272.52,166.32,106.2
ORD-001203,2025-01-09,2025-01-12,CUST-00446,PROD-00081,1,0.2,328.68,250.88,77.8
ORD-001204,2024-01-05,2024-01-08,CUST-00153,PROD-00110,2,0.15,706.72,629.46,77.26
ORD-001205,2025-12-02,2025-12-07,CUST-00415,PROD-00139,6,0.3,975.41,959.82,15.59
ORD-001206,2024-11-20,2024-11-26,CUST-00315,PROD-00067,1,0.1,166.48,127.77,38.71
ORD-001207,2024-11-14,2024-11-20,CUST-00505,PROD-00081,3,0.0,1232.55,752.64,479.91
ORD-001208,2024-11-09,2024-11-11,CUST-00523,PROD-00112,3,0.1,1088.21,781.23,306.98
ORD-001209,2024-02-23,2024-02-28,CUST-00539,PROD-00054,7,0.0,2453.15,1812.65,640.5
ORD-001210,2025-04-16,2025-04-18,CUST-00443,PROD-00115,2,0.0,164.18,138.8,25.38
ORD-001211,2025-07-10,2025-07-11,CUST-00255,PROD-00176,6,0.2,1981.15,1810.32,170.83
ORD-001212,2025-05-15,2025-05-18,CUST-00262,PROD-00019,6,0.1,1287.52,794.04,493.48
ORD-001213,2024-04-16,2024-04-20,CUST-00197,PROD-00180,1,0.0,338.87,266.57,72.3
ORD-001214,2025-03-02,2025-03-04,CUST-00302,PROD-00132,4,0.0,1024.0,589.24,434.76
ORD-001215,2025-02-22,2025-02-24,CUST-00532,PROD-00208,2,0.1,822.49,672.24,150.25
ORD-001216,2025-10-28,2025-10-29,CUST-00094,PROD-00158,3,0.15,219.84,178.47,41.37
ORD-001217,2024-11-03,2024-11-07,CUST-00447,PROD-00107,1,0.0,251.13,145.08,106.05
ORD-001218,2024-10-30,2024-11-03,CUST-00209,PROD-00003,7,0.0,668.92,549.92,119.0
ORD-001219,2025-04-01,2025-04-04,CUST-00282,PROD-00138,2,0.05,28.4,18.52,9.88
ORD-001220,2025-04-12,2025-04-14,CUST-00079,PROD-00101,6,0.0,3334.86,1885.32,1449.54
ORD-001221,2024-12-16,2024-12-20,CUST-00351,PROD-00062,6,0.1,3956.36,2382.3,1574.06
ORD-001222,2024-12-04,2024-12-09,CUST-00111,PROD-00104,7,0.05,1433.34,1272.32,161.02
ORD-001223,2024-12-28,2024-12-30,CUST-00539,PROD-00085,1,0.0,79.47,47.61,31.86
ORD-001224,2025-10-22,2025-10-26,CUST-00591,PROD-00216,1,0.05,457.67,386.77,70.9
ORD-001225,2024-12-13,2024-12-16,CUST-00392,PROD-00067,3,0.2,443.95,383.31,60.64
ORD-001226,2025-12-03,2025-12-06,CUST-00420,PROD-00217,4,0.0,2222.44,1327.24,895.2
ORD-001227,2025-01-03,2025-01-05,CUST-00592,PROD-00183,6,0.0,2003.22,1315.02,688.2
ORD-001228,2025-12-07,2025-12-13,CUST-00280,PROD-00145,4,0.0,367.48,263.2,104.28
ORD-001229,2025-10-01,2025-10-05,CUST-00011,PROD-00012,6,0.1,2970.49,2091.66,878.83
ORD-001230,2024-10-23,2024-10-24,CUST-00566,PROD-00055,2,0.0,604.44,433.84,170.6
ORD-001231,2025-10-24,2025-10-25,CUST-00249,PROD-00127,6,0.3,345.53,404.52,-58.99
ORD-001232,2024-03-25,2024-03-31,CUST-00131,PROD-00122,4,0.1,145.66,116.44,29.22
ORD-001233,2025-11-26,2025-11-28,CUST-00526,PROD-00048,5,0.0,1347.4,907.75,439.65
ORD-001234,2025-04-11,2025-04-15,CUST-00455,PROD-00217,3,0.1,1500.15,995.43,504.72
ORD-001235,2024-02-11,2024-02-13,CUST-00327,PROD-00080,2,0.0,418.1,233.76,184.34
ORD-001236,2025-04-21,2025-04-26,CUST-00185,PROD-00180,2,0.15,576.08,533.14,42.94
ORD-001237,2025-12-19,2025-12-25,CUST-00515,PROD-00136,3,0.2,543.62,457.14,86.48
ORD-001238,2024-02-23,2024-02-24,CUST-00371,PROD-00049,5,0.1,2224.08,1982.85,241.23
ORD-001239,2025-02-11,2025-02-17,CUST-00262,PROD-00062,3,0.05,2088.08,1191.15,896.93
ORD-001240,2025-07-26,2025-08-01,CUST-00268,PROD-00012,7,0.0,3850.63,2440.27,1410.36
ORD-001241,2025-09-13,2025-09-18,CUST-00091,PROD-00088,4,0.1,387.07,236.96,150.11
ORD-001242,2024-11-20,2024-11-21,CUST-00111,PROD-00080,4,0.2,668.96,467.52,201.44
ORD-001243,2024-06-07,2024-06-08,CUST-00214,PROD-00191,2,0.05,867.24,659.18,208.06
ORD-001244,2024-02-02,2024-02-08,CUST-00240,PROD-00078,1,0.15,101.98,99.16,2.82
ORD-001245,2025-03-02,2025-03-05,CUST-00444,PROD-00054,7,0.0,2453.15,1812.65,640.5
ORD-001246,2024-12-09,2024-12-15,CUST-00420,PROD-00054,4,0.15,1191.53,1035.8,155.73
ORD-001247,2025-12-07,2025-12-12,CUST-00228,PROD-00132,2,0.05,486.4,294.62,191.78
ORD-001248,2024-02-16,2024-02-19,CUST-00487,PROD-00037,3,0.1,714.23,671.07,43.16
ORD-001249,2025-05-22,2025-05-25,CUST-00381,PROD-00087,5,0.15,880.47,640.25,240.22
ORD-001250,2024-01-20,2024-01-21,CUST-00525,PROD-00191,4,0.05,1734.47,1318.36,416.11
ORD-001251,2024-05-11,2024-05-12,CUST-00049,PROD-00124,2,0.1,606.96,553.28,53.68
ORD-001252,2024-12-09,2024-12-13,CUST-00386,PROD-00194,7,0.0,3071.11,1888.74,1182.37
ORD-001253,2024-12-10,2024-12-15,CUST-00482,PROD-00211,2,0.15,1024.68,699.02,325.66
ORD-001254,2025-05-23,2025-05-25,CUST-00300,PROD-00083,1,0.0,490.31,303.67,186.64
ORD-001255,2025-11-18,2025-11-24,CUST-00364,PROD-00206,1,0.1,85.76,57.5,28.26
ORD-001256,2025-04-17,2025-04-19,CUST-00108,PROD-00060,2,0.2,380.51,288.5,92.01
ORD-001257,2025-12-09,2025-12-15,CUST-00224,PROD-00006,3,0.0,1557.66,1044.66,513.0
ORD-001258,2025-11-05,2025-11-07,CUST-00206,PROD-00140,6,0.05,1774.92,1558.74,216.18
ORD-001259,2025-03-06,2025-03-08,CUST-00524,PROD-00136,2,0.0,453.02,304.76,148.26
ORD-001260,2025-10-02,2025-10-05,CUST-00136,PROD-00045,5,0.2,431.6,389.75,41.85
ORD-001261,2025-04-19,2025-04-23,CUST-00401,PROD-00103,4,0.0,1066.76,844.88,221.88
ORD-001262,2024-03-01,2024-03-04,CUST-00270,PROD-00017,5,0.1,2421.41,1487.35,934.06
ORD-001263,2025-07-18,2025-07-21,CUST-00319,PROD-00033,5,0.0,838.65,574.35,264.3
ORD-001264,2024-03-13,2024-03-18,CUST-00430,PROD-00024,6,0.05,1305.19,1175.04,130.15
ORD-001265,2025-03-13,2025-03-19,CUST-00125,PROD-00053,2,0.1,457.04,422.94,34.1
ORD-001266,2025-06-06,2025-06-08,CUST-00188,PROD-00120,1,0.0,170.31,109.31,61.0
ORD-001267,2024-02-21,2024-02-26,CUST-00530,PROD-00164,2,0.05,432.14,263.1,169.04
ORD-001268,2024-07-06,2024-07-10,CUST-00561,PROD-00176,2,0.0,825.48,603.44,222.04
ORD-001269,2025-11-21,2025-11-26,CUST-00289,PROD-00050,4,0.05,974.43,560.76,413.67
ORD-001270,2025-03-30,2025-04-03,CUST-00500,PROD-00164,1,0.1,204.7,131.55,73.15
ORD-001271,2024-07-23,2024-07-28,CUST-00262,PROD-00173,7,0.1,1687.01,1547.49,139.52
ORD-001272,2025-05-26,2025-05-31,CUST-00356,PROD-00065,6,0.2,146.59,133.02,13.57
ORD-001273,2025-03-15,2025-03-20,CUST-00356,PROD-00216,6,0.1,2601.5,2320.62,280.88
ORD-001274,2025-01-01,2025-01-02,CUST-00357,PROD-00109,1,0.15,16.69,16.21,0.48
ORD-001275,2025-12-20,2025-12-22,CUST-00219,PROD-00173,3,0.0,803.34,663.21,140.13
ORD-001276,2025-05-21,2025-05-23,CUST-00579,PROD-00145,1,0.0,91.87,65.8,26.07
ORD-001277,2024-11-01,2024-11-05,CUST-00340,PROD-00185,1,0.1,452.68,386.07,66.61
ORD-001278,2025-09-06,2025-09-12,CUST-00016,PROD-00021,5,0.0,1226.6,785.6,441.0
ORD-001279,2025-11-06,2025-11-12,CUST-00288,PROD-00114,6,0.0,2322.54,1463.64,858.9
ORD-001280,2024-04-06,2024-04-11,CUST-00166,PROD-00182,4,0.2,877.25,898.36,-21.11
ORD-001281,2024-06-03,2024-06-04,CUST-00333,PROD-00175,4,0.0,1618.0,1081.04,536.96
ORD-001282,2024-06-20,2024-06-22,CUST-00121,PROD-00003,2,0.0,191.12,157.12,34.0
ORD-001283,2025-05-27,2025-05-29,CUST-00068,PROD-00114,4,0.0,1548.36,975.76,572.6
ORD-001284,2025-03-20,2025-03-25,CUST-00386,PROD-00042,2,0.0,1129.92,683.32,446.6
ORD-001285,2025-04-01,2025-04-05,CUST-00492,PROD-00101,4,0.05,2112.08,1256.88,855.2
ORD-001286,2025-12-03,2025-12-09,CUST-00214,PROD-00098,4,0.05,2182.45,1262.92,919.53
ORD-001287,2025-08-18,2025-08-23,CUST-00535,PROD-00042,5,0.0,2824.8,1708.3,1116.5
ORD-001288,2024-04-08,2024-04-09,CUST-00116,PROD-00150,6,0.1,2675.75,2283.12,392.63
ORD-001289,2024-10-12,2024-10-17,CUST-00293,PROD-00151,1,0.3,113.91,139.13,-25.22
ORD-001290,2024-11-30,2024-12-06,CUST-00589,PROD-00160,7,0.0,211.05,155.54,55.51
ORD-001291,2024-11-11,2024-11-14,CUST-00085,PROD-00006,5,0.05,2466.3,1741.1,725.2
ORD-001292,2025-05-10,2025-05-16,CUST-00393,PROD-00047,5,0.3,1732.26,1976.05,-243.79
ORD-001293,2025-11-10,2025-11-13,CUST-00426,PROD-00170,7,0.1,586.03,558.18,27.85
ORD-001294,2024-09-10,2024-09-13,CUST-00249,PROD-00071,3,0.3,1283.18,1044.84,238.34
ORD-001295,2025-02-09,2025-02-14,CUST-00543,PROD-00066,6,0.05,1264.15,943.92,320.23
ORD-001296,2025-08-28,2025-09-03,CUST-00191,PROD-00066,7,0.0,1552.46,1101.24,451.22
ORD-001297,2024-11-21,2024-11-22,CUST-00500,PROD-00094,1,0.1,31.77,24.71,7.06
ORD-001298,2024-05-09,2024-05-10,CUST-00375,PROD-00189,6,0.0,3776.4,2064.06,1712.34
ORD-001299,2024-12-19,2024-12-24,CUST-00573,PROD-00105,1,0.1,312.96,288.8,24.16
ORD-001300,2024-02-12,2024-02-14,CUST-00511,PROD-00167,2,0.1,336.17,219.96,116.21
ORD-001301,2025-12-04,2025-12-06,CUST-00104,PROD-00056,6,0.15,3339.33,2386.2,953.13
ORD-001302,2024-02-27,2024-03-03,CUST-00374,PROD-00038,3,0.0,44.01,27.03,16.98
ORD-001303,2024-12-02,2024-12-06,CUST-00408,PROD-00054,2,0.0,700.9,517.9,183.0
ORD-001304,2025-01-23,2025-01-27,CUST-00476,PROD-00048,1,0.15,229.06,181.55,47.51
ORD-001305,2025-12-24,2025-12-27,CUST-00582,PROD-00114,4,0.0,1548.36,975.76,572.6
ORD-001306,2024-05-07,2024-05-10,CUST-00349,PROD-00196,6,0.1,1898.05,1364.52,533.53
ORD-001307,2024-03-28,2024-04-03,CUST-00523,PROD-00148,7,0.15,2335.91,1805.44,530.47
ORD-001308,2024-01-07,2024-01-08,CUST-00442,PROD-00038,1,0.1,13.2,9.01,4.19
ORD-001309,2024-04-29,2024-05-04,CUST-00360,PROD-00065,1,0.15,25.96,22.17,3.79
ORD-001310,2024-06-11,2024-06-15,CUST-00537,PROD-00091,2,0.05,569.79,344.16,225.63
ORD-001311,2025-04-10,2025-04-12,CUST-00032,PROD-00033,2,0.3,234.82,229.74,5.08
ORD-001312,2024-06-24,2024-06-26,CUST-00061,PROD-00041,1,0.1,157.51,100.85,56.66
ORD-001313,2024-01-16,2024-01-19,CUST-00198,PROD-00031,7,0.1,1040.76,837.69,203.07
ORD-001314,2025-09-26,2025-09-29,CUST-00147,PROD-00204,2,0.1,765.59,526.5,239.09
ORD-001315,2024-10-25,2024-10-31,CUST-00172,PROD-00101,3,0.1,1500.69,942.66,558.03
ORD-001316,2024-10-16,2024-10-18,CUST-00533,PROD-00042,4,0.1,2033.86,1366.64,667.22
ORD-001317,2024-09-07,2024-09-12,CUST-00187,PROD-00133,1,0.3,252.26,306.31,-54.05
ORD-001318,2025-12-20,2025-12-25,CUST-00485,PROD-00029,2,0.2,607.63,529.28,78.35
ORD-001319,2024-05-10,2024-05-16,CUST-00160,PROD-00124,2,0.15,573.24,553.28,19.96
ORD-001320,2025-11-13,2025-11-14,CUST-00523,PROD-00154,4,0.1,838.98,623.0,215.98
ORD-001321,2025-08-19,2025-08-22,CUST-00365,PROD-00027,3,0.0,1333.53,865.41,468.12
ORD-001322,2024-02-28,2024-03-05,CUST-00144,PROD-00103,4,0.1,960.08,844.88,115.2
ORD-001323,2025-12-25,2025-12-30,CUST-00424,PROD-00119,1,0.0,656.53,397.03,259.5
ORD-001324,2024-08-14,2024-08-17,CUST-00511,PROD-00030,6,0.15,911.93,875.04,36.89
ORD-001325,2024-03-16,2024-03-19,CUST-00563,PROD-00136,3,0.05,645.55,457.14,188.41
ORD-001326,2025-09-28,2025-10-03,CUST-00292,PROD-00056,4,0.15,2226.22,1590.8,635.42
ORD-001327,2025-06-11,2025-06-12,CUST-00318,PROD-00109,5,0.0,98.2,81.05,17.15
ORD-001328,2025-03-31,2025-04-06,CUST-00240,PROD-00064,4,0.15,1282.55,986.12,296.43
ORD-001329,2024-04-29,2024-04-30,CUST-00184,PROD-00191,4,0.1,1643.18,1318.36,324.82
ORD-001330,2024-12-21,2024-12-23,CUST-00054,PROD-00001,5,0.0,202.25,107.0,95.25
ORD-001331,2025-08-22,2025-08-28,CUST-00435,PROD-00113,5,0.0,835.35,671.55,163.8
ORD-001332,2024-09-08,2024-09-10,CUST-00351,PROD-00043,2,0.0,752.0,505.1,246.9
ORD-001333,2024-09-14,2024-09-19,CUST-00526,PROD-00099,5,0.05,2348.3,1331.05,1017.25
ORD-001334,2024-01-03,2024-01-09,CUST-00096,PROD-00195,2,0.0,1287.64,784.14,503.5
ORD-001335,2024-05-13,2024-05-16,CUST-00576,PROD-00158,1,0.0,86.21,59.49,26.72
ORD-001336,2025-11-02,2025-11-04,CUST-00162,PROD-00105,2,0.1,625.91,577.6,48.31
ORD-001337,2024-12-03,2024-12-06,CUST-00549,PROD-00082,4,0.1,1067.87,917.04,150.83
ORD-001338,2025-12-24,2025-12-26,CUST-00051,PROD-00005,6,0.05,1835.63,1661.4,174.23
ORD-001339,2024-11-11,2024-11-15,CUST-00568,PROD-00217,6,0.1,3000.29,1990.86,1009.43
ORD-001340,2025-06-20,2025-06-23,CUST-00143,PROD-00090,2,0.15,508.55,319.46,189.09
ORD-001341,2024-08-22,2024-08-27,CUST-00194,PROD-00155,6,0.05,1617.15,1125.66,491.49
ORD-001342,2024-10-24,2024-10-29,CUST-00277,PROD-00072,1,0.0,457.85,328.94,128.91
ORD-001343,2024-05-26,2024-05-30,CUST-00220,PROD-00006,7,0.1,3271.09,2437.54,833.55
ORD-001344,2024-10-11,2024-10-15,CUST-00017,PROD-00073,4,0.15,1343.92,1121.68,222.24
ORD-001345,2025-02-05,2025-02-10,CUST-00502,PROD-00070,4,0.0,378.16,214.48,163.68
ORD-001346,2025-12-28,2025-12-30,CUST-00259,PROD-00008,2,0.1,388.87,257.42,131.45
ORD-001347,2025-05-06,2025-05-09,CUST-00555,PROD-00125,1,0.0,367.3,206.29,161.01
ORD-001348,2024-06-02,2024-06-07,CUST-00480,PROD-00132,2,0.05,486.4,294.62,191.78
ORD-001349,2024-02-04,2024-02-07,CUST-00001,PROD-00075,1,0.0,560.24,369.72,190.52
ORD-001350,2024-04-06,2024-04-10,CUST-00391,PROD-00066,7,0.0,1552.46,1101.24,451.22
ORD-001351,2025-02-17,2025-02-19,CUST-00377,PROD-00047,2,0.1,890.87,790.42,100.45
ORD-001352,2025-08-10,2025-08-16,CUST-00035,PROD-00041,5,0.05,831.3,504.25,327.05
ORD-001353,2025-12-03,2025-12-07,CUST-00456,PROD-00096,4,0.0,416.24,231.44,184.8
ORD-001354,2024-01-13,2024-01-18,CUST-00176,PROD-00052,6,0.3,897.75,911.1,-13.35
ORD-001355,2025-01-17,2025-01-23,CUST-00209,PROD-00217,6,0.0,3333.66,1990.86,1342.8
ORD-001356,2024-12-17,2024-12-21,CUST-00211,PROD-00026,4,0.2,1358.53,985.2,373.33
ORD-001357,2025-04-30,2025-05-06,CUST-00002,PROD-00150,7,0.1,3121.71,2663.64,458.07
ORD-001358,2025-02-15,2025-02-21,CUST-00468,PROD-00070,1,0.1,85.09,53.62,31.47
ORD-001359,2025-05-24,2025-05-26,CUST-00292,PROD-00154,4,0.1,838.98,623.0,215.98
ORD-001360,2025-05-01,2025-05-06,CUST-00274,PROD-00015,1,0.0,474.19,399.77,74.42
ORD-001361,2024-03-30,2024-04-03,CUST-00293,PROD-00104,6,0.05,1228.58,1090.56,138.02
ORD-001362,2025-09-05,2025-09-07,CUST-00015,PROD-00017,3,0.1,1452.84,892.41,560.43
ORD-001363,2024-04-04,2024-04-05,CUST-00412,PROD-00187,6,0.05,1708.4,979.32,729.08
ORD-001364,2025-06-02,2025-06-03,CUST-00594,PROD-00145,4,0.3,257.24,263.2,-5.96
ORD-001365,2024-11-21,2024-11-24,CUST-00552,PROD-00168,3,0.1,296.49,194.49,102.0
ORD-001366,2025-01-11,2025-01-12,CUST-00457,PROD-00023,7,0.1,2937.25,2139.62,797.63
ORD-001367,2025-11-15,2025-11-21,CUST-00112,PROD-00103,2,0.15,453.37,422.44,30.93
ORD-001368,2025-11-09,2025-11-11,CUST-00192,PROD-00181,3,0.1,942.87,554.67,388.2
ORD-001369,2025-09-19,2025-09-25,CUST-00134,PROD-00034,1,0.2,80.82,56.3,24.52
ORD-001370,2025-01-08,2025-01-11,CUST-00102,PROD-00194,2,0.0,877.46,539.64,337.82
ORD-001371,2025-07-13,2025-07-17,CUST-00267,PROD-00216,6,0.1,2601.5,2320.62,280.88
ORD-001372,2025-01-10,2025-01-15,CUST-00469,PROD-00069,6,0.0,4259.64,2381.58,1878.06
ORD-001373,2025-10-29,2025-11-04,CUST-00561,PROD-00075,4,0.1,2016.86,1478.88,537.98
ORD-001374,2024-11-15,2024-11-19,CUST-00504,PROD-00034,2,0.1,181.85,112.6,69.25
ORD-001375,2025-12-17,2025-12-20,CUST-00544,PROD-00209,4,0.0,1823.8,1390.48,433.32
ORD-001376,2025-11-29,2025-12-05,CUST-00107,PROD-00009,2,0.0,277.92,163.66,114.26
ORD-001377,2025-07-19,2025-07-20,CUST-00370,PROD-00125,4,0.0,1469.2,825.16,644.04
ORD-001378,2024-08-20,2024-08-22,CUST-00300,PROD-00125,3,0.0,1101.9,618.87,483.03
ORD-001379,2024-04-11,2024-04-17,CUST-00101,PROD-00057,7,0.15,1524.33,1280.79,243.54
ORD-001380,2025-10-18,2025-10-23,CUST-00369,PROD-00112,6,0.1,2176.42,1562.46,613.96
ORD-001381,2024-05-06,2024-05-09,CUST-00026,PROD-00179,1,0.0,236.06,137.44,98.62
ORD-001382,2025-10-17,2025-10-21,CUST-00036,PROD-00154,1,0.0,233.05,155.75,77.3
ORD-001383,2024-12-27,2025-01-02,CUST-00329,PROD-00136,2,0.05,430.37,304.76,125.61
ORD-001384,2024-11-16,2024-11-21,CUST-00567,PROD-00171,4,0.15,242.15,171.32,70.83
ORD-001385,2025-11-15,2025-11-17,CUST-00406,PROD-00009,2,0.0,277.92,163.66,114.26
ORD-001386,2025-03-21,2025-03-27,CUST-00129,PROD-00108,5,0.1,965.84,735.5,230.34
ORD-001387,2025-02-28,2025-03-05,CUST-00068,PROD-00176,2,0.0,825.48,603.44,222.04
ORD-001388,2025-02-14,2025-02-18,CUST-00504,PROD-00214,3,0.1,530.44,472.77,57.67
ORD-001389,2024-10-30,2024-11-01,CUST-00447,PROD-00062,2,0.05,1392.05,794.1,597.95
ORD-001390,2025-08-26,2025-08-27,CUST-00564,PROD-00116,5,0.0,686.35,480.25,206.1
ORD-001391,2024-07-31,2024-08-04,CUST-00163,PROD-00209,4,0.05,1732.61,1390.48,342.13
ORD-001392,2025-12-02,2025-12-08,CUST-00468,PROD-00170,7,0.0,651.14,558.18,92.96
ORD-001393,2025-11-11,2025-11-15,CUST-00358,PROD-00199,4,0.0,2312.84,1223.04,1089.8
ORD-001394,2024-10-04,2024-10-07,CUST-00046,PROD-00171,2,0.05,135.32,85.66,49.66
ORD-001395,2025-07-06,2025-07-07,CUST-00226,PROD-00080,6,0.0,1254.3,701.28,553.02
ORD-001396,2025-02-25,2025-03-03,CUST-00596,PROD-00072,3,0.05,1304.87,986.82,318.05
ORD-001397,2024-10-04,2024-10-05,CUST-00317,PROD-00154,5,0.0,1165.25,778.75,386.5
ORD-001398,2025-12-26,2025-12-28,CUST-00553,PROD-00133,2,0.2,576.59,612.62,-36.03
ORD-001399,2024-01-20,2024-01-23,CUST-00474,PROD-00153,4,0.05,1924.81,1507.0,417.81
ORD-001400,2024-07-30,2024-08-02,CUST-00490,PROD-00180,2,0.1,609.97,533.14,76.83
ORD-001401,2025-01-15,2025-01-21,CUST-00068,PROD-00171,1,0.1,64.1,42.83,21.27
ORD-001402,2025-01-17,2025-01-23,CUST-00015,PROD-00042,7,0.15,3361.51,2391.62,969.89
ORD-001403,2025-03-09,2025-03-13,CUST-00289,PROD-00157,5,0.0,2534.2,1469.85,1064.35
ORD-001404,2025-07-30,2025-08-05,CUST-00567,PROD-00186,6,0.1,2725.49,1912.8,812.69
ORD-001405,2025-04-05,2025-04-08,CUST-00509,PROD-00060,3,0.15,606.44,432.75,173.69
ORD-001406,2025-03-18,2025-03-24,CUST-00077,PROD-00018,6,0.05,2699.29,1618.2,1081.09
ORD-001407,2024-02-11,2024-02-13,CUST-00281,PROD-00032,7,0.1,1807.72,1650.11,157.61
ORD-001408,2024-11-02,2024-11-08,CUST-00267,PROD-00013,1,0.05,558.78,319.84,238.94
ORD-001409,2024-07-08,2024-07-09,CUST-00001,PROD-00039,3,0.15,325.15,292.23,32.92
ORD-001410,2024-08-09,2024-08-10,CUST-00399,PROD-00031,7,0.0,1156.4,837.69,318.71
ORD-001411,2025-02-11,2025-02-17,CUST-00210,PROD-00150,7,0.2,2774.86,2663.64,111.22
ORD-001412,2024-06-02,2024-06-04,CUST-00257,PROD-00172,1,0.0,141.14,97.14,44.0
ORD-001413,2024-08-31,2024-09-02,CUST-00205,PROD-00024,5,0.1,1030.41,979.2,51.21
ORD-001414,2024-07-13,2024-07-18,CUST-00406,PROD-00103,4,0.1,960.08,844.88,115.2
ORD-001415,2025-12-07,2025-12-09,CUST-00372,PROD-00167,4,0.05,709.69,439.92,269.77
ORD-001416,2025-12-05,2025-12-09,CUST-00089,PROD-00181,4,0.2,1117.47,739.56,377.91
ORD-001417,2025-03-25,2025-03-28,CUST-00188,PROD-00006,4,0.2,1661.5,1392.88,268.62
ORD-001418,2025-11-25,2025-11-29,CUST-00230,PROD-00130,7,0.0,2026.08,1157.73,868.35
ORD-001419,2025-08-26,2025-08-28,CUST-00069,PROD-00143,3,0.3,91.04,92.85,-1.81
ORD-001420,2025-03-10,2025-03-13,CUST-00152,PROD-00074,4,0.0,2363.4,1494.52,868.88
ORD-001421,2024-01-05,2024-01-09,CUST-00572,PROD-00003,5,0.05,453.91,392.8,61.11
ORD-001422,2025-08-15,2025-08-18,CUST-00462,PROD-00139,5,0.1,1045.08,799.85,245.23
ORD-001423,2025-06-06,2025-06-12,CUST-00304,PROD-00127,6,0.0,493.62,404.52,89.1
ORD-001424,2025-03-29,2025-04-02,CUST-00082,PROD-00088,6,0.15,548.35,355.44,192.91
ORD-001425,2025-08-06,2025-08-08,CUST-00451,PROD-00177,6,0.2,2324.93,1944.66,380.27
ORD-001426,2025-01-10,2025-01-13,CUST-00390,PROD-00218,4,0.15,2221.19,1541.68,679.51
ORD-001427,2025-06-08,2025-06-11,CUST-00349,PROD-00020,2,0.05,421.55,273.46,148.09
ORD-001428,2025-11-30,2025-12-04,CUST-00370,PROD-00014,4,0.05,1620.74,1077.8,542.94
ORD-001429,2024-11-02,2024-11-03,CUST-00279,PROD-00085,7,0.3,389.4,333.27,56.13
ORD-001430,2025-06-12,2025-06-17,CUST-00529,PROD-00170,5,0.1,418.59,398.7,19.89
ORD-001431,2024-12-20,2024-12-22,CUST-00313,PROD-00072,6,0.05,2609.75,1973.64,636.11
ORD-001432,2025-05-14,2025-05-20,CUST-00223,PROD-00075,6,0.1,3025.3,2218.32,806.98
ORD-001433,2025-08-08,2025-08-11,CUST-00173,PROD-00004,4,0.05,116.47,97.2,19.27
ORD-001434,2024-02-04,2024-02-08,CUST-00167,PROD-00044,1,0.1,480.12,296.85,183.27
ORD-001435,2025-04-23,2025-04-29,CUST-00175,PROD-00159,3,0.1,1242.68,1148.97,93.71
ORD-001436,2024-07-02,2024-07-07,CUST-00104,PROD-00214,1,0.0,196.46,157.59,38.87
ORD-001437,2025-05-11,2025-05-14,CUST-00555,PROD-00132,7,0.05,1702.4,1031.17,671.23
ORD-001438,2024-12-16,2024-12-19,CUST-00438,PROD-00044,6,0.2,2560.66,1781.1,779.56
ORD-001439,2025-08-16,2025-08-19,CUST-00314,PROD-00159,4,0.1,1656.9,1531.96,124.94
ORD-001440,2024-04-04,2024-04-10,CUST-00246,PROD-00010,1,0.1,402.15,348.31,53.84
ORD-001441,2025-04-07,2025-04-11,CUST-00300,PROD-00183,7,0.05,2220.24,1534.19,686.05
ORD-001442,2024-08-20,2024-08-26,CUST-00342,PROD-00167,2,0.15,317.49,219.96,97.53
ORD-001443,2025-10-16,2025-10-21,CUST-00380,PROD-00030,4,0.05,679.48,583.36,96.12
ORD-001444,2025-11-27,2025-11-28,CUST-00042,PROD-00089,7,0.05,1508.02,1028.02,480.0
ORD-001445,2025-12-30,2026-01-01,CUST-00240,PROD-00167,1,0.0,186.76,109.98,76.78
ORD-001446,2025-09-03,2025-09-04,CUST-00133,PROD-00207,3,0.0,1052.97,825.63,227.34
ORD-001447,2025-08-01,2025-08-04,CUST-00523,PROD-00150,2,0.0,991.02,761.04,229.98
ORD-001448,2024-06-20,2024-06-21,CUST-00096,PROD-00106,3,0.05,95.76,65.82,29.94
ORD-001449,2024-10-03,2024-10-06,CUST-00558,PROD-00088,3,0.1,290.3,177.72,112.58
ORD-001450,2024-12-15,2024-12-17,CUST-00061,PROD-00160,6,0.3,126.63,133.32,-6.69
ORD-001451,2025-08-16,2025-08-21,CUST-00041,PROD-00153,2,0.0,1013.06,753.5,259.56
ORD-001452,2025-11-21,2025-11-27,CUST-00297,PROD-00199,1,0.05,549.3,305.76,243.54
ORD-001453,2024-05-25,2024-05-31,CUST-00176,PROD-00063,7,0.1,2084.29,1898.75,185.54
ORD-001454,2025-11-24,2025-11-25,CUST-00449,PROD-00187,6,0.0,1798.32,979.32,819.0
ORD-001455,2025-05-30,2025-06-02,CUST-00107,PROD-00188,5,0.3,1007.06,917.3,89.76
ORD-001456,2025-03-26,2025-03-29,CUST-00169,PROD-00028,3,0.0,53.79,32.88,20.91
ORD-001457,2024-06-02,2024-06-04,CUST-00237,PROD-00147,5,0.1,3324.29,1996.75,1327.54
ORD-001458,2024-02-12,2024-02-18,CUST-00417,PROD-00023,7,0.1,2937.25,2139.62,797.63
ORD-001459,2025-02-22,2025-02-27,CUST-00592,PROD-00059,1,0.1,98.14,74.83,23.31
ORD-001460,2025-04-26,2025-05-02,CUST-00348,PROD-00203,2,0.05,1175.45,725.8,449.65
ORD-001461,2024-06-14,2024-06-17,CUST-00600,PROD-00209,1,0.1,410.36,347.62,62.74
ORD-001462,2025-02-12,2025-02-16,CUST-00582,PROD-00122,4,0.0,161.84,116.44,45.4
ORD-001463,2025-10-19,2025-10-24,CUST-00233,PROD-00154,3,0.3,489.4,467.25,22.15
ORD-001464,2025-10-02,2025-10-08,CUST-00557,PROD-00115,3,0.2,197.02,208.2,-11.18
ORD-001465,2025-11-27,2025-12-03,CUST-00182,PROD-00041,1,0.1,157.51,100.85,56.66
ORD-001466,2024-10-26,2024-10-27,CUST-00420,PROD-00211,4,0.0,2411.0,1398.04,1012.96
ORD-001467,2024-09-19,2024-09-23,CUST-00542,PROD-00010,3,0.3,938.34,1044.93,-106.59
ORD-001468,2025-07-28,2025-08-03,CUST-00054,PROD-00097,1,0.0,278.65,194.6,84.05
ORD-001469,2024-11-28,2024-12-04,CUST-00089,PROD-00064,7,0.0,2640.54,1725.71,914.83
ORD-001470,2024-03-08,2024-03-14,CUST-00234,PROD-00153,1,0.1,455.88,376.75,79.13
ORD-001471,2024-08-23,2024-08-28,CUST-00556,PROD-00180,4,0.0,1355.48,1066.28,289.2
ORD-001472,2024-11-22,2024-11-27,CUST-00272,PROD-00209,7,0.2,2553.32,2433.34,119.98
ORD-001473,2024-08-30,2024-09-01,CUST-00296,PROD-00219,5,0.2,854.36,591.8,262.56
ORD-001474,2024-09-30,2024-10-04,CUST-00266,PROD-00185,4,0.05,1911.32,1544.28,367.04
ORD-001475,2024-08-31,2024-09-02,CUST-00227,PROD-00063,3,0.15,843.64,813.75,29.89
ORD-001476,2024-02-01,2024-02-03,CUST-00307,PROD-00056,3,0.05,1866.09,1193.1,672.99
ORD-001477,2025-04-15,2025-04-19,CUST-00130,PROD-00138,7,0.05,99.42,64.82,34.6
ORD-001478,2025-03-16,2025-03-20,CUST-00384,PROD-00017,2,0.3,753.33,594.94,158.39
ORD-001479,2025-04-28,2025-04-30,CUST-00379,PROD-00016,7,0.1,4291.88,2781.73,1510.15
ORD-001480,2024-05-27,2024-05-31,CUST-00144,PROD-00162,6,0.15,731.03,678.66,52.37
ORD-001481,2024-09-02,2024-09-06,CUST-00171,PROD-00064,4,0.1,1357.99,986.12,371.87
ORD-001482,2025-04-02,2025-04-06,CUST-00125,PROD-00127,5,0.0,411.35,337.1,74.25
ORD-001483,2025-03-17,2025-03-21,CUST-00463,PROD-00174,1,0.1,198.93,176.02,22.91
ORD-001484,2025-01-05,2025-01-11,CUST-00362,PROD-00028,3,0.15,45.72,32.88,12.84
ORD-001485,2024-10-14,2024-10-15,CUST-00377,PROD-00152,2,0.2,636.91,475.8,161.11
ORD-001486,2025-11-20,2025-11-23,CUST-00270,PROD-00025,4,0.05,389.84,265.6,124.24
ORD-001487,2024-10-06,2024-10-08,CUST-00389,PROD-00065,6,0.1,164.92,133.02,31.9
ORD-001488,2024-12-10,2024-12-16,CUST-00566,PROD-00204,2,0.1,765.59,526.5,239.09
ORD-001489,2025-05-17,2025-05-21,CUST-00015,PROD-00048,3,0.05,768.02,544.65,223.37
ORD-001490,2025-02-02,2025-02-06,CUST-00414,PROD-00099,1,0.2,395.5,266.21,129.29
ORD-001491,2024-10-11,2024-10-13,CUST-00115,PROD-00161,3,0.0,591.18,343.8,247.38
ORD-001492,2024-11-30,2024-12-05,CUST-00063,PROD-00154,5,0.2,932.2,778.75,153.45
ORD-001493,2025-09-01,2025-09-05,CUST-00005,PROD-00182,6,0.05,1562.6,1347.54,215.06
ORD-001494,2024-08-19,2024-08-23,CUST-00098,PROD-00012,6,0.05,3135.51,2091.66,1043.85
ORD-001495,2024-04-19,2024-04-25,CUST-00285,PROD-00172,5,0.0,705.7,485.7,220.0
ORD-001496,2024-09-15,2024-09-20,CUST-00055,PROD-00209,5,0.0,2279.75,1738.1,541.65
ORD-001497,2025-10-14,2025-10-16,CUST-00298,PROD-00143,7,0.05,288.28,216.65,71.63
ORD-001498,2024-03-09,2024-03-11,CUST-00559,PROD-00089,3,0.05,646.29,440.58,205.71
ORD-001499,2025-12-28,2026-01-03,CUST-00013,PROD-00137,3,0.0,306.54,186.09,120.45
ORD-001500,2025-01-31,2025-02-05,CUST-00198,PROD-00043,2,0.05,714.4,505.1,209.3
ORD-001501,2025-12-24,2025-12-25,CUST-00162,PROD-00144,7,0.05,1061.74,631.82,429.92
ORD-001502,2025-12-02,2025-12-08,CUST-00111,PROD-00160,6,0.2,144.72,133.32,11.4
ORD-001503,2024-12-09,2024-12-11,CUST-00273,PROD-00086,7,0.15,2014.85,1793.47,221.38
ORD-001504,2024-06-01,2024-06-03,CUST-00077,PROD-00178,2,0.15,484.62,405.84,78.78
ORD-001505,2024-05-06,2024-05-07,CUST-00019,PROD-00059,4,0.1,392.54,299.32,93.22
ORD-001506,2024-07-17,2024-07-20,CUST-00394,PROD-00028,2,0.3,25.1,21.92,3.18
ORD-001507,2025-06-14,2025-06-15,CUST-00339,PROD-00106,4,0.3,94.08,87.76,6.32
ORD-001508,2024-08-15,2024-08-17,CUST-00023,PROD-00145,7,0.0,643.09,460.6,182.49
ORD-001509,2024-10-07,2024-10-08,CUST-00252,PROD-00046,6,0.05,813.73,593.52,220.21
ORD-001510,2024-12-07,2024-12-11,CUST-00163,PROD-00081,4,0.05,1561.23,1003.52,557.71
ORD-001511,2025-11-20,2025-11-22,CUST-00436,PROD-00048,5,0.05,1280.03,907.75,372.28
ORD-001512,2024-05-25,2024-05-29,CUST-00542,PROD-00157,7,0.0,3547.88,2057.79,1490.09
ORD-001513,2024-01-04,2024-01-05,CUST-00118,PROD-00114,1,0.1,348.38,243.94,104.44
ORD-001514,2024-02-16,2024-02-20,CUST-00558,PROD-00060,1,0.3,166.47,144.25,22.22
ORD-001515,2025-11-16,2025-11-20,CUST-00259,PROD-00179,2,0.2,377.7,274.88,102.82
ORD-001516,2025-04-23,2025-04-27,CUST-00445,PROD-00058,6,0.15,2505.68,2300.34,205.34
ORD-001517,2024-08-15,2024-08-19,CUST-00305,PROD-00083,1,0.05,465.79,303.67,162.12
ORD-001518,2024-05-16,2024-05-21,CUST-00419,PROD-00206,1,0.0,95.29,57.5,37.79
ORD-001519,2024-09-01,2024-09-05,CUST-00524,PROD-00216,6,0.3,2023.39,2320.62,-297.23
ORD-001520,2024-03-29,2024-04-02,CUST-00405,PROD-00048,4,0.0,1077.92,726.2,351.72
ORD-001521,2025-12-03,2025-12-06,CUST-00511,PROD-00207,4,0.2,1123.17,1100.84,22.33
ORD-001522,2025-08-24,2025-08-28,CUST-00511,PROD-00132,1,0.0,256.0,147.31,108.69
ORD-001523,2024-12-13,2024-12-16,CUST-00357,PROD-00047,4,0.0,1979.72,1580.84,398.88
ORD-001524,2025-10-25,2025-10-31,CUST-00364,PROD-00176,5,0.0,2063.7,1508.6,555.1
ORD-001525,2024-07-27,2024-08-02,CUST-00558,PROD-00215,5,0.15,871.93,868.2,3.73
ORD-001526,2025-06-22,2025-06-23,CUST-00209,PROD-00158,1,0.2,68.97,59.49,9.48
ORD-001527,2025-10-19,2025-10-20,CUST-00058,PROD-00216,1,0.15,409.5,386.77,22.73
ORD-001528,2024-10-19,2024-10-20,CUST-00014,PROD-00103,1,0.0,266.69,211.22,55.47
ORD-001529,2025-08-04,2025-08-10,CUST-00415,PROD-00138,6,0.05,85.21,55.56,29.65
ORD-001530,2024-09-01,2024-09-02,CUST-00576,PROD-00158,2,0.05,163.8,118.98,44.82
ORD-001531,2024-09-04,2024-09-09,CUST-00568,PROD-00091,2,0.0,599.78,344.16,255.62
ORD-001532,2024-03-23,2024-03-26,CUST-00531,PROD-00151,7,0.2,911.29,973.91,-62.62
ORD-001533,2024-12-02,2024-12-03,CUST-00450,PROD-00179,4,0.15,802.6,549.76,252.84
ORD-001534,2025-07-06,2025-07-10,CUST-00570,PROD-00143,1,0.0,43.35,30.95,12.4
ORD-001535,2025-12-03,2025-12-04,CUST-00231,PROD-00171,4,0.1,256.39,171.32,85.07
ORD-001536,2025-03-21,2025-03-23,CUST-00453,PROD-00060,2,0.1,428.08,288.5,139.58
ORD-001537,2025-10-24,2025-10-28,CUST-00282,PROD-00071,4,0.0,2444.16,1393.12,1051.04
ORD-001538,2025-09-23,2025-09-27,CUST-00096,PROD-00170,7,0.15,553.47,558.18,-4.71
ORD-001539,2024-05-13,2024-05-19,CUST-00235,PROD-00136,7,0.1,1427.01,1066.66,360.35
ORD-001540,2024-12-24,2024-12-27,CUST-00565,PROD-00028,5,0.0,89.65,54.8,34.85
ORD-001541,2024-03-30,2024-03-31,CUST-00431,PROD-00173,2,0.3,374.89,442.14,-67.25
ORD-001542,2025-05-20,2025-05-25,CUST-00406,PROD-00045,5,0.2,431.6,389.75,41.85
ORD-001543,2025-12-07,2025-12-10,CUST-00021,PROD-00199,5,0.3,2023.74,1528.8,494.94
ORD-001544,2024-04-15,2024-04-17,CUST-00480,PROD-00187,2,0.05,569.47,326.44,243.03
ORD-001545,2025-07-11,2025-07-14,CUST-00359,PROD-00133,3,0.15,918.94,918.93,0.01
ORD-001546,2025-04-12,2025-04-13,CUST-00170,PROD-00087,7,0.05,1377.68,896.35,481.33
ORD-001547,2025-03-05,2025-03-07,CUST-00138,PROD-00082,4,0.1,1067.87,917.04,150.83
ORD-001548,2024-11-08,2024-11-14,CUST-00003,PROD-00059,4,0.0,436.16,299.32,136.84
ORD-001549,2024-10-17,2024-10-19,CUST-00483,PROD-00145,1,0.0,91.87,65.8,26.07
ORD-001550,2024-02-04,2024-02-07,CUST-00216,PROD-00124,1,0.0,337.2,276.64,60.56
ORD-001551,2024-06-22,2024-06-28,CUST-00469,PROD-00162,3,0.0,430.02,339.33,90.69
ORD-001552,2024-01-12,2024-01-14,CUST-00580,PROD-00014,2,0.2,682.42,538.9,143.52
ORD-001553,2025-03-03,2025-03-08,CUST-00207,PROD-00096,6,0.0,624.36,347.16,277.2
ORD-001554,2024-03-22,2024-03-26,CUST-00239,PROD-00071,4,0.1,2199.74,1393.12,806.62
ORD-001555,2025-11-01,2025-11-04,CUST-00463,PROD-00015,1,0.15,403.06,399.77,3.29
ORD-001556,2025-01-18,2025-01-24,CUST-00039,PROD-00206,7,0.2,533.62,402.5,131.12
ORD-001557,2025-06-03,2025-06-05,CUST-00388,PROD-00143,7,0.05,288.28,216.65,71.63
ORD-001558,2024-11-18,2024-11-22,CUST-00055,PROD-00194,4,0.1,1579.43,1079.28,500.15
ORD-001559,2025-02-16,2025-02-21,CUST-00022,PROD-00172,7,0.05,938.58,679.98,258.6
ORD-001560,2025-12-04,2025-12-07,CUST-00515,PROD-00070,2,0.2,151.26,107.24,44.02
ORD-001561,2024-03-04,2024-03-10,CUST-00219,PROD-00201,5,0.05,2588.23,1764.45,823.78
ORD-001562,2024-08-01,2024-08-05,CUST-00078,PROD-00080,2,0.0,418.1,233.76,184.34
ORD-001563,2025-08-21,2025-08-26,CUST-00186,PROD-00034,1,0.1,90.93,56.3,34.63
ORD-001564,2024-03-16,2024-03-18,CUST-00274,PROD-00154,6,0.0,1398.3,934.5,463.8
ORD-001565,2024-02-28,2024-03-03,CUST-00241,PROD-00045,7,0.2,604.24,545.65,58.59
ORD-001566,2024-10-22,2024-10-26,CUST-00114,PROD-00021,1,0.05,233.05,157.12,75.93
ORD-001567,2024-03-11,2024-03-15,CUST-00592,PROD-00056,2,0.1,1178.59,795.4,383.19
ORD-001568,2025-03-06,2025-03-07,CUST-00143,PROD-00055,3,0.1,815.99,650.76,165.23
ORD-001569,2024-07-01,2024-07-05,CUST-00062,PROD-00055,7,0.0,2115.54,1518.44,597.1
ORD-001570,2025-11-11,2025-11-13,CUST-00031,PROD-00074,5,0.15,2511.11,1868.15,642.96
ORD-001571,2025-08-24,2025-08-25,CUST-00308,PROD-00203,1,0.05,587.73,362.9,224.83
ORD-001572,2025-06-03,2025-06-05,CUST-00391,PROD-00004,7,0.0,214.55,170.1,44.45
ORD-001573,2025-03-31,2025-04-04,CUST-00335,PROD-00144,6,0.0,957.96,541.56,416.4
ORD-001574,2025-10-24,2025-10-28,CUST-00470,PROD-00214,1,0.15,166.99,157.59,9.4
ORD-001575,2024-06-28,2024-07-03,CUST-00070,PROD-00182,1,0.0,274.14,224.59,49.55
ORD-001576,2025-11-01,2025-11-03,CUST-00181,PROD-00005,5,0.0,1610.2,1384.5,225.7
ORD-001577,2025-08-29,2025-09-03,CUST-00140,PROD-00094,1,0.15,30.0,24.71,5.29
ORD-001578,2025-07-26,2025-08-01,CUST-00561,PROD-00086,6,0.0,2031.78,1537.26,494.52
ORD-001579,2025-02-16,2025-02-22,CUST-00459,PROD-00122,1,0.05,38.44,29.11,9.33
ORD-001580,2024-07-23,2024-07-26,CUST-00431,PROD-00117,6,0.0,1224.54,962.1,262.44
ORD-001581,2024-11-25,2024-11-29,CUST-00513,PROD-00182,6,0.05,1562.6,1347.54,215.06
ORD-001582,2025-09-01,2025-09-02,CUST-00297,PROD-00008,6,0.0,1296.24,772.26,523.98
ORD-001583,2024-01-25,2024-01-30,CUST-00352,PROD-00217,2,0.1,1000.1,663.62,336.48
ORD-001584,2025-08-23,2025-08-27,CUST-00089,PROD-00168,7,0.0,768.67,453.81,314.86
ORD-001585,2024-07-17,2024-07-20,CUST-00190,PROD-00121,4,0.0,2679.84,1566.12,1113.72
ORD-001586,2024-04-20,2024-04-26,CUST-00223,PROD-00011,1,0.3,125.97,154.72,-28.75
ORD-001587,2024-03-29,2024-03-30,CUST-00310,PROD-00034,3,0.1,272.78,168.9,103.88
ORD-001588,2024-01-21,2024-01-25,CUST-00574,PROD-00057,3,0.1,691.71,548.91,142.8
ORD-001589,2025-01-18,2025-01-23,CUST-00133,PROD-00076,5,0.05,1173.25,662.35,510.9
ORD-001590,2024-06-23,2024-06-28,CUST-00444,PROD-00193,6,0.1,1361.5,799.86,561.64
ORD-001591,2025-12-26,2025-12-27,CUST-00458,PROD-00205,6,0.1,3119.47,1944.18,1175.29
ORD-001592,2025-02-26,2025-02-27,CUST-00302,PROD-00113,4,0.15,568.04,537.24,30.8
ORD-001593,2024-04-15,2024-04-16,CUST-00515,PROD-00037,3,0.3,555.51,671.07,-115.56
ORD-001594,2025-05-25,2025-05-27,CUST-00466,PROD-00210,1,0.2,23.16,21.01,2.15
ORD-001595,2025-11-12,2025-11-14,CUST-00329,PROD-00029,3,0.0,1139.31,793.92,345.39
ORD-001596,2025-07-23,2025-07-27,CUST-00109,PROD-00159,4,0.05,1748.95,1531.96,216.99
ORD-001597,2024-02-28,2024-03-02,CUST-00423,PROD-00060,6,0.1,1284.23,865.5,418.73
ORD-001598,2025-11-12,2025-11-16,CUST-00212,PROD-00144,2,0.15,271.42,180.52,90.9
ORD-001599,2025-09-01,2025-09-04,CUST-00170,PROD-00051,3,0.05,215.74,124.74,91.0
ORD-001600,2024-05-01,2024-05-07,CUST-00073,PROD-00147,4,0.0,2954.92,1597.4,1357.52
ORD-001601,2024-02-09,2024-02-12,CUST-00575,PROD-00154,7,0.0,1631.35,1090.25,541.1
ORD-001602,2025-02-13,2025-02-17,CUST-00312,PROD-00040,5,0.0,1366.75,747.1,619.65
ORD-001603,2024-04-29,2024-05-03,CUST-00129,PROD-00180,6,0.1,1829.9,1599.42,230.48
ORD-001604,2025-10-02,2025-10-07,CUST-00135,PROD-00075,3,0.05,1596.68,1109.16,487.52
ORD-001605,2024-10-20,2024-10-25,CUST-00344,PROD-00030,6,0.05,1019.22,875.04,144.18
ORD-001606,2025-11-20,2025-11-25,CUST-00596,PROD-00150,1,0.0,495.51,380.52,114.99
ORD-001607,2025-02-19,2025-02-23,CUST-00549,PROD-00027,6,0.3,1866.94,1730.82,136.12
ORD-001608,2024-05-20,2024-05-21,CUST-00336,PROD-00220,3,0.1,178.85,165.42,13.43
ORD-001609,2024-04-17,2024-04-21,CUST-00358,PROD-00102,6,0.05,1388.06,1106.7,281.36
ORD-001610,2025-02-28,2025-03-06,CUST-00552,PROD-00167,3,0.0,560.28,329.94,230.34
ORD-001611,2025-08-07,2025-08-08,CUST-00335,PROD-00140,7,0.0,2179.73,1818.53,361.2
ORD-001612,2025-08-22,2025-08-28,CUST-00218,PROD-00084,2,0.1,162.59,149.8,12.79
ORD-001613,2024-08-17,2024-08-23,CUST-00414,PROD-00153,2,0.0,1013.06,753.5,259.56
ORD-001614,2024-06-07,2024-06-10,CUST-00352,PROD-00163,3,0.15,151.93,97.68,54.25
ORD-001615,2024-01-13,2024-01-19,CUST-00010,PROD-00097,3,0.0,835.95,583.8,252.15
ORD-001616,2025-05-18,2025-05-21,CUST-00006,PROD-00077,5,0.15,776.3,760.35,15.95
ORD-001617,2024-02-28,2024-03-05,CUST-00445,PROD-00147,2,0.05,1403.59,798.7,604.89
ORD-001618,2024-11-23,2024-11-29,CUST-00051,PROD-00154,6,0.05,1328.39,934.5,393.89
ORD-001619,2025-03-19,2025-03-20,CUST-00399,PROD-00134,4,0.0,2187.76,1534.24,653.52
ORD-001620,2025-12-01,2025-12-06,CUST-00502,PROD-00178,1,0.0,285.07,202.92,82.15
ORD-001621,2024-09-14,2024-09-16,CUST-00241,PROD-00123,4,0.05,1686.97,1501.84,185.13
ORD-001622,2024-07-27,2024-07-31,CUST-00063,PROD-00016,6,0.0,4087.5,2384.34,1703.16
ORD-001623,2025-04-28,2025-05-03,CUST-00258,PROD-00217,7,0.2,3111.42,2322.67,788.75
ORD-001624,2025-04-02,2025-04-06,CUST-00380,PROD-00146,1,0.05,174.65,153.6,21.05
ORD-001625,2024-09-30,2024-10-05,CUST-00598,PROD-00167,1,0.05,177.42,109.98,67.44
ORD-001626,2025-11-27,2025-12-03,CUST-00257,PROD-00132,2,0.0,512.0,294.62,217.38
ORD-001627,2025-10-10,2025-10-13,CUST-00209,PROD-00204,7,0.0,2977.31,1842.75,1134.56
ORD-001628,2024-06-29,2024-07-03,CUST-00503,PROD-00003,2,0.0,191.12,157.12,34.0
ORD-001629,2024-07-16,2024-07-20,CUST-00318,PROD-00154,3,0.05,664.19,467.25,196.94
ORD-001630,2025-01-09,2025-01-11,CUST-00044,PROD-00081,6,0.2,1972.08,1505.28,466.8
ORD-001631,2025-08-16,2025-08-22,CUST-00014,PROD-00101,3,0.0,1667.43,942.66,724.77
ORD-001632,2024-02-03,2024-02-06,CUST-00075,PROD-00191,7,0.2,2556.06,2307.13,248.93
ORD-001633,2025-05-28,2025-05-29,CUST-00096,PROD-00040,5,0.1,1230.08,747.1,482.98
ORD-001634,2025-04-24,2025-04-28,CUST-00499,PROD-00013,7,0.0,4117.33,2238.88,1878.45
ORD-001635,2024-07-07,2024-07-13,CUST-00043,PROD-00178,2,0.05,541.63,405.84,135.79
ORD-001636,2025-05-19,2025-05-21,CUST-00030,PROD-00185,6,0.0,3017.88,2316.42,701.46
ORD-001637,2025-12-03,2025-12-06,CUST-00094,PROD-00211,7,0.15,3586.36,2446.57,1139.79
ORD-001638,2024-02-05,2024-02-11,CUST-00089,PROD-00162,7,0.0,1003.38,791.77,211.61
ORD-001639,2024-09-20,2024-09-23,CUST-00422,PROD-00014,7,0.05,2836.29,1886.15,950.14
ORD-001640,2024-12-02,2024-12-04,CUST-00387,PROD-00169,2,0.15,606.48,379.72,226.76
ORD-001641,2025-11-13,2025-11-17,CUST-00447,PROD-00065,7,0.05,203.09,155.19,47.9
ORD-001642,2025-12-13,2025-12-14,CUST-00178,PROD-00151,5,0.0,813.65,695.65,118.0
ORD-001643,2024-12-04,2024-12-07,CUST-00534,PROD-00116,3,0.05,391.22,288.15,103.07
ORD-001644,2025-07-28,2025-08-03,CUST-00308,PROD-00111,1,0.05,104.49,88.63,15.86
ORD-001645,2025-01-24,2025-01-29,CUST-00560,PROD-00027,4,0.1,1600.24,1153.88,446.36
ORD-001646,2025-01-29,2025-01-30,CUST-00298,PROD-00009,1,0.05,132.01,81.83,50.18
ORD-001647,2024-08-19,2024-08-23,CUST-00588,PROD-00030,7,0.0,1251.67,1020.88,230.79
ORD-001648,2024-06-21,2024-06-27,CUST-00566,PROD-00110,3,0.05,1184.8,944.19,240.61
ORD-001649,2024-08-27,2024-08-29,CUST-00002,PROD-00142,2,0.0,569.68,488.08,81.6
ORD-001650,2025-02-12,2025-02-17,CUST-00528,PROD-00052,5,0.1,961.88,759.25,202.63
ORD-001651,2024-01-23,2024-01-28,CUST-00340,PROD-00151,2,0.1,292.91,278.26,14.65
ORD-001652,2025-11-17,2025-11-22,CUST-00015,PROD-00090,4,0.1,1076.94,638.92,438.02
ORD-001653,2024-04-29,2024-05-01,CUST-00094,PROD-00107,3,0.15,640.38,435.24,205.14
ORD-001654,2024-06-25,2024-06-30,CUST-00459,PROD-00038,1,0.05,13.94,9.01,4.93
ORD-001655,2025-01-14,2025-01-18,CUST-00007,PROD-00044,4,0.05,2027.19,1187.4,839.79
ORD-001656,2025-06-14,2025-06-18,CUST-00001,PROD-00062,7,0.05,4872.19,2779.35,2092.84
ORD-001657,2024-03-14,2024-03-19,CUST-00371,PROD-00054,3,0.0,1051.35,776.85,274.5
ORD-001658,2024-09-19,2024-09-21,CUST-00571,PROD-00187,3,0.0,899.16,489.66,409.5
ORD-001659,2025-12-16,2025-12-17,CUST-00008,PROD-00206,7,0.05,633.68,402.5,231.18
ORD-001660,2024-08-07,2024-08-11,CUST-00360,PROD-00203,2,0.05,1175.45,725.8,449.65
ORD-001661,2024-09-15,2024-09-19,CUST-00500,PROD-00023,5,0.2,1864.92,1528.3,336.62
ORD-001662,2025-10-04,2025-10-07,CUST-00006,PROD-00030,7,0.0,1251.67,1020.88,230.79
ORD-001663,2024-02-08,2024-02-13,CUST-00302,PROD-00121,5,0.1,3014.82,1957.65,1057.17
ORD-001664,2024-12-14,2024-12-18,CUST-00562,PROD-00012,5,0.1,2475.41,1743.05,732.36
ORD-001665,2024-11-03,2024-11-05,CUST-00564,PROD-00009,3,0.1,375.19,245.49,129.7
ORD-001666,2024-09-18,2024-09-22,CUST-00302,PROD-00103,4,0.05,1013.42,844.88,168.54
ORD-001667,2024-08-25,2024-08-27,CUST-00099,PROD-00081,5,0.05,1951.54,1254.4,697.14
ORD-001668,2024-03-11,2024-03-17,CUST-00357,PROD-00128,3,0.1,1050.54,919.08,131.46
ORD-001669,2024-09-16,2024-09-18,CUST-00458,PROD-00117,1,0.2,163.27,160.35,2.92
ORD-001670,2024-02-03,2024-02-05,CUST-00081,PROD-00155,3,0.3,595.79,562.83,32.96
ORD-001671,2025-08-22,2025-08-24,CUST-00349,PROD-00049,4,0.1,1779.26,1586.28,192.98
ORD-001672,2024-11-12,2024-11-14,CUST-00193,PROD-00188,2,0.0,575.46,366.92,208.54
ORD-001673,2024-12-04,2024-12-06,CUST-00388,PROD-00103,6,0.0,1600.14,1267.32,332.82
ORD-001674,2025-11-10,2025-11-14,CUST-00309,PROD-00022,5,0.3,740.42,911.05,-170.63
ORD-001675,2025-05-01,2025-05-03,CUST-00375,PROD-00086,6,0.1,1828.6,1537.26,291.34
ORD-001676,2024-01-07,2024-01-11,CUST-00327,PROD-00117,1,0.0,204.09,160.35,43.74
ORD-001677,2025-12-04,2025-12-07,CUST-00480,PROD-00177,3,0.0,1453.08,972.33,480.75
ORD-001678,2024-07-13,2024-07-18,CUST-00386,PROD-00085,4,0.15,270.2,190.44,79.76
ORD-001679,2024-03-23,2024-03-27,CUST-00342,PROD-00177,2,0.05,920.28,648.22,272.06
ORD-001680,2025-08-12,2025-08-13,CUST-00471,PROD-00098,3,0.15,1464.54,947.19,517.35
ORD-001681,2024-12-31,2025-01-02,CUST-00190,PROD-00131,1,0.0,526.64,299.0,227.64
ORD-001682,2024-11-29,2024-12-02,CUST-00176,PROD-00108,5,0.05,1019.49,735.5,283.99
ORD-001683,2024-07-27,2024-08-01,CUST-00119,PROD-00169,4,0.2,1141.6,759.44,382.16
ORD-001684,2025-02-05,2025-02-09,CUST-00439,PROD-00120,5,0.05,808.97,546.55,262.42
ORD-001685,2024-08-16,2024-08-17,CUST-00402,PROD-00074,2,0.2,945.36,747.26,198.1
ORD-001686,2025-11-14,2025-11-15,CUST-00558,PROD-00183,6,0.0,2003.22,1315.02,688.2
ORD-001687,2024-06-19,2024-06-21,CUST-00253,PROD-00108,5,0.0,1073.15,735.5,337.65
ORD-001688,2025-11-06,2025-11-10,CUST-00447,PROD-00090,6,0.3,1256.43,958.38,298.05
ORD-001689,2025-02-15,2025-02-18,CUST-00454,PROD-00136,3,0.1,611.58,457.14,154.44
ORD-001690,2025-09-27,2025-09-29,CUST-00280,PROD-00024,1,0.1,206.08,195.84,10.24
ORD-001691,2025-06-17,2025-06-21,CUST-00297,PROD-00087,2,0.15,352.19,256.1,96.09
ORD-001692,2025-05-31,2025-06-05,CUST-00470,PROD-00167,1,0.0,186.76,109.98,76.78
ORD-001693,2024-09-24,2024-09-26,CUST-00084,PROD-00168,2,0.0,219.62,129.66,89.96
ORD-001694,2024-07-10,2024-07-16,CUST-00341,PROD-00153,5,0.0,2532.65,1883.75,648.9
ORD-001695,2024-06-15,2024-06-16,CUST-00458,PROD-00060,3,0.0,713.46,432.75,280.71
ORD-001696,2025-10-19,2025-10-22,CUST-00212,PROD-00176,4,0.1,1485.86,1206.88,278.98
ORD-001697,2025-09-21,2025-09-23,CUST-00494,PROD-00143,6,0.15,221.08,185.7,35.38
ORD-001698,2024-12-03,2024-12-06,CUST-00512,PROD-00174,5,0.05,1049.89,880.1,169.79
ORD-001699,2024-04-11,2024-04-17,CUST-00328,PROD-00092,3,0.0,398.85,247.08,151.77
ORD-001700,2024-11-05,2024-11-08,CUST-00564,PROD-00093,5,0.1,868.46,512.75,355.71
ORD-001701,2025-04-02,2025-04-04,CUST-00449,PROD-00143,4,0.05,164.73,123.8,40.93
ORD-001702,2024-12-09,2024-12-15,CUST-00289,PROD-00073,3,0.05,1126.52,841.26,285.26
ORD-001703,2025-08-21,2025-08-25,CUST-00545,PROD-00009,1,0.2,111.17,81.83,29.34
ORD-001704,2025-12-30,2026-01-03,CUST-00210,PROD-00016,7,0.0,4768.75,2781.73,1987.02
ORD-001705,2024-05-26,2024-05-27,CUST-00515,PROD-00015,6,0.15,2418.37,2398.62,19.75
ORD-001706,2024-12-12,2024-12-13,CUST-00535,PROD-00131,6,0.15,2685.86,1794.0,891.86
ORD-001707,2024-11-28,2024-12-02,CUST-00185,PROD-00135,7,0.1,3200.4,2366.35,834.05
ORD-001708,2024-09-09,2024-09-14,CUST-00012,PROD-00008,1,0.0,216.04,128.71,87.33
ORD-001709,2024-06-01,2024-06-06,CUST-00272,PROD-00133,5,0.0,1801.85,1531.55,270.3
ORD-001710,2024-02-20,2024-02-24,CUST-00141,PROD-00049,1,0.05,469.53,396.57,72.96
ORD-001711,2025-11-07,2025-11-09,CUST-00558,PROD-00218,2,0.05,1241.25,770.84,470.41
ORD-001712,2024-11-23,2024-11-24,CUST-00071,PROD-00175,4,0.1,1456.2,1081.04,375.16
ORD-001713,2024-12-30,2025-01-01,CUST-00395,PROD-00098,3,0.2,1378.39,947.19,431.2
ORD-001714,2025-11-22,2025-11-23,CUST-00249,PROD-00132,1,0.05,243.2,147.31,95.89
ORD-001715,2025-08-18,2025-08-19,CUST-00241,PROD-00190,4,0.2,911.68,969.84,-58.16
ORD-001716,2024-04-10,2024-04-14,CUST-00275,PROD-00057,7,0.05,1703.66,1280.79,422.87
ORD-001717,2025-02-19,2025-02-24,CUST-00365,PROD-00096,6,0.3,437.05,347.16,89.89
ORD-001718,2024-12-03,2024-12-04,CUST-00500,PROD-00209,5,0.05,2165.76,1738.1,427.66
ORD-001719,2025-09-03,2025-09-05,CUST-00389,PROD-00071,2,0.05,1160.98,696.56,464.42
ORD-001720,2025-06-30,2025-07-02,CUST-00205,PROD-00042,5,0.0,2824.8,1708.3,1116.5
ORD-001721,2025-05-26,2025-05-27,CUST-00149,PROD-00194,6,0.3,1842.67,1618.92,223.75
ORD-001722,2024-10-06,2024-10-10,CUST-00569,PROD-00005,6,0.0,1932.24,1661.4,270.84
ORD-001723,2025-09-09,2025-09-12,CUST-00436,PROD-00048,7,0.0,1886.36,1270.85,615.51
ORD-001724,2024-02-10,2024-02-14,CUST-00137,PROD-00210,4,0.2,92.64,84.04,8.6
ORD-001725,2024-05-02,2024-05-04,CUST-00393,PROD-00001,4,0.0,161.8,85.6,76.2
ORD-001726,2024-10-02,2024-10-03,CUST-00462,PROD-00010,2,0.1,804.29,696.62,107.67
ORD-001727,2024-02-28,2024-02-29,CUST-00222,PROD-00079,2,0.05,466.81,355.08,111.73
ORD-001728,2024-07-11,2024-07-17,CUST-00213,PROD-00143,6,0.1,234.09,185.7,48.39
ORD-001729,2025-09-29,2025-10-05,CUST-00052,PROD-00199,7,0.05,3845.1,2140.32,1704.78
ORD-001730,2025-12-07,2025-12-12,CUST-00112,PROD-00013,1,0.15,499.96,319.84,180.12
ORD-001731,2024-09-09,2024-09-13,CUST-00585,PROD-00005,7,0.15,1916.14,1938.3,-22.16
ORD-001732,2024-08-09,2024-08-15,CUST-00410,PROD-00068,5,0.15,1892.99,1751.75,141.24
ORD-001733,2024-08-21,2024-08-22,CUST-00186,PROD-00183,3,0.1,901.45,657.51,243.94
ORD-001734,2024-08-19,2024-08-23,CUST-00573,PROD-00018,2,0.0,947.12,539.4,407.72
ORD-001735,2024-01-28,2024-01-31,CUST-00569,PROD-00097,7,0.3,1365.38,1362.2,3.18
ORD-001736,2025-11-26,2025-11-27,CUST-00163,PROD-00027,1,0.05,422.28,288.47,133.81
ORD-001737,2024-06-18,2024-06-23,CUST-00045,PROD-00202,1,0.1,365.93,331.78,34.15
ORD-001738,2024-11-23,2024-11-25,CUST-00042,PROD-00020,2,0.0,443.74,273.46,170.28
ORD-001739,2024-01-08,2024-01-09,CUST-00485,PROD-00006,7,0.0,3634.54,2437.54,1197.0
ORD-001740,2025-10-20,2025-10-25,CUST-00108,PROD-00094,7,0.1,222.39,172.97,49.42
ORD-001741,2025-07-08,2025-07-13,CUST-00016,PROD-00070,5,0.05,449.06,268.1,180.96
ORD-001742,2025-12-06,2025-12-08,CUST-00437,PROD-00215,2,0.05,389.8,347.28,42.52
ORD-001743,2025-08-22,2025-08-28,CUST-00138,PROD-00204,6,0.15,2169.18,1579.5,589.68
ORD-001744,2024-09-16,2024-09-21,CUST-00293,PROD-00219,7,0.0,1495.13,828.52,666.61
ORD-001745,2024-07-25,2024-07-28,CUST-00373,PROD-00162,2,0.15,243.68,226.22,17.46
ORD-001746,2025-06-01,2025-06-06,CUST-00539,PROD-00048,6,0.3,1131.82,1089.3,42.52
ORD-001747,2024-10-24,2024-10-25,CUST-00089,PROD-00128,6,0.15,1984.36,1838.16,146.2
ORD-001748,2025-02-20,2025-02-24,CUST-00281,PROD-00142,6,0.2,1367.23,1464.24,-97.01
ORD-001749,2024-01-05,2024-01-11,CUST-00338,PROD-00010,3,0.2,1072.39,1044.93,27.46
ORD-001750,2024-02-17,2024-02-22,CUST-00217,PROD-00065,2,0.1,54.97,44.34,10.63
ORD-001751,2025-01-27,2025-01-28,CUST-00212,PROD-00017,1,0.0,538.09,297.47,240.62
ORD-001752,2025-02-20,2025-02-25,CUST-00153,PROD-00170,5,0.15,395.34,398.7,-3.36
ORD-001753,2025-07-30,2025-08-02,CUST-00321,PROD-00180,4,0.1,1219.93,1066.28,153.65
ORD-001754,2024-04-11,2024-04-13,CUST-00482,PROD-00070,3,0.0,283.62,160.86,122.76
ORD-001755,2025-01-10,2025-01-12,CUST-00075,PROD-00045,5,0.05,512.52,389.75,122.77
ORD-001756,2024-05-29,2024-06-03,CUST-00340,PROD-00052,4,0.15,726.75,607.4,119.35
ORD-001757,2024-03-12,2024-03-14,CUST-00220,PROD-00141,2,0.0,730.08,455.56,274.52
ORD-001758,2024-11-18,2024-11-20,CUST-00029,PROD-00191,6,0.0,2738.64,1977.54,761.1
ORD-001759,2024-05-05,2024-05-09,CUST-00231,PROD-00102,3,0.1,657.5,553.35,104.15
ORD-001760,2024-06-27,2024-07-02,CUST-00186,PROD-00164,2,0.05,432.14,263.1,169.04
ORD-001761,2024-09-19,2024-09-25,CUST-00031,PROD-00091,3,0.1,809.7,516.24,293.46
ORD-001762,2024-08-05,2024-08-06,CUST-00469,PROD-00001,5,0.0,202.25,107.0,95.25
ORD-001763,2024-03-08,2024-03-12,CUST-00195,PROD-00158,2,0.0,172.42,118.98,53.44
ORD-001764,2024-03-10,2024-03-13,CUST-00036,PROD-00067,5,0.0,924.9,638.85,286.05
ORD-001765,2024-05-28,2024-05-30,CUST-00322,PROD-00156,1,0.15,42.79,27.54,15.25
ORD-001766,2024-02-08,2024-02-12,CUST-00165,PROD-00063,5,0.2,1323.36,1356.25,-32.89
ORD-001767,2025-04-07,2025-04-12,CUST-00289,PROD-00075,5,0.0,2801.2,1848.6,952.6
ORD-001768,2024-08-26,2024-08-27,CUST-00175,PROD-00161,3,0.15,502.5,343.8,158.7
ORD-001769,2024-08-21,2024-08-27,CUST-00270,PROD-00151,4,0.1,585.83,556.52,29.31
ORD-001770,2024-09-30,2024-10-04,CUST-00036,PROD-00212,4,0.05,2243.06,1441.4,801.66
ORD-001771,2025-05-05,2025-05-11,CUST-00491,PROD-00081,1,0.0,410.85,250.88,159.97
ORD-001772,2025-10-30,2025-11-03,CUST-00401,PROD-00176,4,0.1,1485.86,1206.88,278.98
ORD-001773,2025-08-05,2025-08-10,CUST-00517,PROD-00197,6,0.05,737.58,541.32,196.26
ORD-001774,2025-07-04,2025-07-09,CUST-00145,PROD-00059,1,0.05,103.59,74.83,28.76
ORD-001775,2024-12-24,2024-12-26,CUST-00484,PROD-00013,3,0.0,1764.57,959.52,805.05
ORD-001776,2025-05-29,2025-06-02,CUST-00528,PROD-00092,3,0.05,378.91,247.08,131.83
ORD-001777,2025-02-10,2025-02-15,CUST-00095,PROD-00174,3,0.0,663.09,528.06,135.03
ORD-001778,2024-06-20,2024-06-24,CUST-00393,PROD-00061,3,0.1,528.77,473.85,54.92
ORD-001779,2024-06-12,2024-06-15,CUST-00401,PROD-00055,7,0.0,2115.54,1518.44,597.1
ORD-001780,2024-09-02,2024-09-03,CUST-00165,PROD-00013,1,0.0,588.19,319.84,268.35
ORD-001781,2025-11-19,2025-11-23,CUST-00547,PROD-00083,5,0.15,2083.82,1518.35,565.47
ORD-001782,2025-02-05,2025-02-11,CUST-00043,PROD-00148,1,0.0,392.59,257.92,134.67
ORD-001783,2025-07-11,2025-07-17,CUST-00590,PROD-00007,6,0.05,1256.74,853.92,402.82
ORD-001784,2024-10-11,2024-10-16,CUST-00147,PROD-00025,3,0.05,292.38,199.2,93.18
ORD-001785,2024-11-17,2024-11-19,CUST-00251,PROD-00203,2,0.3,866.12,725.8,140.32
ORD-001786,2024-04-06,2024-04-08,CUST-00002,PROD-00134,7,0.0,3828.58,2684.92,1143.66
ORD-001787,2024-05-11,2024-05-12,CUST-00296,PROD-00058,6,0.1,2653.07,2300.34,352.73
ORD-001788,2025-09-27,2025-10-03,CUST-00062,PROD-00012,6,0.0,3300.54,2091.66,1208.88
ORD-001789,2025-03-06,2025-03-07,CUST-00179,PROD-00069,7,0.0,4969.58,2778.51,2191.07
ORD-001790,2024-10-04,2024-10-05,CUST-00572,PROD-00046,4,0.15,485.38,395.68,89.7
ORD-001791,2025-09-08,2025-09-11,CUST-00269,PROD-00108,4,0.05,815.59,588.4,227.19
ORD-001792,2024-07-24,2024-07-26,CUST-00097,PROD-00051,6,0.2,363.36,249.48,113.88
ORD-001793,2025-12-20,2025-12-25,CUST-00396,PROD-00133,7,0.0,2522.59,2144.17,378.42
ORD-001794,2024-10-09,2024-10-10,CUST-00538,PROD-00142,3,0.0,854.52,732.12,122.4
ORD-001795,2024-10-04,2024-10-06,CUST-00076,PROD-00210,5,0.0,144.75,105.05,39.7
ORD-001796,2024-09-14,2024-09-18,CUST-00259,PROD-00184,3,0.05,763.77,555.21,208.56
ORD-001797,2024-04-03,2024-04-04,CUST-00393,PROD-00088,1,0.15,91.39,59.24,32.15
ORD-001798,2024-03-26,2024-03-30,CUST-00506,PROD-00086,7,0.05,2251.89,1793.47,458.42
ORD-001799,2025-04-24,2025-04-25,CUST-00024,PROD-00064,6,0.0,2263.32,1479.18,784.14
ORD-001800,2025-11-02,2025-11-04,CUST-00238,PROD-00022,4,0.2,676.96,728.84,-51.88
ORD-001801,2025-08-29,2025-09-01,CUST-00499,PROD-00219,5,0.0,1067.95,591.8,476.15
ORD-001802,2024-04-18,2024-04-20,CUST-00162,PROD-00029,5,0.1,1708.96,1323.2,385.76
ORD-001803,2025-02-04,2025-02-06,CUST-00005,PROD-00076,5,0.05,1173.25,662.35,510.9
ORD-001804,2024-03-22,2024-03-25,CUST-00473,PROD-00138,6,0.0,89.7,55.56,34.14
ORD-001805,2024-02-04,2024-02-08,CUST-00163,PROD-00062,2,0.05,1392.05,794.1,597.95
ORD-001806,2025-04-30,2025-05-01,CUST-00165,PROD-00072,6,0.15,2335.04,1973.64,361.4
ORD-001807,2025-01-27,2025-01-31,CUST-00250,PROD-00080,4,0.0,836.2,467.52,368.68
ORD-001808,2024-03-03,2024-03-07,CUST-00395,PROD-00170,7,0.15,553.47,558.18,-4.71
ORD-001809,2024-01-27,2024-01-29,CUST-00216,PROD-00059,4,0.2,348.93,299.32,49.61
ORD-001810,2025-12-27,2026-01-01,CUST-00161,PROD-00047,2,0.2,791.89,790.42,1.47
ORD-001811,2024-01-24,2024-01-27,CUST-00162,PROD-00042,4,0.2,1807.87,1366.64,441.23
ORD-001812,2024-12-05,2024-12-10,CUST-00429,PROD-00094,3,0.0,105.9,74.13,31.77
ORD-001813,2025-01-04,2025-01-06,CUST-00123,PROD-00141,6,0.2,1752.19,1366.68,385.51
ORD-001814,2024-03-31,2024-04-05,CUST-00257,PROD-00186,5,0.0,2523.6,1594.0,929.6
ORD-001815,2024-05-09,2024-05-13,CUST-00493,PROD-00180,7,0.0,2372.09,1865.99,506.1
ORD-001816,2024-10-15,2024-10-18,CUST-00009,PROD-00178,4,0.05,1083.27,811.68,271.59
ORD-001817,2025-08-07,2025-08-08,CUST-00056,PROD-00207,1,0.15,298.34,275.21,23.13
ORD-001818,2025-01-05,2025-01-07,CUST-00355,PROD-00147,1,0.15,627.92,399.35,228.57
ORD-001819,2025-04-16,2025-04-18,CUST-00087,PROD-00191,7,0.05,3035.33,2307.13,728.2
ORD-001820,2025-12-24,2025-12-30,CUST-00362,PROD-00125,2,0.05,697.87,412.58,285.29
ORD-001821,2025-08-12,2025-08-16,CUST-00243,PROD-00129,1,0.15,459.9,298.75,161.15
ORD-001822,2024-11-30,2024-12-05,CUST-00376,PROD-00069,3,0.1,1916.84,1190.79,726.05
ORD-001823,2024-12-05,2024-12-08,CUST-00325,PROD-00011,6,0.15,917.8,928.32,-10.52
ORD-001824,2025-04-01,2025-04-02,CUST-00238,PROD-00215,1,0.3,143.61,173.64,-30.03
ORD-001825,2025-05-07,2025-05-11,CUST-00514,PROD-00210,4,0.1,104.22,84.04,20.18
ORD-001826,2025-01-01,2025-01-02,CUST-00194,PROD-00196,4,0.2,1124.77,909.68,215.09
ORD-001827,2025-04-21,2025-04-23,CUST-00213,PROD-00023,4,0.2,1491.94,1222.64,269.3
ORD-001828,2024-01-19,2024-01-23,CUST-00451,PROD-00087,2,0.0,414.34,256.1,158.24
ORD-001829,2024-11-27,2024-11-28,CUST-00113,PROD-00192,4,0.05,280.36,162.88,117.48
ORD-001830,2024-08-20,2024-08-23,CUST-00092,PROD-00213,2,0.0,561.6,455.38,106.22
ORD-001831,2024-04-09,2024-04-10,CUST-00207,PROD-00081,7,0.05,2732.15,1756.16,975.99
ORD-001832,2024-03-17,2024-03-19,CUST-00033,PROD-00035,1,0.0,351.76,285.95,65.81
ORD-001833,2025-03-20,2025-03-24,CUST-00152,PROD-00147,7,0.0,5171.11,2795.45,2375.66
ORD-001834,2025-01-18,2025-01-23,CUST-00230,PROD-00153,3,0.0,1519.59,1130.25,389.34
ORD-001835,2024-07-31,2024-08-03,CUST-00033,PROD-00147,3,0.0,2216.19,1198.05,1018.14
ORD-001836,2024-12-17,2024-12-22,CUST-00523,PROD-00203,2,0.1,1113.59,725.8,387.79
ORD-001837,2024-12-27,2025-01-01,CUST-00471,PROD-00183,1,0.0,333.87,219.17,114.7
ORD-001838,2024-05-29,2024-06-03,CUST-00111,PROD-00096,2,0.1,187.31,115.72,71.59
ORD-001839,2025-04-27,2025-04-28,CUST-00285,PROD-00179,1,0.2,188.85,137.44,51.41
ORD-001840,2025-08-22,2025-08-23,CUST-00392,PROD-00170,5,0.05,441.84,398.7,43.14
ORD-001841,2025-08-30,2025-09-02,CUST-00330,PROD-00063,6,0.05,1885.79,1627.5,258.29
ORD-001842,2025-03-20,2025-03-24,CUST-00510,PROD-00067,5,0.1,832.41,638.85,193.56
ORD-001843,2025-01-09,2025-01-10,CUST-00094,PROD-00113,5,0.05,793.58,671.55,122.03
ORD-001844,2024-02-16,2024-02-18,CUST-00182,PROD-00011,4,0.0,719.84,618.88,100.96
ORD-001845,2024-08-27,2024-08-30,CUST-00083,PROD-00186,5,0.3,1766.52,1594.0,172.52
ORD-001846,2024-03-12,2024-03-18,CUST-00348,PROD-00167,5,0.15,793.73,549.9,243.83
ORD-001847,2025-12-14,2025-12-15,CUST-00267,PROD-00142,4,0.1,1025.42,976.16,49.26
ORD-001848,2024-04-13,2024-04-17,CUST-00572,PROD-00148,6,0.05,2237.76,1547.52,690.24
ORD-001849,2024-04-26,2024-05-02,CUST-00110,PROD-00058,1,0.15,417.61,383.39,34.22
ORD-001850,2025-11-09,2025-11-12,CUST-00076,PROD-00019,5,0.15,1013.33,661.7,351.63
ORD-001851,2025-12-05,2025-12-11,CUST-00452,PROD-00079,4,0.0,982.76,710.16,272.6
ORD-001852,2025-08-10,2025-08-14,CUST-00445,PROD-00149,2,0.05,570.44,337.36,233.08
ORD-001853,2024-01-05,2024-01-10,CUST-00381,PROD-00166,3,0.05,1457.12,1061.4,395.72
ORD-001854,2024-01-02,2024-01-04,CUST-00394,PROD-00197,3,0.0,388.2,270.66,117.54
ORD-001855,2024-11-03,2024-11-08,CUST-00163,PROD-00178,6,0.1,1539.38,1217.52,321.86
ORD-001856,2024-04-20,2024-04-21,CUST-00590,PROD-00213,7,0.1,1769.04,1593.83,175.21
ORD-001857,2024-01-15,2024-01-18,CUST-00193,PROD-00022,7,0.05,1406.81,1275.47,131.34
ORD-001858,2024-12-14,2024-12-18,CUST-00270,PROD-00073,3,0.0,1185.81,841.26,344.55
ORD-001859,2025-12-04,2025-12-09,CUST-00033,PROD-00043,5,0.2,1504.0,1262.75,241.25
ORD-001860,2024-09-23,2024-09-26,CUST-00319,PROD-00134,4,0.15,1859.6,1534.24,325.36
ORD-001861,2025-05-04,2025-05-09,CUST-00488,PROD-00195,1,0.0,643.82,392.07,251.75
ORD-001862,2025-04-27,2025-05-01,CUST-00320,PROD-00165,5,0.1,122.72,82.75,39.97
ORD-001863,2024-07-29,2024-08-03,CUST-00479,PROD-00201,1,0.0,544.89,352.89,192.0
ORD-001864,2025-04-25,2025-04-28,CUST-00408,PROD-00089,3,0.0,680.31,440.58,239.73
ORD-001865,2024-06-16,2024-06-20,CUST-00306,PROD-00111,4,0.0,439.96,354.52,85.44
ORD-001866,2024-04-03,2024-04-04,CUST-00146,PROD-00020,5,0.0,1109.35,683.65,425.7
ORD-001867,2025-06-05,2025-06-08,CUST-00275,PROD-00087,2,0.0,414.34,256.1,158.24
ORD-001868,2024-03-28,2024-03-31,CUST-00560,PROD-00062,2,0.05,1392.05,794.1,597.95
ORD-001869,2025-12-30,2025-12-31,CUST-00262,PROD-00198,3,0.1,1640.63,1033.23,607.4
ORD-001870,2024-05-20,2024-05-24,CUST-00350,PROD-00056,6,0.1,3535.76,2386.2,1149.56
ORD-001871,2025-03-13,2025-03-15,CUST-00343,PROD-00023,4,0.05,1771.67,1222.64,549.03
ORD-001872,2024-11-19,2024-11-20,CUST-00253,PROD-00148,5,0.1,1766.66,1289.6,477.06
ORD-001873,2024-04-07,2024-04-12,CUST-00079,PROD-00035,7,0.0,2462.32,2001.65,460.67
ORD-001874,2024-01-22,2024-01-26,CUST-00328,PROD-00199,1,0.2,462.57,305.76,156.81
ORD-001875,2025-04-04,2025-04-06,CUST-00232,PROD-00104,6,0.2,1034.59,1090.56,-55.97
ORD-001876,2025-09-11,2025-09-16,CUST-00174,PROD-00136,6,0.1,1223.15,914.28,308.87
ORD-001877,2025-10-08,2025-10-12,CUST-00201,PROD-00173,5,0.05,1271.95,1105.35,166.6
ORD-001878,2024-12-23,2024-12-28,CUST-00066,PROD-00190,3,0.0,854.7,727.38,127.32
ORD-001879,2025-08-19,2025-08-24,CUST-00581,PROD-00023,6,0.0,2797.38,1833.96,963.42
ORD-001880,2025-05-13,2025-05-17,CUST-00305,PROD-00177,3,0.0,1453.08,972.33,480.75
ORD-001881,2025-06-30,2025-07-06,CUST-00166,PROD-00150,5,0.1,2229.8,1902.6,327.2
ORD-001882,2024-12-28,2024-12-29,CUST-00167,PROD-00197,6,0.1,698.76,541.32,157.44
ORD-001883,2025-04-12,2025-04-15,CUST-00404,PROD-00077,4,0.05,694.11,608.28,85.83
ORD-001884,2025-09-10,2025-09-14,CUST-00136,PROD-00052,1,0.2,171.0,151.85,19.15
ORD-001885,2024-11-12,2024-11-16,CUST-00248,PROD-00214,4,0.2,628.67,630.36,-1.69
ORD-001886,2025-09-10,2025-09-16,CUST-00329,PROD-00016,7,0.1,4291.88,2781.73,1510.15
ORD-001887,2025-03-12,2025-03-13,CUST-00274,PROD-00012,6,0.0,3300.54,2091.66,1208.88
ORD-001888,2024-05-07,2024-05-08,CUST-00399,PROD-00111,3,0.0,329.97,265.89,64.08
ORD-001889,2024-01-19,2024-01-24,CUST-00093,PROD-00195,4,0.0,2575.28,1568.28,1007.0
ORD-001890,2024-10-23,2024-10-24,CUST-00479,PROD-00060,7,0.0,1664.74,1009.75,654.99
ORD-001891,2025-02-05,2025-02-06,CUST-00239,PROD-00104,3,0.1,581.96,545.28,36.68
ORD-001892,2025-10-06,2025-10-09,CUST-00375,PROD-00141,3,0.1,985.61,683.34,302.27
ORD-001893,2024-04-07,2024-04-09,CUST-00314,PROD-00036,4,0.1,1944.07,1471.04,473.03
ORD-001894,2025-09-06,2025-09-09,CUST-00486,PROD-00101,3,0.0,1667.43,942.66,724.77
ORD-001895,2025-10-24,2025-10-28,CUST-00349,PROD-00105,5,0.1,1564.78,1444.0,120.78
ORD-001896,2024-04-25,2024-05-01,CUST-00588,PROD-00050,4,0.0,1025.72,560.76,464.96
ORD-001897,2025-10-15,2025-10-21,CUST-00328,PROD-00115,5,0.0,410.45,347.0,63.45
ORD-001898,2025-12-27,2025-12-30,CUST-00310,PROD-00071,4,0.0,2444.16,1393.12,1051.04
ORD-001899,2025-07-03,2025-07-07,CUST-00241,PROD-00179,4,0.05,897.03,549.76,347.27
ORD-001900,2025-08-25,2025-08-27,CUST-00533,PROD-00216,3,0.05,1373.02,1160.31,212.71
ORD-001901,2025-12-29,2026-01-03,CUST-00413,PROD-00167,1,0.15,158.75,109.98,48.77
ORD-001902,2025-03-22,2025-03-26,CUST-00576,PROD-00048,6,0.3,1131.82,1089.3,42.52
ORD-001903,2024-09-11,2024-09-15,CUST-00151,PROD-00004,3,0.1,82.76,72.9,9.86
ORD-001904,2025-10-04,2025-10-09,CUST-00396,PROD-00141,2,0.0,730.08,455.56,274.52
ORD-001905,2025-03-29,2025-03-30,CUST-00031,PROD-00071,5,0.0,3055.2,1741.4,1313.8
ORD-001906,2025-03-03,2025-03-07,CUST-00562,PROD-00135,2,0.0,1016.0,676.1,339.9
ORD-001907,2024-07-31,2024-08-01,CUST-00030,PROD-00059,1,0.3,76.33,74.83,1.5
ORD-001908,2025-08-03,2025-08-09,CUST-00379,PROD-00130,7,0.1,1823.47,1157.73,665.74
ORD-001909,2024-03-03,2024-03-08,CUST-00160,PROD-00009,3,0.0,416.88,245.49,171.39
ORD-001910,2025-11-25,2025-11-30,CUST-00033,PROD-00152,1,0.0,398.07,237.9,160.17
ORD-001911,2024-09-25,2024-09-27,CUST-00294,PROD-00139,4,0.2,743.17,639.88,103.29
ORD-001912,2024-04-08,2024-04-13,CUST-00578,PROD-00021,7,0.05,1631.38,1099.84,531.54
ORD-001913,2024-12-04,2024-12-07,CUST-00502,PROD-00067,3,0.0,554.94,383.31,171.63
ORD-001914,2024-02-02,2024-02-04,CUST-00329,PROD-00035,3,0.0,1055.28,857.85,197.43
ORD-001915,2025-05-22,2025-05-27,CUST-00010,PROD-00202,4,0.0,1626.36,1327.12,299.24
ORD-001916,2025-11-15,2025-11-19,CUST-00430,PROD-00066,6,0.0,1330.68,943.92,386.76
ORD-001917,2025-10-04,2025-10-07,CUST-00589,PROD-00035,7,0.1,2216.09,2001.65,214.44
ORD-001918,2024-04-07,2024-04-12,CUST-00580,PROD-00017,5,0.05,2555.93,1487.35,1068.58
ORD-001919,2024-04-06,2024-04-09,CUST-00286,PROD-00170,7,0.1,586.03,558.18,27.85
ORD-001920,2025-09-16,2025-09-22,CUST-00418,PROD-00150,4,0.0,1982.04,1522.08,459.96
ORD-001921,2025-11-25,2025-11-27,CUST-00109,PROD-00095,1,0.05,315.3,186.12,129.18
ORD-001922,2024-12-12,2024-12-14,CUST-00214,PROD-00068,7,0.0,3117.87,2452.45,665.42
ORD-001923,2024-12-31,2025-01-04,CUST-00017,PROD-00011,5,0.0,899.8,773.6,126.2
ORD-001924,2024-09-19,2024-09-22,CUST-00124,PROD-00062,1,0.15,622.76,397.05,225.71
ORD-001925,2025-11-11,2025-11-15,CUST-00541,PROD-00102,3,0.1,657.5,553.35,104.15
ORD-001926,2025-04-21,2025-04-27,CUST-00429,PROD-00029,1,0.1,341.79,264.64,77.15
ORD-001927,2024-08-27,2024-09-01,CUST-00300,PROD-00164,4,0.1,818.78,526.2,292.58
ORD-001928,2024-09-04,2024-09-05,CUST-00320,PROD-00204,3,0.05,1212.19,789.75,422.44
ORD-001929,2025-11-09,2025-11-11,CUST-00539,PROD-00017,7,0.0,3766.63,2082.29,1684.34
ORD-001930,2024-01-11,2024-01-12,CUST-00115,PROD-00194,6,0.15,2237.52,1618.92,618.6
ORD-001931,2024-09-23,2024-09-28,CUST-00265,PROD-00155,1,0.0,283.71,187.61,96.1
ORD-001932,2025-02-11,2025-02-14,CUST-00171,PROD-00108,6,0.0,1287.78,882.6,405.18
ORD-001933,2024-04-23,2024-04-28,CUST-00552,PROD-00026,3,0.15,1082.58,738.9,343.68
ORD-001934,2024-03-11,2024-03-16,CUST-00070,PROD-00067,6,0.1,998.89,766.62,232.27
ORD-001935,2025-09-17,2025-09-18,CUST-00063,PROD-00013,6,0.0,3529.14,1919.04,1610.1
ORD-001936,2025-11-11,2025-11-12,CUST-00040,PROD-00165,7,0.05,181.35,115.85,65.5
ORD-001937,2025-09-24,2025-09-30,CUST-00398,PROD-00203,1,0.1,556.79,362.9,193.89
ORD-001938,2025-11-13,2025-11-17,CUST-00600,PROD-00113,4,0.1,601.45,537.24,64.21
ORD-001939,2025-02-10,2025-02-12,CUST-00428,PROD-00169,3,0.3,749.18,569.58,179.6
ORD-001940,2025-09-15,2025-09-19,CUST-00090,PROD-00129,7,0.05,3598.05,2091.25,1506.8
ORD-001941,2024-11-06,2024-11-08,CUST-00244,PROD-00166,6,0.1,2760.86,2122.8,638.06
ORD-001942,2025-05-08,2025-05-12,CUST-00053,PROD-00218,6,0.0,3919.74,2312.52,1607.22
ORD-001943,2025-12-26,2025-12-28,CUST-00179,PROD-00037,7,0.1,1666.54,1565.83,100.71
ORD-001944,2024-07-01,2024-07-05,CUST-00245,PROD-00149,4,0.1,1080.83,674.72,406.11
ORD-001945,2024-11-08,2024-11-12,CUST-00406,PROD-00211,1,0.0,602.75,349.51,253.24
ORD-001946,2024-12-22,2024-12-26,CUST-00426,PROD-00098,6,0.05,3273.68,1894.38,1379.3
ORD-001947,2024-04-15,2024-04-18,CUST-00003,PROD-00208,1,0.1,411.25,336.12,75.13
ORD-001948,2024-03-03,2024-03-06,CUST-00536,PROD-00148,3,0.0,1177.77,773.76,404.01
ORD-001949,2025-09-28,2025-10-02,CUST-00148,PROD-00123,7,0.05,2952.2,2628.22,323.98
ORD-001950,2025-12-20,2025-12-26,CUST-00545,PROD-00030,5,0.15,759.94,729.2,30.74
ORD-001951,2024-11-15,2024-11-21,CUST-00160,PROD-00038,1,0.1,13.2,9.01,4.19
ORD-001952,2024-03-08,2024-03-11,CUST-00552,PROD-00152,4,0.0,1592.28,951.6,640.68
ORD-001953,2024-02-20,2024-02-21,CUST-00285,PROD-00213,2,0.0,561.6,455.38,106.22
ORD-001954,2025-11-09,2025-11-13,CUST-00277,PROD-00060,2,0.0,475.64,288.5,187.14
ORD-001955,2024-12-14,2024-12-15,CUST-00114,PROD-00103,7,0.0,1866.83,1478.54,388.29
ORD-001956,2024-09-20,2024-09-21,CUST-00315,PROD-00192,6,0.15,376.28,244.32,131.96
ORD-001957,2024-12-20,2024-12-23,CUST-00098,PROD-00044,1,0.0,533.47,296.85,236.62
ORD-001958,2024-09-19,2024-09-24,CUST-00023,PROD-00181,5,0.0,1746.05,924.45,821.6
ORD-001959,2024-12-26,2024-12-31,CUST-00034,PROD-00166,6,0.1,2760.86,2122.8,638.06
ORD-001960,2025-10-21,2025-10-24,CUST-00382,PROD-00168,6,0.0,658.86,388.98,269.88
ORD-001961,2025-03-12,2025-03-14,CUST-00535,PROD-00200,3,0.2,640.06,564.09,75.97
ORD-001962,2025-05-29,2025-06-01,CUST-00532,PROD-00116,4,0.3,384.36,384.2,0.16
ORD-001963,2024-10-25,2024-10-29,CUST-00053,PROD-00123,5,0.1,1997.73,1877.3,120.43
ORD-001964,2025-07-16,2025-07-19,CUST-00281,PROD-00034,1,0.15,85.88,56.3,29.58
ORD-001965,2025-05-08,2025-05-09,CUST-00393,PROD-00208,4,0.2,1462.21,1344.48,117.73
ORD-001966,2024-04-01,2024-04-02,CUST-00550,PROD-00203,3,0.1,1670.38,1088.7,581.68
ORD-001967,2025-02-25,2025-02-28,CUST-00356,PROD-00211,7,0.3,2953.48,2446.57,506.91
ORD-001968,2024-08-03,2024-08-05,CUST-00378,PROD-00021,4,0.05,932.22,628.48,303.74
ORD-001969,2025-09-09,2025-09-15,CUST-00037,PROD-00173,5,0.15,1138.06,1105.35,32.71
ORD-001970,2024-11-26,2024-12-02,CUST-00565,PROD-00045,2,0.05,205.01,155.9,49.11
ORD-001971,2025-12-29,2026-01-04,CUST-00566,PROD-00202,7,0.0,2846.13,2322.46,523.67
ORD-001972,2024-03-12,2024-03-17,CUST-00354,PROD-00028,7,0.0,125.51,76.72,48.79
ORD-001973,2025-08-21,2025-08-22,CUST-00061,PROD-00103,4,0.1,960.08,844.88,115.2
ORD-001974,2025-05-13,2025-05-18,CUST-00305,PROD-00191,4,0.05,1734.47,1318.36,416.11
ORD-001975,2025-08-12,2025-08-18,CUST-00525,PROD-00045,5,0.05,512.52,389.75,122.77
ORD-001976,2024-09-11,2024-09-14,CUST-00434,PROD-00043,4,0.15,1278.4,1010.2,268.2
ORD-001977,2024-12-27,2025-01-02,CUST-00109,PROD-00200,4,0.05,1013.42,752.12,261.3
ORD-001978,2025-09-03,2025-09-04,CUST-00225,PROD-00118,4,0.1,259.96,222.52,37.44
ORD-001979,2024-07-08,2024-07-09,CUST-00281,PROD-00019,7,0.15,1418.66,926.38,492.28
ORD-001980,2024-07-01,2024-07-02,CUST-00142,PROD-00207,1,0.3,245.69,275.21,-29.52
ORD-001981,2025-02-08,2025-02-11,CUST-00373,PROD-00212,7,0.15,3512.17,2522.45,989.72
ORD-001982,2025-01-18,2025-01-24,CUST-00443,PROD-00200,6,0.0,1600.14,1128.18,471.96
ORD-001983,2024-08-22,2024-08-23,CUST-00184,PROD-00108,1,0.0,214.63,147.1,67.53
ORD-001984,2024-09-04,2024-09-09,CUST-00181,PROD-00199,6,0.05,3295.8,1834.56,1461.24
ORD-001985,2024-08-19,2024-08-21,CUST-00399,PROD-00154,7,0.0,1631.35,1090.25,541.1
ORD-001986,2025-08-15,2025-08-16,CUST-00003,PROD-00046,6,0.05,813.73,593.52,220.21
ORD-001987,2025-04-27,2025-04-30,CUST-00531,PROD-00062,2,0.3,1025.72,794.1,231.62
ORD-001988,2025-09-30,2025-10-03,CUST-00088,PROD-00204,5,0.1,1913.98,1316.25,597.73
ORD-001989,2025-12-20,2025-12-23,CUST-00375,PROD-00052,5,0.05,1015.31,759.25,256.06
ORD-001990,2024-12-19,2024-12-21,CUST-00039,PROD-00013,4,0.15,1999.85,1279.36,720.49
ORD-001991,2024-02-21,2024-02-27,CUST-00043,PROD-00209,5,0.1,2051.78,1738.1,313.68
ORD-001992,2024-02-06,2024-02-07,CUST-00109,PROD-00047,6,0.0,2969.58,2371.26,598.32
ORD-001993,2024-09-02,2024-09-07,CUST-00553,PROD-00003,1,0.1,86.0,78.56,7.44
ORD-001994,2025-11-29,2025-11-30,CUST-00361,PROD-00018,5,0.15,2012.63,1348.5,664.13
ORD-001995,2025-01-18,2025-01-20,CUST-00564,PROD-00213,4,0.15,954.72,910.76,43.96
ORD-001996,2024-08-14,2024-08-19,CUST-00052,PROD-00019,4,0.1,858.35,529.36,328.99
ORD-001997,2024-11-13,2024-11-17,CUST-00144,PROD-00199,7,0.1,3642.72,2140.32,1502.4
ORD-001998,2025-03-17,2025-03-20,CUST-00264,PROD-00217,5,0.0,2778.05,1659.05,1119.0
ORD-001999,2025-04-27,2025-04-29,CUST-00460,PROD-00189,7,0.0,4405.8,2408.07,1997.73
ORD-002000,2024-04-28,2024-05-03,CUST-00366,PROD-00004,1,0.0,30.65,24.3,6.35
ORD-002001,2025-12-20,2025-12-21,CUST-00561,PROD-00055,7,0.05,2009.76,1518.44,491.32
ORD-002002,2025-02-03,2025-02-08,CUST-00396,PROD-00139,3,0.1,627.05,479.91,147.14
ORD-002003,2024-04-14,2024-04-18,CUST-00370,PROD-00029,6,0.1,2050.76,1587.84,462.92
ORD-002004,2025-11-10,2025-11-14,CUST-00347,PROD-00106,6,0.0,201.6,131.64,69.96
ORD-002005,2024-02-27,2024-03-02,CUST-00350,PROD-00187,7,0.05,1993.14,1142.54,850.6
ORD-002006,2025-11-17,2025-11-23,CUST-00515,PROD-00081,1,0.15,349.22,250.88,98.34
ORD-002007,2025-12-30,2025-12-31,CUST-00286,PROD-00143,2,0.2,69.36,61.9,7.46
ORD-002008,2025-06-04,2025-06-07,CUST-00143,PROD-00158,6,0.0,517.26,356.94,160.32
ORD-002009,2025-08-14,2025-08-19,CUST-00109,PROD-00078,3,0.1,323.95,297.48,26.47
ORD-002010,2024-10-04,2024-10-05,CUST-00415,PROD-00206,2,0.15,161.99,115.0,46.99
ORD-002011,2025-12-03,2025-12-07,CUST-00046,PROD-00107,2,0.1,452.03,290.16,161.87
ORD-002012,2025-01-23,2025-01-24,CUST-00573,PROD-00168,3,0.0,329.43,194.49,134.94
ORD-002013,2025-07-09,2025-07-12,CUST-00576,PROD-00077,5,0.1,821.97,760.35,61.62
ORD-002014,2025-11-25,2025-11-30,CUST-00533,PROD-00062,3,0.15,1868.28,1191.15,677.13
ORD-002015,2025-12-20,2025-12-23,CUST-00141,PROD-00207,3,0.3,737.08,825.63,-88.55
ORD-002016,2025-10-01,2025-10-02,CUST-00350,PROD-00058,4,0.0,1965.24,1533.56,431.68
ORD-002017,2024-09-07,2024-09-08,CUST-00011,PROD-00001,1,0.1,36.4,21.4,15.0
ORD-002018,2025-12-15,2025-12-16,CUST-00419,PROD-00114,3,0.15,987.08,731.82,255.26
ORD-002019,2025-04-08,2025-04-14,CUST-00034,PROD-00032,4,0.1,1032.98,942.92,90.06
ORD-002020,2025-11-28,2025-12-03,CUST-00134,PROD-00141,7,0.2,2044.22,1594.46,449.76
ORD-002021,2025-05-15,2025-05-21,CUST-00213,PROD-00065,6,0.2,146.59,133.02,13.57
ORD-002022,2024-09-11,2024-09-12,CUST-00285,PROD-00212,4,0.0,2361.12,1441.4,919.72
ORD-002023,2024-10-29,2024-11-02,CUST-00223,PROD-00128,3,0.1,1050.54,919.08,131.46
ORD-002024,2025-02-08,2025-02-13,CUST-00495,PROD-00022,6,0.15,1078.91,1093.26,-14.35
ORD-002025,2025-08-29,2025-08-30,CUST-00044,PROD-00007,3,0.1,595.3,426.96,168.34
ORD-002026,2024-09-19,2024-09-24,CUST-00186,PROD-00110,6,0.0,2494.32,1888.38,605.94
ORD-002027,2025-03-02,2025-03-06,CUST-00481,PROD-00154,3,0.05,664.19,467.25,196.94
ORD-002028,2024-10-10,2024-10-13,CUST-00361,PROD-00031,6,0.15,842.52,718.02,124.5
ORD-002029,2025-09-18,2025-09-23,CUST-00314,PROD-00034,3,0.05,287.94,168.9,119.04
ORD-002030,2024-12-15,2024-12-20,CUST-00576,PROD-00147,4,0.05,2807.17,1597.4,1209.77
ORD-002031,2024-02-28,2024-03-05,CUST-00590,PROD-00202,5,0.2,1626.36,1658.9,-32.54
ORD-002032,2024-05-07,2024-05-09,CUST-00103,PROD-00077,6,0.1,986.36,912.42,73.94
ORD-002033,2024-02-16,2024-02-17,CUST-00134,PROD-00157,1,0.0,506.84,293.97,212.87
ORD-002034,2024-12-31,2025-01-04,CUST-00318,PROD-00158,1,0.15,73.28,59.49,13.79
ORD-002035,2024-03-22,2024-03-28,CUST-00411,PROD-00178,2,0.2,456.11,405.84,50.27
ORD-002036,2024-03-28,2024-04-03,CUST-00444,PROD-00126,3,0.0,1563.51,915.63,647.88
ORD-002037,2025-12-03,2025-12-07,CUST-00375,PROD-00133,1,0.05,342.35,306.31,36.04
ORD-002038,2025-10-31,2025-11-05,CUST-00479,PROD-00148,1,0.3,274.81,257.92,16.89
ORD-002039,2024-12-08,2024-12-13,CUST-00505,PROD-00083,7,0.0,3432.17,2125.69,1306.48
ORD-002040,2025-12-25,2025-12-29,CUST-00198,PROD-00003,1,0.0,95.56,78.56,17.0
ORD-002041,2024-01-01,2024-01-02,CUST-00129,PROD-00115,6,0.0,492.54,416.4,76.14
ORD-002042,2025-03-28,2025-04-02,CUST-00294,PROD-00172,2,0.15,239.94,194.28,45.66
ORD-002043,2025-03-30,2025-04-04,CUST-00179,PROD-00041,6,0.1,945.05,605.1,339.95
ORD-002044,2024-12-11,2024-12-16,CUST-00278,PROD-00099,1,0.2,395.5,266.21,129.29
ORD-002045,2024-11-12,2024-11-18,CUST-00337,PROD-00095,1,0.15,282.11,186.12,95.99
ORD-002046,2024-12-10,2024-12-13,CUST-00068,PROD-00107,6,0.0,1506.78,870.48,636.3
ORD-002047,2024-11-20,2024-11-22,CUST-00155,PROD-00072,5,0.15,1945.86,1644.7,301.16
ORD-002048,2025-07-07,2025-07-10,CUST-00359,PROD-00021,3,0.0,735.96,471.36,264.6
ORD-002049,2024-04-13,2024-04-16,CUST-00095,PROD-00219,2,0.05,405.82,236.72,169.1
ORD-002050,2024-05-31,2024-06-02,CUST-00128,PROD-00200,1,0.0,266.69,188.03,78.66
ORD-002051,2024-05-18,2024-05-19,CUST-00292,PROD-00066,4,0.15,754.05,629.28,124.77
ORD-002052,2024-08-07,2024-08-09,CUST-00404,PROD-00213,6,0.0,1684.8,1366.14,318.66
ORD-002053,2025-01-19,2025-01-21,CUST-00530,PROD-00146,5,0.2,735.36,768.0,-32.64
ORD-002054,2024-03-26,2024-03-28,CUST-00398,PROD-00026,7,0.0,2971.78,1724.1,1247.68
ORD-002055,2025-10-28,2025-11-02,CUST-00132,PROD-00139,6,0.0,1393.44,959.82,433.62
ORD-002056,2024-09-03,2024-09-07,CUST-00506,PROD-00130,4,0.3,810.43,661.56,148.87
ORD-002057,2024-05-04,2024-05-07,CUST-00126,PROD-00043,6,0.0,2256.0,1515.3,740.7
ORD-002058,2025-05-15,2025-05-17,CUST-00446,PROD-00214,5,0.0,982.3,787.95,194.35
ORD-002059,2024-01-30,2024-02-02,CUST-00385,PROD-00200,1,0.05,253.36,188.03,65.33
ORD-002060,2025-04-02,2025-04-03,CUST-00452,PROD-00142,7,0.1,1794.49,1708.28,86.21
ORD-002061,2025-06-01,2025-06-02,CUST-00585,PROD-00026,1,0.2,339.63,246.3,93.33
ORD-002062,2024-06-19,2024-06-24,CUST-00068,PROD-00188,5,0.1,1294.79,917.3,377.49
ORD-002063,2024-02-02,2024-02-03,CUST-00281,PROD-00021,4,0.1,883.15,628.48,254.67
ORD-002064,2024-10-24,2024-10-27,CUST-00432,PROD-00135,2,0.0,1016.0,676.1,339.9
ORD-002065,2024-03-16,2024-03-17,CUST-00174,PROD-00045,7,0.1,679.77,545.65,134.12
ORD-002066,2024-03-30,2024-04-04,CUST-00050,PROD-00061,3,0.1,528.77,473.85,54.92
ORD-002067,2024-08-01,2024-08-04,CUST-00597,PROD-00084,4,0.0,361.32,299.6,61.72
ORD-002068,2024-09-02,2024-09-05,CUST-00033,PROD-00042,7,0.1,3559.25,2391.62,1167.63
ORD-002069,2025-01-23,2025-01-27,CUST-00037,PROD-00147,3,0.0,2216.19,1198.05,1018.14
ORD-002070,2025-05-17,2025-05-19,CUST-00237,PROD-00212,5,0.1,2656.26,1801.75,854.51
ORD-002071,2025-03-12,2025-03-15,CUST-00361,PROD-00048,2,0.0,538.96,363.1,175.86
ORD-002072,2024-04-23,2024-04-24,CUST-00529,PROD-00211,6,0.05,3435.68,2097.06,1338.62
ORD-002073,2024-05-12,2024-05-13,CUST-00582,PROD-00060,3,0.2,570.77,432.75,138.02
ORD-002074,2025-11-03,2025-11-05,CUST-00547,PROD-00162,2,0.0,286.68,226.22,60.46
ORD-002075,2025-02-14,2025-02-20,CUST-00171,PROD-00032,7,0.05,1908.15,1650.11,258.04
ORD-002076,2025-10-29,2025-11-04,CUST-00189,PROD-00018,7,0.15,2817.68,1887.9,929.78
ORD-002077,2024-10-30,2024-11-05,CUST-00261,PROD-00182,1,0.0,274.14,224.59,49.55
ORD-002078,2025-03-29,2025-03-31,CUST-00074,PROD-00090,7,0.2,1675.24,1118.11,557.13
ORD-002079,2025-01-18,2025-01-22,CUST-00375,PROD-00177,1,0.05,460.14,324.11,136.03
ORD-002080,2024-09-20,2024-09-26,CUST-00035,PROD-00188,7,0.15,1711.99,1284.22,427.77
ORD-002081,2024-12-17,2024-12-18,CUST-00466,PROD-00079,5,0.05,1167.03,887.7,279.33
ORD-002082,2025-01-02,2025-01-06,CUST-00282,PROD-00163,1,0.15,50.64,32.56,18.08
ORD-002083,2024-06-04,2024-06-06,CUST-00463,PROD-00042,6,0.0,3389.76,2049.96,1339.8
ORD-002084,2024-09-17,2024-09-23,CUST-00510,PROD-00193,6,0.1,1361.5,799.86,561.64
ORD-002085,2025-08-30,2025-09-04,CUST-00165,PROD-00090,3,0.05,852.58,479.19,373.39
ORD-002086,2025-11-21,2025-11-23,CUST-00263,PROD-00136,6,0.3,951.34,914.28,37.06
ORD-002087,2024-10-21,2024-10-26,CUST-00219,PROD-00009,6,0.1,750.38,490.98,259.4
ORD-002088,2024-09-10,2024-09-15,CUST-00225,PROD-00178,7,0.15,1696.17,1420.44,275.73
ORD-002089,2024-05-29,2024-06-02,CUST-00503,PROD-00184,5,0.05,1272.95,925.35,347.6
ORD-002090,2025-05-17,2025-05-19,CUST-00241,PROD-00199,7,0.1,3642.72,2140.32,1502.4
ORD-002091,2024-09-23,2024-09-29,CUST-00244,PROD-00051,2,0.2,121.12,83.16,37.96
ORD-002092,2025-12-26,2025-12-30,CUST-00345,PROD-00054,1,0.2,280.36,258.95,21.41
ORD-002093,2024-09-25,2024-09-28,CUST-00032,PROD-00041,4,0.1,630.04,403.4,226.64
ORD-002094,2024-11-10,2024-11-15,CUST-00382,PROD-00087,2,0.3,290.04,256.1,33.94
ORD-002095,2025-03-20,2025-03-21,CUST-00447,PROD-00092,6,0.05,757.82,494.16,263.66
ORD-002096,2025-09-07,2025-09-12,CUST-00399,PROD-00135,2,0.05,965.2,676.1,289.1
ORD-002097,2024-12-17,2024-12-22,CUST-00059,PROD-00088,3,0.1,290.3,177.72,112.58
ORD-002098,2024-11-24,2024-11-30,CUST-00104,PROD-00079,7,0.05,1633.84,1242.78,391.06
ORD-002099,2025-12-29,2025-12-30,CUST-00555,PROD-00116,5,0.05,652.03,480.25,171.78
ORD-002100,2024-01-09,2024-01-12,CUST-00259,PROD-00104,7,0.0,1508.78,1272.32,236.46
ORD-002101,2025-11-11,2025-11-17,CUST-00096,PROD-00086,3,0.05,965.1,768.63,196.47
ORD-002102,2024-04-24,2024-04-26,CUST-00402,PROD-00092,4,0.05,505.21,329.44,175.77
ORD-002103,2025-08-26,2025-08-31,CUST-00421,PROD-00124,4,0.1,1213.92,1106.56,107.36
ORD-002104,2025-04-01,2025-04-02,CUST-00111,PROD-00034,7,0.05,671.85,394.1,277.75
ORD-002105,2024-10-07,2024-10-12,CUST-00200,PROD-00047,5,0.05,2350.92,1976.05,374.87
ORD-002106,2025-11-01,2025-11-06,CUST-00535,PROD-00038,5,0.15,62.35,45.05,17.3
ORD-002107,2024-01-10,2024-01-12,CUST-00296,PROD-00139,6,0.05,1323.77,959.82,363.95
ORD-002108,2024-07-02,2024-07-06,CUST-00561,PROD-00123,3,0.0,1331.82,1126.38,205.44
ORD-002109,2025-02-20,2025-02-21,CUST-00327,PROD-00039,3,0.15,325.15,292.23,32.92
ORD-002110,2024-10-15,2024-10-17,CUST-00535,PROD-00142,5,0.3,996.94,1220.2,-223.26
ORD-002111,2025-03-26,2025-03-28,CUST-00027,PROD-00024,5,0.05,1087.65,979.2,108.45
ORD-002112,2024-01-19,2024-01-21,CUST-00117,PROD-00132,1,0.0,256.0,147.31,108.69
ORD-002113,2024-03-30,2024-04-04,CUST-00160,PROD-00179,5,0.05,1121.28,687.2,434.08
ORD-002114,2024-04-07,2024-04-10,CUST-00473,PROD-00068,6,0.2,2137.97,2102.1,35.87
ORD-002115,2024-05-25,2024-05-30,CUST-00080,PROD-00187,4,0.0,1198.88,652.88,546.0
ORD-002116,2024-12-12,2024-12-13,CUST-00516,PROD-00165,2,0.05,51.81,33.1,18.71
ORD-002117,2025-07-31,2025-08-04,CUST-00042,PROD-00029,5,0.3,1329.2,1323.2,6.0
ORD-002118,2025-11-16,2025-11-17,CUST-00416,PROD-00044,7,0.1,3360.86,2077.95,1282.91
ORD-002119,2025-10-03,2025-10-08,CUST-00430,PROD-00204,5,0.3,1488.66,1316.25,172.41
ORD-002120,2024-05-31,2024-06-05,CUST-00406,PROD-00030,7,0.1,1126.5,1020.88,105.62
ORD-002121,2024-12-03,2024-12-04,CUST-00594,PROD-00052,1,0.1,192.38,151.85,40.53
ORD-002122,2024-06-02,2024-06-07,CUST-00411,PROD-00156,4,0.0,201.36,110.16,91.2
ORD-002123,2024-08-09,2024-08-12,CUST-00072,PROD-00070,4,0.0,378.16,214.48,163.68
ORD-002124,2025-01-03,2025-01-05,CUST-00290,PROD-00124,6,0.1,1820.88,1659.84,161.04
ORD-002125,2024-02-22,2024-02-23,CUST-00136,PROD-00143,7,0.05,288.28,216.65,71.63
ORD-002126,2024-06-23,2024-06-27,CUST-00059,PROD-00010,7,0.2,2502.25,2438.17,64.08
ORD-002127,2025-11-30,2025-12-03,CUST-00237,PROD-00012,7,0.1,3465.57,2440.27,1025.3
ORD-002128,2024-12-15,2024-12-20,CUST-00462,PROD-00114,6,0.2,1858.03,1463.64,394.39
ORD-002129,2024-12-05,2024-12-09,CUST-00500,PROD-00061,6,0.2,940.03,947.7,-7.67
ORD-002130,2024-01-12,2024-01-15,CUST-00092,PROD-00183,1,0.0,333.87,219.17,114.7
ORD-002131,2024-07-25,2024-07-30,CUST-00498,PROD-00025,2,0.0,205.18,132.8,72.38
ORD-002132,2025-10-26,2025-10-30,CUST-00420,PROD-00200,4,0.3,746.73,752.12,-5.39
ORD-002133,2024-05-06,2024-05-10,CUST-00592,PROD-00076,4,0.15,839.8,529.88,309.92
ORD-002134,2024-11-20,2024-11-22,CUST-00316,PROD-00075,6,0.0,3361.44,2218.32,1143.12
ORD-002135,2024-01-12,2024-01-17,CUST-00396,PROD-00036,4,0.05,2052.08,1471.04,581.04
ORD-002136,2024-12-21,2024-12-23,CUST-00427,PROD-00104,3,0.05,614.29,545.28,69.01
ORD-002137,2024-01-17,2024-01-22,CUST-00373,PROD-00082,2,0.0,593.26,458.52,134.74
ORD-002138,2025-09-21,2025-09-27,CUST-00358,PROD-00056,6,0.0,3928.62,2386.2,1542.42
ORD-002139,2025-09-25,2025-09-30,CUST-00270,PROD-00157,1,0.15,430.81,293.97,136.84
ORD-002140,2025-08-27,2025-08-30,CUST-00457,PROD-00193,4,0.05,958.09,533.24,424.85
ORD-002141,2024-08-23,2024-08-28,CUST-00467,PROD-00104,3,0.1,581.96,545.28,36.68
ORD-002142,2025-10-04,2025-10-07,CUST-00485,PROD-00171,1,0.1,64.1,42.83,21.27
ORD-002143,2025-02-02,2025-02-08,CUST-00229,PROD-00112,2,0.2,644.86,520.82,124.04
ORD-002144,2024-11-01,2024-11-02,CUST-00048,PROD-00050,1,0.1,230.79,140.19,90.6
ORD-002145,2025-04-06,2025-04-07,CUST-00103,PROD-00078,4,0.0,479.92,396.64,83.28
ORD-002146,2024-01-10,2024-01-13,CUST-00116,PROD-00106,7,0.2,188.16,153.58,34.58
ORD-002147,2024-04-19,2024-04-20,CUST-00437,PROD-00062,6,0.1,3956.36,2382.3,1574.06
ORD-002148,2025-07-20,2025-07-23,CUST-00343,PROD-00171,2,0.0,142.44,85.66,56.78
ORD-002149,2024-07-21,2024-07-22,CUST-00527,PROD-00029,3,0.0,1139.31,793.92,345.39
ORD-002150,2025-03-16,2025-03-19,CUST-00523,PROD-00081,1,0.0,410.85,250.88,159.97
ORD-002151,2024-11-06,2024-11-07,CUST-00057,PROD-00132,4,0.05,972.8,589.24,383.56
ORD-002152,2025-10-18,2025-10-20,CUST-00305,PROD-00210,1,0.1,26.06,21.01,5.05
ORD-002153,2025-12-09,2025-12-14,CUST-00247,PROD-00078,7,0.05,797.87,694.12,103.75
ORD-002154,2025-11-06,2025-11-10,CUST-00475,PROD-00176,5,0.05,1960.51,1508.6,451.91
ORD-002155,2024-08-14,2024-08-17,CUST-00461,PROD-00096,6,0.05,593.14,347.16,245.98
ORD-002156,2024-05-29,2024-05-31,CUST-00171,PROD-00058,1,0.2,393.05,383.39,9.66
ORD-002157,2024-12-19,2024-12-24,CUST-00084,PROD-00117,6,0.1,1102.09,962.1,139.99
ORD-002158,2024-01-06,2024-01-09,CUST-00102,PROD-00145,3,0.1,248.05,197.4,50.65
ORD-002159,2024-01-20,2024-01-26,CUST-00526,PROD-00010,7,0.0,3127.81,2438.17,689.64
ORD-002160,2025-02-10,2025-02-13,CUST-00293,PROD-00167,2,0.0,373.52,219.96,153.56
ORD-002161,2025-01-16,2025-01-21,CUST-00205,PROD-00164,3,0.0,682.32,394.65,287.67
ORD-002162,2025-12-29,2026-01-02,CUST-00196,PROD-00126,7,0.15,3100.96,2136.47,964.49
ORD-002163,2024-06-05,2024-06-09,CUST-00155,PROD-00069,4,0.3,1987.83,1587.72,400.11
ORD-002164,2024-08-04,2024-08-07,CUST-00416,PROD-00029,7,0.0,2658.39,1852.48,805.91
ORD-002165,2024-03-28,2024-04-03,CUST-00227,PROD-00028,5,0.2,71.72,54.8,16.92
ORD-002166,2025-11-22,2025-11-24,CUST-00105,PROD-00018,5,0.0,2367.8,1348.5,1019.3
ORD-002167,2025-08-20,2025-08-24,CUST-00157,PROD-00010,6,0.3,1876.69,2089.86,-213.17
ORD-002168,2025-09-23,2025-09-27,CUST-00132,PROD-00034,3,0.0,303.09,168.9,134.19
ORD-002169,2025-11-15,2025-11-19,CUST-00204,PROD-00031,2,0.1,297.36,239.34,58.02
ORD-002170,2025-01-19,2025-01-23,CUST-00258,PROD-00036,6,0.0,3240.12,2206.56,1033.56
ORD-002171,2024-12-08,2024-12-12,CUST-00492,PROD-00101,6,0.1,3001.37,1885.32,1116.05
ORD-002172,2024-09-28,2024-10-04,CUST-00305,PROD-00088,2,0.0,215.04,118.48,96.56
ORD-002173,2025-03-09,2025-03-13,CUST-00169,PROD-00078,2,0.1,215.96,198.32,17.64
ORD-002174,2024-12-09,2024-12-15,CUST-00477,PROD-00023,5,0.15,1981.48,1528.3,453.18
ORD-002175,2024-12-08,2024-12-09,CUST-00253,PROD-00102,2,0.05,462.69,368.9,93.79
ORD-002176,2025-12-01,2025-12-07,CUST-00525,PROD-00151,1,0.0,162.73,139.13,23.6
ORD-002177,2025-12-24,2025-12-28,CUST-00329,PROD-00116,7,0.3,672.62,672.35,0.27
ORD-002178,2025-09-03,2025-09-06,CUST-00020,PROD-00081,6,0.0,2465.1,1505.28,959.82
ORD-002179,2025-08-03,2025-08-07,CUST-00444,PROD-00165,3,0.05,77.72,49.65,28.07
ORD-002180,2025-05-19,2025-05-25,CUST-00147,PROD-00181,6,0.05,1990.5,1109.34,881.16
ORD-002181,2024-05-07,2024-05-11,CUST-00287,PROD-00053,1,0.0,253.91,211.47,42.44
ORD-002182,2024-02-15,2024-02-19,CUST-00395,PROD-00006,3,0.1,1401.89,1044.66,357.23
ORD-002183,2025-05-26,2025-05-29,CUST-00545,PROD-00047,4,0.15,1682.76,1580.84,101.92
ORD-002184,2025-07-05,2025-07-11,CUST-00478,PROD-00022,7,0.1,1332.76,1275.47,57.29
ORD-002185,2024-02-06,2024-02-09,CUST-00258,PROD-00143,7,0.05,288.28,216.65,71.63
ORD-002186,2025-11-27,2025-11-29,CUST-00397,PROD-00183,1,0.1,300.48,219.17,81.31
ORD-002187,2024-03-10,2024-03-11,CUST-00121,PROD-00033,6,0.15,855.42,689.22,166.2
ORD-002188,2024-08-25,2024-08-29,CUST-00418,PROD-00071,7,0.1,3849.55,2437.96,1411.59
ORD-002189,2025-05-12,2025-05-18,CUST-00084,PROD-00146,5,0.2,735.36,768.0,-32.64
ORD-002190,2024-05-10,2024-05-13,CUST-00424,PROD-00053,6,0.05,1447.29,1268.82,178.47
ORD-002191,2024-02-12,2024-02-17,CUST-00569,PROD-00091,6,0.05,1709.37,1032.48,676.89
ORD-002192,2024-09-29,2024-10-05,CUST-00106,PROD-00171,2,0.15,121.07,85.66,35.41
ORD-002193,2025-08-10,2025-08-11,CUST-00494,PROD-00195,7,0.0,4506.74,2744.49,1762.25
ORD-002194,2024-11-20,2024-11-25,CUST-00314,PROD-00085,7,0.05,528.48,333.27,195.21
ORD-002195,2025-04-27,2025-05-01,CUST-00465,PROD-00200,1,0.15,226.69,188.03,38.66
ORD-002196,2025-03-02,2025-03-03,CUST-00583,PROD-00145,7,0.15,546.63,460.6,86.03
ORD-002197,2024-01-18,2024-01-24,CUST-00360,PROD-00122,1,0.05,38.44,29.11,9.33
ORD-002198,2025-12-26,2025-12-31,CUST-00365,PROD-00072,6,0.3,1922.97,1973.64,-50.67
ORD-002199,2024-02-01,2024-02-03,CUST-00527,PROD-00056,4,0.0,2619.08,1590.8,1028.28
ORD-002200,2025-12-16,2025-12-21,CUST-00064,PROD-00005,3,0.2,772.9,830.7,-57.8
ORD-002201,2025-02-07,2025-02-11,CUST-00337,PROD-00085,7,0.15,472.85,333.27,139.58
ORD-002202,2025-12-14,2025-12-20,CUST-00463,PROD-00206,1,0.2,76.23,57.5,18.73
ORD-002203,2024-03-29,2024-04-03,CUST-00407,PROD-00162,7,0.0,1003.38,791.77,211.61
ORD-002204,2024-12-27,2024-12-30,CUST-00265,PROD-00132,2,0.05,486.4,294.62,191.78
ORD-002205,2024-05-10,2024-05-16,CUST-00417,PROD-00160,1,0.15,25.63,22.22,3.41
ORD-002206,2024-02-09,2024-02-12,CUST-00293,PROD-00219,4,0.0,854.36,473.44,380.92
ORD-002207,2025-03-31,2025-04-04,CUST-00036,PROD-00049,3,0.1,1334.45,1189.71,144.74
ORD-002208,2024-06-11,2024-06-16,CUST-00178,PROD-00041,5,0.15,743.79,504.25,239.54
ORD-002209,2025-03-08,2025-03-14,CUST-00166,PROD-00086,6,0.15,1727.01,1537.26,189.75
ORD-002210,2024-03-27,2024-04-02,CUST-00196,PROD-00146,1,0.0,183.84,153.6,30.24
ORD-002211,2024-09-30,2024-10-01,CUST-00425,PROD-00042,5,0.0,2824.8,1708.3,1116.5
ORD-002212,2025-08-22,2025-08-23,CUST-00467,PROD-00164,7,0.15,1353.27,920.85,432.42
ORD-002213,2024-12-01,2024-12-05,CUST-00362,PROD-00008,1,0.1,194.44,128.71,65.73
ORD-002214,2025-04-08,2025-04-13,CUST-00194,PROD-00140,3,0.1,840.75,779.37,61.38
ORD-002215,2025-04-23,2025-04-24,CUST-00058,PROD-00013,5,0.1,2646.86,1599.2,1047.66
ORD-002216,2025-10-09,2025-10-12,CUST-00094,PROD-00095,1,0.2,265.52,186.12,79.4
ORD-002217,2024-09-24,2024-09-29,CUST-00010,PROD-00162,6,0.0,860.04,678.66,181.38
ORD-002218,2025-05-24,2025-05-27,CUST-00541,PROD-00046,3,0.0,428.28,296.76,131.52
ORD-002219,2025-12-13,2025-12-18,CUST-00196,PROD-00066,2,0.0,443.56,314.64,128.92
ORD-002220,2025-07-07,2025-07-11,CUST-00009,PROD-00020,5,0.1,998.42,683.65,314.77
ORD-002221,2024-12-26,2024-12-31,CUST-00476,PROD-00082,3,0.2,711.91,687.78,24.13
ORD-002222,2025-04-10,2025-04-11,CUST-00436,PROD-00206,2,0.15,161.99,115.0,46.99
ORD-002223,2025-07-17,2025-07-18,CUST-00054,PROD-00068,2,0.05,846.28,700.7,145.58
ORD-002224,2025-03-27,2025-03-30,CUST-00161,PROD-00015,7,0.05,3153.36,2798.39,354.97
ORD-002225,2024-01-13,2024-01-18,CUST-00412,PROD-00010,1,0.05,424.49,348.31,76.18
ORD-002226,2024-05-29,2024-06-02,CUST-00474,PROD-00125,5,0.0,1836.5,1031.45,805.05
ORD-002227,2025-09-14,2025-09-20,CUST-00072,PROD-00214,2,0.0,392.92,315.18,77.74
ORD-002228,2024-08-15,2024-08-18,CUST-00036,PROD-00056,7,0.2,3666.71,2783.9,882.81
ORD-002229,2025-07-08,2025-07-10,CUST-00220,PROD-00123,2,0.05,843.49,750.92,92.57
ORD-002230,2024-10-30,2024-10-31,CUST-00421,PROD-00127,4,0.1,296.17,269.68,26.49
ORD-002231,2025-01-17,2025-01-19,CUST-00053,PROD-00205,4,0.0,2310.72,1296.12,1014.6
ORD-002232,2024-02-22,2024-02-26,CUST-00040,PROD-00218,3,0.1,1763.88,1156.26,607.62
ORD-002233,2024-05-19,2024-05-22,CUST-00377,PROD-00193,1,0.2,201.7,133.31,68.39
ORD-002234,2025-12-11,2025-12-12,CUST-00474,PROD-00173,1,0.1,241.0,221.07,19.93
ORD-002235,2025-11-09,2025-11-10,CUST-00319,PROD-00043,4,0.0,1504.0,1010.2,493.8
ORD-002236,2025-04-27,2025-04-29,CUST-00229,PROD-00217,2,0.0,1111.22,663.62,447.6
ORD-002237,2024-12-12,2024-12-14,CUST-00459,PROD-00047,1,0.0,494.93,395.21,99.72
ORD-002238,2025-05-15,2025-05-20,CUST-00436,PROD-00099,2,0.0,988.76,532.42,456.34
ORD-002239,2025-04-01,2025-04-03,CUST-00109,PROD-00092,4,0.1,478.62,329.44,149.18
ORD-002240,2025-02-22,2025-02-27,CUST-00537,PROD-00186,1,0.0,504.72,318.8,185.92
ORD-002241,2024-02-15,2024-02-21,CUST-00098,PROD-00216,5,0.2,1927.04,1933.85,-6.81
ORD-002242,2025-04-12,2025-04-15,CUST-00414,PROD-00003,7,0.0,668.92,549.92,119.0
ORD-002243,2025-08-13,2025-08-14,CUST-00250,PROD-00140,7,0.2,1743.78,1818.53,-74.75
ORD-002244,2025-12-29,2025-12-30,CUST-00302,PROD-00125,7,0.3,1799.77,1444.03,355.74
ORD-002245,2024-01-09,2024-01-13,CUST-00450,PROD-00040,6,0.0,1640.1,896.52,743.58
ORD-002246,2025-07-06,2025-07-09,CUST-00263,PROD-00217,6,0.15,2833.61,1990.86,842.75
ORD-002247,2025-02-24,2025-02-27,CUST-00017,PROD-00125,4,0.1,1322.28,825.16,497.12
ORD-002248,2024-11-30,2024-12-04,CUST-00489,PROD-00214,7,0.05,1306.46,1103.13,203.33
ORD-002249,2024-04-07,2024-04-12,CUST-00143,PROD-00061,4,0.1,705.02,631.8,73.22
ORD-002250,2024-11-18,2024-11-21,CUST-00589,PROD-00047,3,0.2,1187.83,1185.63,2.2
ORD-002251,2024-10-17,2024-10-22,CUST-00287,PROD-00172,4,0.0,564.56,388.56,176.0
ORD-002252,2024-09-07,2024-09-08,CUST-00063,PROD-00128,3,0.0,1167.27,919.08,248.19
ORD-002253,2025-07-07,2025-07-11,CUST-00295,PROD-00179,5,0.0,1180.3,687.2,493.1
ORD-002254,2025-06-04,2025-06-07,CUST-00396,PROD-00072,6,0.0,2747.1,1973.64,773.46
ORD-002255,2025-03-09,2025-03-11,CUST-00136,PROD-00218,5,0.0,3266.45,1927.1,1339.35
ORD-002256,2025-12-02,2025-12-04,CUST-00530,PROD-00076,7,0.15,1469.65,927.29,542.36
ORD-002257,2024-10-13,2024-10-18,CUST-00387,PROD-00062,7,0.2,4102.9,2779.35,1323.55
ORD-002258,2024-07-21,2024-07-24,CUST-00269,PROD-00012,3,0.1,1485.24,1045.83,439.41
ORD-002259,2025-04-30,2025-05-02,CUST-00555,PROD-00111,2,0.05,208.98,177.26,31.72
ORD-002260,2024-06-01,2024-06-04,CUST-00551,PROD-00026,5,0.05,2016.56,1231.5,785.06
ORD-002261,2024-09-17,2024-09-23,CUST-00388,PROD-00098,3,0.1,1550.69,947.19,603.5
ORD-002262,2024-06-30,2024-07-01,CUST-00056,PROD-00069,2,0.3,993.92,793.86,200.06
ORD-002263,2024-02-23,2024-02-29,CUST-00562,PROD-00084,6,0.15,460.68,449.4,11.28
ORD-002264,2025-09-27,2025-09-28,CUST-00538,PROD-00160,2,0.0,60.3,44.44,15.86
ORD-002265,2024-08-01,2024-08-07,CUST-00344,PROD-00024,5,0.0,1144.9,979.2,165.7
ORD-002266,2024-12-18,2024-12-22,CUST-00055,PROD-00078,3,0.0,359.94,297.48,62.46
ORD-002267,2024-02-03,2024-02-07,CUST-00550,PROD-00111,7,0.15,654.44,620.41,34.03
ORD-002268,2025-06-03,2025-06-06,CUST-00418,PROD-00072,3,0.0,1373.55,986.82,386.73
ORD-002269,2024-09-29,2024-09-30,CUST-00063,PROD-00105,5,0.15,1477.85,1444.0,33.85
ORD-002270,2025-07-22,2025-07-25,CUST-00110,PROD-00165,2,0.0,54.54,33.1,21.44
ORD-002271,2024-11-19,2024-11-24,CUST-00459,PROD-00087,7,0.2,1160.15,896.35,263.8
ORD-002272,2024-05-30,2024-06-02,CUST-00461,PROD-00139,5,0.05,1103.14,799.85,303.29
ORD-002273,2025-01-10,2025-01-16,CUST-00184,PROD-00051,5,0.1,340.65,207.9,132.75
ORD-002274,2024-04-10,2024-04-12,CUST-00310,PROD-00088,1,0.05,102.14,59.24,42.9
ORD-002275,2024-12-03,2024-12-07,CUST-00524,PROD-00005,2,0.0,644.08,553.8,90.28
ORD-002276,2024-09-18,2024-09-21,CUST-00200,PROD-00129,6,0.0,3246.36,1792.5,1453.86
ORD-002277,2025-11-19,2025-11-24,CUST-00351,PROD-00028,7,0.05,119.23,76.72,42.51
ORD-002278,2024-02-16,2024-02-22,CUST-00380,PROD-00090,5,0.1,1346.18,798.65,547.53
ORD-002279,2025-05-29,2025-05-30,CUST-00227,PROD-00171,3,0.05,202.98,128.49,74.49
ORD-002280,2024-05-20,2024-05-22,CUST-00122,PROD-00126,2,0.05,990.22,610.42,379.8
ORD-002281,2024-09-20,2024-09-23,CUST-00398,PROD-00013,5,0.2,2352.76,1599.2,753.56
ORD-002282,2024-11-21,2024-11-23,CUST-00030,PROD-00049,3,0.0,1482.72,1189.71,293.01
ORD-002283,2025-11-17,2025-11-19,CUST-00395,PROD-00078,7,0.05,797.87,694.12,103.75
ORD-002284,2024-07-19,2024-07-22,CUST-00583,PROD-00157,4,0.05,1925.99,1175.88,750.11
ORD-002285,2024-03-11,2024-03-15,CUST-00243,PROD-00010,5,0.05,2122.44,1741.55,380.89
ORD-002286,2024-09-19,2024-09-23,CUST-00157,PROD-00087,2,0.05,393.62,256.1,137.52
ORD-002287,2024-03-21,2024-03-27,CUST-00264,PROD-00017,4,0.1,1937.12,1189.88,747.24
ORD-002288,2024-04-08,2024-04-14,CUST-00546,PROD-00147,6,0.1,3989.14,2396.1,1593.04
ORD-002289,2025-02-26,2025-02-27,CUST-00165,PROD-00038,7,0.0,102.69,63.07,39.62
ORD-002290,2024-02-16,2024-02-17,CUST-00198,PROD-00118,2,0.0,144.42,111.26,33.16
ORD-002291,2024-01-24,2024-01-25,CUST-00414,PROD-00124,1,0.15,286.62,276.64,9.98
ORD-002292,2025-06-19,2025-06-25,CUST-00112,PROD-00112,6,0.05,2297.33,1562.46,734.87
ORD-002293,2024-10-22,2024-10-26,CUST-00507,PROD-00099,7,0.1,3114.59,1863.47,1251.12
ORD-002294,2024-04-06,2024-04-07,CUST-00381,PROD-00004,1,0.0,30.65,24.3,6.35
ORD-002295,2024-07-31,2024-08-04,CUST-00351,PROD-00078,6,0.0,719.88,594.96,124.92
ORD-002296,2025-04-19,2025-04-21,CUST-00283,PROD-00173,7,0.0,1874.46,1547.49,326.97
ORD-002297,2024-08-17,2024-08-21,CUST-00014,PROD-00056,3,0.0,1964.31,1193.1,771.21
ORD-002298,2024-12-29,2025-01-02,CUST-00292,PROD-00146,1,0.05,174.65,153.6,21.05
ORD-002299,2024-04-03,2024-04-07,CUST-00142,PROD-00197,6,0.05,737.58,541.32,196.26
ORD-002300,2025-03-09,2025-03-13,CUST-00530,PROD-00100,7,0.3,940.85,754.81,186.04
ORD-002301,2024-09-17,2024-09-19,CUST-00292,PROD-00125,7,0.05,2442.54,1444.03,998.51
ORD-002302,2025-04-07,2025-04-10,CUST-00506,PROD-00114,5,0.0,1935.45,1219.7,715.75
ORD-002303,2025-09-12,2025-09-13,CUST-00502,PROD-00175,5,0.1,1820.25,1351.3,468.95
ORD-002304,2025-03-27,2025-03-30,CUST-00203,PROD-00160,6,0.05,171.85,133.32,38.53
ORD-002305,2024-09-02,2024-09-07,CUST-00529,PROD-00025,1,0.05,97.46,66.4,31.06
ORD-002306,2024-08-02,2024-08-03,CUST-00291,PROD-00037,7,0.05,1759.12,1565.83,193.29
ORD-002307,2024-09-26,2024-10-01,CUST-00053,PROD-00073,7,0.0,2766.89,1962.94,803.95
ORD-002308,2024-05-06,2024-05-10,CUST-00559,PROD-00192,4,0.05,280.36,162.88,117.48
ORD-002309,2024-05-19,2024-05-20,CUST-00098,PROD-00087,2,0.1,372.91,256.1,116.81
ORD-002310,2025-08-29,2025-09-04,CUST-00289,PROD-00196,7,0.0,2460.43,1591.94,868.49
ORD-002311,2024-11-06,2024-11-10,CUST-00096,PROD-00005,1,0.05,305.94,276.9,29.04
ORD-002312,2024-11-30,2024-12-05,CUST-00052,PROD-00140,6,0.1,1681.51,1558.74,122.77
ORD-002313,2025-03-13,2025-03-16,CUST-00597,PROD-00194,5,0.1,1974.28,1349.1,625.18
ORD-002314,2025-03-10,2025-03-16,CUST-00202,PROD-00210,7,0.05,192.52,147.07,45.45
ORD-002315,2024-02-21,2024-02-23,CUST-00504,PROD-00026,5,0.0,2122.7,1231.5,891.2
ORD-002316,2025-09-30,2025-10-02,CUST-00343,PROD-00206,5,0.0,476.45,287.5,188.95
ORD-002317,2024-05-16,2024-05-21,CUST-00002,PROD-00215,2,0.05,389.8,347.28,42.52
ORD-002318,2025-06-29,2025-07-05,CUST-00483,PROD-00049,1,0.1,444.82,396.57,48.25
ORD-002319,2025-08-16,2025-08-17,CUST-00243,PROD-00017,6,0.1,2905.69,1784.82,1120.87
ORD-002320,2025-06-20,2025-06-24,CUST-00436,PROD-00008,3,0.1,583.31,386.13,197.18
ORD-002321,2025-03-02,2025-03-04,CUST-00186,PROD-00012,1,0.05,522.59,348.61,173.98
ORD-002322,2024-01-12,2024-01-17,CUST-00083,PROD-00055,3,0.1,815.99,650.76,165.23
ORD-002323,2024-10-21,2024-10-26,CUST-00419,PROD-00051,3,0.0,227.1,124.74,102.36
ORD-002324,2025-03-21,2025-03-22,CUST-00545,PROD-00062,1,0.1,659.39,397.05,262.34
ORD-002325,2024-11-07,2024-11-13,CUST-00117,PROD-00004,2,0.1,55.17,48.6,6.57
ORD-002326,2025-10-24,2025-10-29,CUST-00229,PROD-00100,7,0.0,1344.07,754.81,589.26
ORD-002327,2024-09-12,2024-09-15,CUST-00223,PROD-00165,2,0.1,49.09,33.1,15.99
ORD-002328,2024-08-31,2024-09-05,CUST-00575,PROD-00118,2,0.05,137.2,111.26,25.94
ORD-002329,2024-08-10,2024-08-15,CUST-00257,PROD-00063,4,0.2,1058.69,1085.0,-26.31
ORD-002330,2024-09-30,2024-10-05,CUST-00038,PROD-00052,6,0.0,1282.5,911.1,371.4
ORD-002331,2025-02-13,2025-02-14,CUST-00452,PROD-00205,7,0.15,3437.2,2268.21,1168.99
ORD-002332,2025-06-11,2025-06-14,CUST-00372,PROD-00191,3,0.0,1369.32,988.77,380.55
ORD-002333,2025-05-05,2025-05-08,CUST-00008,PROD-00135,3,0.05,1447.8,1014.15,433.65
ORD-002334,2025-09-12,2025-09-16,CUST-00323,PROD-00018,5,0.15,2012.63,1348.5,664.13
ORD-002335,2025-11-07,2025-11-09,CUST-00164,PROD-00144,7,0.0,1117.62,631.82,485.8
ORD-002336,2025-09-18,2025-09-23,CUST-00238,PROD-00174,3,0.05,629.94,528.06,101.88
ORD-002337,2024-01-15,2024-01-18,CUST-00178,PROD-00055,3,0.05,861.33,650.76,210.57
ORD-002338,2025-07-13,2025-07-17,CUST-00169,PROD-00139,5,0.15,987.02,799.85,187.17
ORD-002339,2024-06-12,2024-06-16,CUST-00170,PROD-00106,4,0.1,120.96,87.76,33.2
ORD-002340,2024-04-12,2024-04-15,CUST-00519,PROD-00142,5,0.2,1139.36,1220.2,-80.84
ORD-002341,2025-04-16,2025-04-19,CUST-00426,PROD-00136,2,0.0,453.02,304.76,148.26
ORD-002342,2024-09-20,2024-09-25,CUST-00107,PROD-00048,2,0.1,485.06,363.1,121.96
ORD-002343,2024-02-13,2024-02-15,CUST-00368,PROD-00006,3,0.0,1557.66,1044.66,513.0
ORD-002344,2024-04-15,2024-04-18,CUST-00420,PROD-00083,6,0.05,2794.77,1822.02,972.75
ORD-002345,2024-01-01,2024-01-03,CUST-00131,PROD-00018,7,0.0,3314.92,1887.9,1427.02
ORD-002346,2025-11-15,2025-11-17,CUST-00243,PROD-00207,6,0.3,1474.16,1651.26,-177.1
ORD-002347,2024-01-19,2024-01-25,CUST-00363,PROD-00210,7,0.0,202.65,147.07,55.58
ORD-002348,2024-06-13,2024-06-17,CUST-00420,PROD-00018,5,0.15,2012.63,1348.5,664.13
ORD-002349,2024-11-21,2024-11-27,CUST-00377,PROD-00039,4,0.0,510.04,389.64,120.4
ORD-002350,2024-10-19,2024-10-20,CUST-00565,PROD-00053,4,0.1,914.08,845.88,68.2
ORD-002351,2025-11-19,2025-11-23,CUST-00131,PROD-00043,2,0.1,676.8,505.1,171.7
ORD-002352,2024-01-31,2024-02-05,CUST-00216,PROD-00074,2,0.0,1181.7,747.26,434.44
ORD-002353,2025-01-09,2025-01-12,CUST-00012,PROD-00083,6,0.05,2794.77,1822.02,972.75
ORD-002354,2025-05-19,2025-05-23,CUST-00563,PROD-00064,1,0.0,377.22,246.53,130.69
ORD-002355,2025-11-29,2025-12-02,CUST-00452,PROD-00064,1,0.05,358.36,246.53,111.83
ORD-002356,2025-04-02,2025-04-06,CUST-00599,PROD-00002,3,0.05,1261.1,1125.45,135.65
ORD-002357,2025-09-08,2025-09-13,CUST-00505,PROD-00080,7,0.15,1243.85,818.16,425.69
ORD-002358,2024-03-05,2024-03-08,CUST-00219,PROD-00005,7,0.2,1803.42,1938.3,-134.88
ORD-002359,2024-11-06,2024-11-12,CUST-00466,PROD-00026,6,0.0,2547.24,1477.8,1069.44
ORD-002360,2024-11-01,2024-11-03,CUST-00058,PROD-00081,6,0.05,2341.85,1505.28,836.57
ORD-002361,2025-11-07,2025-11-10,CUST-00560,PROD-00114,3,0.1,1045.14,731.82,313.32
ORD-002362,2024-04-26,2024-05-01,CUST-00432,PROD-00195,4,0.05,2446.52,1568.28,878.24
ORD-002363,2024-04-26,2024-04-27,CUST-00405,PROD-00066,7,0.3,1086.72,1101.24,-14.52
ORD-002364,2024-09-27,2024-10-01,CUST-00229,PROD-00017,3,0.3,1129.99,892.41,237.58
ORD-002365,2024-02-11,2024-02-16,CUST-00185,PROD-00173,3,0.05,763.17,663.21,99.96
ORD-002366,2024-05-20,2024-05-24,CUST-00538,PROD-00063,7,0.0,2315.88,1898.75,417.13
ORD-002367,2025-12-15,2025-12-20,CUST-00083,PROD-00163,2,0.0,119.16,65.12,54.04
ORD-002368,2024-11-27,2024-12-02,CUST-00242,PROD-00195,7,0.1,4056.07,2744.49,1311.58
ORD-002369,2025-04-11,2025-04-13,CUST-00219,PROD-00049,3,0.2,1186.18,1189.71,-3.53
ORD-002370,2025-07-02,2025-07-03,CUST-00301,PROD-00061,4,0.0,783.36,631.8,151.56
ORD-002371,2024-10-26,2024-10-30,CUST-00314,PROD-00105,4,0.1,1251.83,1155.2,96.63
ORD-002372,2024-04-23,2024-04-27,CUST-00128,PROD-00157,1,0.1,456.16,293.97,162.19
ORD-002373,2024-06-10,2024-06-15,CUST-00571,PROD-00165,4,0.1,98.17,66.2,31.97
ORD-002374,2024-09-15,2024-09-16,CUST-00051,PROD-00219,7,0.0,1495.13,828.52,666.61
ORD-002375,2025-04-14,2025-04-20,CUST-00366,PROD-00140,7,0.0,2179.73,1818.53,361.2
ORD-002376,2024-11-12,2024-11-15,CUST-00258,PROD-00132,5,0.0,1280.0,736.55,543.45
ORD-002377,2024-01-06,2024-01-12,CUST-00278,PROD-00089,3,0.15,578.26,440.58,137.68
ORD-002378,2025-01-18,2025-01-20,CUST-00235,PROD-00179,5,0.0,1180.3,687.2,493.1
ORD-002379,2025-11-24,2025-11-29,CUST-00275,PROD-00128,6,0.0,2334.54,1838.16,496.38
ORD-002380,2025-09-15,2025-09-18,CUST-00440,PROD-00063,1,0.2,264.67,271.25,-6.58
ORD-002381,2025-09-25,2025-09-30,CUST-00034,PROD-00193,3,0.2,605.11,399.93,205.18
ORD-002382,2025-09-02,2025-09-05,CUST-00087,PROD-00210,6,0.15,147.64,126.06,21.58
ORD-002383,2024-09-23,2024-09-25,CUST-00190,PROD-00182,4,0.0,1096.56,898.36,198.2
ORD-002384,2025-08-10,2025-08-16,CUST-00169,PROD-00187,3,0.1,809.24,489.66,319.58
ORD-002385,2024-04-19,2024-04-22,CUST-00550,PROD-00130,5,0.05,1374.84,826.95,547.89
ORD-002386,2025-05-01,2025-05-05,CUST-00062,PROD-00211,6,0.05,3435.68,2097.06,1338.62
ORD-002387,2025-04-19,2025-04-25,CUST-00065,PROD-00173,6,0.1,1446.01,1326.42,119.59
ORD-002388,2024-01-20,2024-01-21,CUST-00161,PROD-00207,2,0.0,701.98,550.42,151.56
ORD-002389,2025-08-27,2025-08-31,CUST-00169,PROD-00203,4,0.1,2227.18,1451.6,775.58
ORD-002390,2025-11-15,2025-11-20,CUST-00588,PROD-00091,3,0.15,764.72,516.24,248.48
ORD-002391,2024-08-11,2024-08-15,CUST-00410,PROD-00031,3,0.0,495.6,359.01,136.59
ORD-002392,2025-09-15,2025-09-18,CUST-00368,PROD-00072,7,0.05,3044.7,2302.58,742.12
ORD-002393,2024-03-04,2024-03-06,CUST-00528,PROD-00146,7,0.15,1093.85,1075.2,18.65
ORD-002394,2025-03-18,2025-03-23,CUST-00078,PROD-00184,5,0.1,1205.96,925.35,280.61
ORD-002395,2024-12-24,2024-12-27,CUST-00193,PROD-00060,5,0.1,1070.19,721.25,348.94
ORD-002396,2025-02-04,2025-02-09,CUST-00382,PROD-00032,6,0.1,1549.48,1414.38,135.1
ORD-002397,2025-11-26,2025-11-30,CUST-00387,PROD-00156,2,0.0,100.68,55.08,45.6
ORD-002398,2025-10-30,2025-10-31,CUST-00461,PROD-00059,1,0.1,98.14,74.83,23.31
ORD-002399,2025-08-25,2025-08-27,CUST-00117,PROD-00199,7,0.0,4047.47,2140.32,1907.15
ORD-002400,2024-08-16,2024-08-20,CUST-00526,PROD-00029,5,0.05,1803.91,1323.2,480.71
ORD-002401,2025-11-19,2025-11-23,CUST-00524,PROD-00042,2,0.1,1016.93,683.32,333.61
ORD-002402,2024-03-15,2024-03-17,CUST-00006,PROD-00142,7,0.1,1794.49,1708.28,86.21
ORD-002403,2025-10-17,2025-10-19,CUST-00577,PROD-00147,1,0.15,627.92,399.35,228.57
ORD-002404,2024-09-27,2024-09-29,CUST-00246,PROD-00163,7,0.0,417.06,227.92,189.14
ORD-002405,2024-02-11,2024-02-17,CUST-00233,PROD-00166,4,0.0,2045.08,1415.2,629.88
ORD-002406,2025-05-10,2025-05-13,CUST-00313,PROD-00025,6,0.05,584.76,398.4,186.36
ORD-002407,2024-07-07,2024-07-13,CUST-00392,PROD-00011,6,0.1,971.78,928.32,43.46
ORD-002408,2024-07-20,2024-07-23,CUST-00116,PROD-00015,3,0.15,1209.18,1199.31,9.87
ORD-002409,2024-09-10,2024-09-14,CUST-00170,PROD-00084,1,0.3,63.23,74.9,-11.67
ORD-002410,2024-02-18,2024-02-23,CUST-00472,PROD-00150,5,0.1,2229.8,1902.6,327.2
ORD-002411,2024-05-15,2024-05-19,CUST-00575,PROD-00093,7,0.0,1350.93,717.85,633.08
ORD-002412,2024-01-04,2024-01-09,CUST-00029,PROD-00019,7,0.0,1669.01,926.38,742.63
ORD-002413,2024-12-05,2024-12-09,CUST-00394,PROD-00217,1,0.05,527.83,331.81,196.02
ORD-002414,2024-03-05,2024-03-06,CUST-00087,PROD-00103,7,0.2,1493.46,1478.54,14.92
ORD-002415,2025-05-20,2025-05-24,CUST-00385,PROD-00118,2,0.1,129.98,111.26,18.72
ORD-002416,2024-07-12,2024-07-14,CUST-00462,PROD-00082,2,0.0,593.26,458.52,134.74
ORD-002417,2025-12-04,2025-12-07,CUST-00417,PROD-00211,2,0.1,1084.95,699.02,385.93
ORD-002418,2025-10-30,2025-11-03,CUST-00430,PROD-00139,5,0.0,1161.2,799.85,361.35
ORD-002419,2024-08-28,2024-09-03,CUST-00395,PROD-00150,5,0.1,2229.8,1902.6,327.2
ORD-002420,2025-08-24,2025-08-27,CUST-00234,PROD-00176,6,0.2,1981.15,1810.32,170.83
ORD-002421,2025-09-08,2025-09-10,CUST-00429,PROD-00033,5,0.0,838.65,574.35,264.3
ORD-002422,2025-12-25,2025-12-27,CUST-00450,PROD-00057,3,0.0,768.57,548.91,219.66
ORD-002423,2025-03-16,2025-03-22,CUST-00279,PROD-00214,7,0.05,1306.46,1103.13,203.33
ORD-002424,2024-03-03,2024-03-05,CUST-00274,PROD-00011,7,0.1,1133.75,1083.04,50.71
ORD-002425,2025-04-23,2025-04-25,CUST-00438,PROD-00072,7,0.2,2563.96,2302.58,261.38
ORD-002426,2025-04-06,2025-04-10,CUST-00022,PROD-00124,5,0.2,1348.8,1383.2,-34.4
ORD-002427,2025-04-16,2025-04-18,CUST-00333,PROD-00130,2,0.0,578.88,330.78,248.1
ORD-002428,2024-09-11,2024-09-16,CUST-00504,PROD-00077,1,0.15,155.26,152.07,3.19
ORD-002429,2025-10-21,2025-10-27,CUST-00455,PROD-00145,4,0.1,330.73,263.2,67.53
ORD-002430,2025-12-12,2025-12-14,CUST-00455,PROD-00123,2,0.05,843.49,750.92,92.57
ORD-002431,2024-06-22,2024-06-25,CUST-00042,PROD-00033,3,0.3,352.23,344.61,7.62
ORD-002432,2024-03-08,2024-03-11,CUST-00147,PROD-00115,6,0.2,394.03,416.4,-22.37
ORD-002433,2024-05-29,2024-06-02,CUST-00083,PROD-00023,3,0.0,1398.69,916.98,481.71
ORD-002434,2025-09-21,2025-09-24,CUST-00103,PROD-00007,2,0.15,374.82,284.64,90.18
ORD-002435,2025-05-16,2025-05-20,CUST-00192,PROD-00114,7,0.1,2438.67,1707.58,731.09
ORD-002436,2025-04-14,2025-04-20,CUST-00373,PROD-00188,5,0.2,1150.92,917.3,233.62
ORD-002437,2024-11-14,2024-11-18,CUST-00582,PROD-00103,4,0.05,1013.42,844.88,168.54
ORD-002438,2025-03-01,2025-03-05,CUST-00465,PROD-00022,6,0.05,1205.84,1093.26,112.58
ORD-002439,2024-09-11,2024-09-17,CUST-00501,PROD-00081,7,0.15,2444.56,1756.16,688.4
ORD-002440,2024-12-20,2024-12-24,CUST-00147,PROD-00026,2,0.15,721.72,492.6,229.12
ORD-002441,2025-08-31,2025-09-01,CUST-00568,PROD-00173,4,0.0,1071.12,884.28,186.84
ORD-002442,2025-12-23,2025-12-28,CUST-00266,PROD-00022,7,0.15,1258.72,1275.47,-16.75
ORD-002443,2025-11-29,2025-12-05,CUST-00445,PROD-00007,5,0.0,1102.4,711.6,390.8
ORD-002444,2025-11-30,2025-12-06,CUST-00392,PROD-00121,1,0.0,669.96,391.53,278.43
ORD-002445,2024-11-14,2024-11-15,CUST-00159,PROD-00116,4,0.15,466.72,384.2,82.52
ORD-002446,2024-12-16,2024-12-21,CUST-00037,PROD-00125,6,0.2,1763.04,1237.74,525.3
ORD-002447,2025-06-10,2025-06-12,CUST-00101,PROD-00031,6,0.15,842.52,718.02,124.5
ORD-002448,2025-11-24,2025-11-30,CUST-00006,PROD-00137,3,0.2,245.23,186.09,59.14
ORD-002449,2024-04-18,2024-04-21,CUST-00386,PROD-00123,5,0.0,2219.7,1877.3,342.4
ORD-002450,2024-09-08,2024-09-13,CUST-00490,PROD-00069,6,0.0,4259.64,2381.58,1878.06
ORD-002451,2024-04-16,2024-04-21,CUST-00234,PROD-00062,2,0.0,1465.32,794.1,671.22
ORD-002452,2025-03-27,2025-04-02,CUST-00467,PROD-00213,3,0.0,842.4,683.07,159.33
ORD-002453,2024-09-10,2024-09-15,CUST-00378,PROD-00177,2,0.0,968.72,648.22,320.5
ORD-002454,2024-09-25,2024-09-26,CUST-00027,PROD-00064,4,0.2,1207.1,986.12,220.98
ORD-002455,2024-02-24,2024-02-29,CUST-00270,PROD-00116,5,0.15,583.4,480.25,103.15
ORD-002456,2024-10-13,2024-10-14,CUST-00599,PROD-00139,2,0.2,371.58,319.94,51.64
ORD-002457,2025-10-24,2025-10-28,CUST-00549,PROD-00086,7,0.05,2251.89,1793.47,458.42
ORD-002458,2024-07-09,2024-07-14,CUST-00494,PROD-00095,3,0.15,846.34,558.36,287.98
ORD-002459,2025-05-30,2025-06-04,CUST-00350,PROD-00084,4,0.1,325.19,299.6,25.59
ORD-002460,2025-04-10,2025-04-11,CUST-00488,PROD-00063,2,0.05,628.6,542.5,86.1
ORD-002461,2025-10-24,2025-10-28,CUST-00524,PROD-00146,5,0.05,873.24,768.0,105.24
ORD-002462,2024-04-11,2024-04-12,CUST-00527,PROD-00016,6,0.15,3474.38,2384.34,1090.04
ORD-002463,2025-12-21,2025-12-27,CUST-00262,PROD-00087,1,0.05,196.81,128.05,68.76
ORD-002464,2025-03-04,2025-03-07,CUST-00570,PROD-00108,3,0.0,643.89,441.3,202.59
ORD-002465,2025-12-29,2025-12-30,CUST-00160,PROD-00100,1,0.0,192.01,107.83,84.18
ORD-002466,2025-11-19,2025-11-21,CUST-00415,PROD-00059,7,0.1,686.95,523.81,163.14
ORD-002467,2024-06-26,2024-07-01,CUST-00301,PROD-00096,3,0.0,312.18,173.58,138.6
ORD-002468,2024-02-13,2024-02-14,CUST-00189,PROD-00131,3,0.05,1500.92,897.0,603.92
ORD-002469,2024-08-02,2024-08-06,CUST-00137,PROD-00030,2,0.2,286.1,291.68,-5.58
ORD-002470,2025-01-21,2025-01-22,CUST-00503,PROD-00031,7,0.1,1040.76,837.69,203.07
ORD-002471,2024-05-11,2024-05-17,CUST-00001,PROD-00110,2,0.0,831.44,629.46,201.98
ORD-002472,2024-05-08,2024-05-13,CUST-00064,PROD-00053,6,0.1,1371.11,1268.82,102.29
ORD-002473,2024-12-13,2024-12-17,CUST-00234,PROD-00073,5,0.0,1976.35,1402.1,574.25
ORD-002474,2024-01-26,2024-01-29,CUST-00006,PROD-00198,5,0.0,3038.2,1722.05,1316.15
ORD-002475,2024-04-03,2024-04-05,CUST-00137,PROD-00011,4,0.0,719.84,618.88,100.96
ORD-002476,2024-11-21,2024-11-27,CUST-00206,PROD-00154,6,0.0,1398.3,934.5,463.8
ORD-002477,2024-02-18,2024-02-22,CUST-00227,PROD-00183,6,0.1,1802.9,1315.02,487.88
ORD-002478,2024-11-12,2024-11-17,CUST-00448,PROD-00186,5,0.0,2523.6,1594.0,929.6
ORD-002479,2024-12-19,2024-12-21,CUST-00151,PROD-00128,4,0.0,1556.36,1225.44,330.92
ORD-002480,2024-12-08,2024-12-11,CUST-00095,PROD-00134,2,0.2,875.1,767.12,107.98
ORD-002481,2025-10-29,2025-10-31,CUST-00356,PROD-00052,2,0.1,384.75,303.7,81.05
ORD-002482,2025-01-23,2025-01-28,CUST-00167,PROD-00140,3,0.2,747.34,779.37,-32.03
ORD-002483,2024-12-16,2024-12-22,CUST-00003,PROD-00115,6,0.05,467.91,416.4,51.51
ORD-002484,2024-11-18,2024-11-22,CUST-00212,PROD-00216,6,0.2,2312.45,2320.62,-8.17
ORD-002485,2025-09-19,2025-09-24,CUST-00016,PROD-00052,3,0.1,577.12,455.55,121.57
ORD-002486,2025-11-11,2025-11-16,CUST-00017,PROD-00111,6,0.05,626.94,531.78,95.16
ORD-002487,2025-10-16,2025-10-22,CUST-00528,PROD-00144,2,0.05,303.35,180.52,122.83
ORD-002488,2025-05-13,2025-05-17,CUST-00377,PROD-00156,6,0.1,271.84,165.24,106.6
ORD-002489,2024-04-15,2024-04-21,CUST-00536,PROD-00019,3,0.0,715.29,397.02,318.27
ORD-002490,2024-08-18,2024-08-20,CUST-00503,PROD-00018,4,0.05,1799.53,1078.8,720.73
ORD-002491,2024-02-05,2024-02-08,CUST-00189,PROD-00108,2,0.15,364.87,294.2,70.67
ORD-002492,2025-11-28,2025-11-30,CUST-00344,PROD-00115,1,0.0,82.09,69.4,12.69
ORD-002493,2025-05-03,2025-05-08,CUST-00012,PROD-00095,1,0.0,331.9,186.12,145.78
ORD-002494,2025-07-24,2025-07-26,CUST-00456,PROD-00102,3,0.1,657.5,553.35,104.15
ORD-002495,2024-09-14,2024-09-17,CUST-00570,PROD-00004,4,0.0,122.6,97.2,25.4
ORD-002496,2025-10-11,2025-10-13,CUST-00548,PROD-00023,5,0.0,2331.15,1528.3,802.85
ORD-002497,2024-08-05,2024-08-11,CUST-00530,PROD-00036,1,0.0,540.02,367.76,172.26
ORD-002498,2024-01-02,2024-01-04,CUST-00420,PROD-00075,2,0.2,896.38,739.44,156.94
ORD-002499,2024-11-02,2024-11-03,CUST-00452,PROD-00207,2,0.1,631.78,550.42,81.36
ORD-002500,2025-02-23,2025-02-25,CUST-00473,PROD-00179,4,0.0,944.24,549.76,394.48
ORD-002501,2024-12-21,2024-12-26,CUST-00486,PROD-00066,2,0.05,421.38,314.64,106.74
ORD-002502,2025-10-23,2025-10-25,CUST-00448,PROD-00072,3,0.0,1373.55,986.82,386.73
ORD-002503,2024-03-21,2024-03-27,CUST-00293,PROD-00177,4,0.05,1840.57,1296.44,544.13
ORD-002504,2025-02-10,2025-02-15,CUST-00545,PROD-00028,6,0.15,91.44,65.76,25.68
ORD-002505,2025-01-10,2025-01-12,CUST-00110,PROD-00049,3,0.1,1334.45,1189.71,144.74
ORD-002506,2024-08-22,2024-08-26,CUST-00235,PROD-00074,5,0.15,2511.11,1868.15,642.96
ORD-002507,2025-09-23,2025-09-27,CUST-00032,PROD-00016,4,0.0,2725.0,1589.56,1135.44
ORD-002508,2025-07-31,2025-08-05,CUST-00368,PROD-00060,6,0.15,1212.88,865.5,347.38
ORD-002509,2025-07-09,2025-07-14,CUST-00368,PROD-00080,6,0.0,1254.3,701.28,553.02
ORD-002510,2025-11-02,2025-11-06,CUST-00558,PROD-00073,6,0.0,2371.62,1682.52,689.1
ORD-002511,2025-06-28,2025-06-30,CUST-00337,PROD-00009,6,0.0,833.76,490.98,342.78
ORD-002512,2024-07-08,2024-07-10,CUST-00524,PROD-00032,2,0.05,545.19,471.46,73.73
ORD-002513,2025-06-09,2025-06-13,CUST-00114,PROD-00151,2,0.2,260.37,278.26,-17.89
ORD-002514,2024-09-11,2024-09-15,CUST-00233,PROD-00037,1,0.1,238.08,223.69,14.39
ORD-002515,2024-07-19,2024-07-20,CUST-00384,PROD-00130,7,0.2,1620.86,1157.73,463.13
ORD-002516,2024-02-26,2024-02-29,CUST-00115,PROD-00043,3,0.0,1128.0,757.65,370.35
ORD-002517,2025-07-22,2025-07-28,CUST-00047,PROD-00217,7,0.15,3305.88,2322.67,983.21
ORD-002518,2025-06-15,2025-06-21,CUST-00123,PROD-00031,7,0.3,809.48,837.69,-28.21
ORD-002519,2024-07-11,2024-07-16,CUST-00036,PROD-00050,6,0.0,1538.58,841.14,697.44
ORD-002520,2025-07-28,2025-07-30,CUST-00256,PROD-00178,4,0.0,1140.28,811.68,328.6
ORD-002521,2025-11-22,2025-11-26,CUST-00021,PROD-00038,3,0.0,44.01,27.03,16.98
ORD-002522,2024-03-23,2024-03-28,CUST-00178,PROD-00126,5,0.1,2345.26,1526.05,819.21
ORD-002523,2024-07-08,2024-07-10,CUST-00001,PROD-00209,7,0.1,2872.48,2433.34,439.14
ORD-002524,2025-07-29,2025-08-04,CUST-00315,PROD-00051,3,0.1,204.39,124.74,79.65
ORD-002525,2024-08-17,2024-08-19,CUST-00097,PROD-00007,2,0.3,308.67,284.64,24.03
ORD-002526,2025-04-06,2025-04-10,CUST-00349,PROD-00149,7,0.0,2101.61,1180.76,920.85
ORD-002527,2024-03-03,2024-03-09,CUST-00057,PROD-00078,2,0.0,239.96,198.32,41.64
ORD-002528,2024-12-08,2024-12-10,CUST-00367,PROD-00058,7,0.05,3267.21,2683.73,583.48
ORD-002529,2025-07-16,2025-07-20,CUST-00147,PROD-00108,7,0.05,1427.29,1029.7,397.59
ORD-002530,2025-05-23,2025-05-24,CUST-00253,PROD-00187,4,0.1,1078.99,652.88,426.11
ORD-002531,2025-09-17,2025-09-18,CUST-00323,PROD-00140,5,0.2,1245.56,1298.95,-53.39
ORD-002532,2025-11-03,2025-11-07,CUST-00420,PROD-00002,6,0.05,2522.19,2250.9,271.29
ORD-002533,2025-08-16,2025-08-17,CUST-00237,PROD-00014,5,0.1,1919.3,1347.25,572.05
ORD-002534,2025-05-12,2025-05-13,CUST-00475,PROD-00010,1,0.05,424.49,348.31,76.18
ORD-002535,2024-01-25,2024-01-27,CUST-00011,PROD-00101,1,0.05,528.02,314.22,213.8
ORD-002536,2025-01-27,2025-02-01,CUST-00595,PROD-00020,2,0.1,399.37,273.46,125.91
ORD-002537,2024-01-29,2024-02-04,CUST-00368,PROD-00055,3,0.2,725.33,650.76,74.57
ORD-002538,2025-09-12,2025-09-14,CUST-00004,PROD-00078,1,0.0,119.98,99.16,20.82
ORD-002539,2024-09-21,2024-09-26,CUST-00137,PROD-00066,3,0.0,665.34,471.96,193.38
ORD-002540,2025-02-17,2025-02-22,CUST-00179,PROD-00128,6,0.1,2101.09,1838.16,262.93
ORD-002541,2024-08-20,2024-08-21,CUST-00082,PROD-00086,2,0.15,575.67,512.42,63.25
ORD-002542,2025-08-23,2025-08-25,CUST-00577,PROD-00009,5,0.0,694.8,409.15,285.65
ORD-002543,2025-11-07,2025-11-10,CUST-00543,PROD-00151,7,0.05,1082.15,973.91,108.24
ORD-002544,2024-11-13,2024-11-15,CUST-00010,PROD-00089,4,0.1,816.37,587.44,228.93
ORD-002545,2025-10-24,2025-10-27,CUST-00237,PROD-00077,1,0.2,146.13,152.07,-5.94
ORD-002546,2024-08-11,2024-08-16,CUST-00459,PROD-00204,1,0.1,382.8,263.25,119.55
ORD-002547,2025-01-27,2025-01-30,CUST-00403,PROD-00075,1,0.1,504.22,369.72,134.5
ORD-002548,2025-10-21,2025-10-23,CUST-00397,PROD-00185,4,0.3,1408.34,1544.28,-135.94
ORD-002549,2024-09-25,2024-09-28,CUST-00092,PROD-00077,4,0.0,730.64,608.28,122.36
ORD-002550,2025-12-09,2025-12-14,CUST-00088,PROD-00106,3,0.15,85.68,65.82,19.86
ORD-002551,2024-04-03,2024-04-06,CUST-00551,PROD-00143,7,0.0,303.45,216.65,86.8
ORD-002552,2024-01-15,2024-01-16,CUST-00110,PROD-00112,6,0.15,2055.5,1562.46,493.04
ORD-002553,2025-11-16,2025-11-21,CUST-00564,PROD-00162,1,0.05,136.17,113.11,23.06
ORD-002554,2024-02-22,2024-02-23,CUST-00370,PROD-00177,1,0.0,484.36,324.11,160.25
ORD-002555,2025-12-28,2025-12-29,CUST-00105,PROD-00156,2,0.0,100.68,55.08,45.6
ORD-002556,2025-12-08,2025-12-09,CUST-00355,PROD-00118,5,0.3,252.73,278.15,-25.42
ORD-002557,2024-04-15,2024-04-19,CUST-00577,PROD-00150,5,0.05,2353.67,1902.6,451.07
ORD-002558,2025-01-29,2025-01-31,CUST-00112,PROD-00123,6,0.1,2397.28,2252.76,144.52
ORD-002559,2024-05-21,2024-05-22,CUST-00203,PROD-00004,1,0.05,29.12,24.3,4.82
ORD-002560,2024-11-27,2024-11-28,CUST-00027,PROD-00042,5,0.0,2824.8,1708.3,1116.5
ORD-002561,2024-02-17,2024-02-20,CUST-00072,PROD-00105,4,0.1,1251.83,1155.2,96.63
ORD-002562,2024-06-29,2024-07-05,CUST-00364,PROD-00059,5,0.15,463.42,374.15,89.27
ORD-002563,2024-10-24,2024-10-25,CUST-00577,PROD-00050,4,0.0,1025.72,560.76,464.96
ORD-002564,2024-12-02,2024-12-05,CUST-00180,PROD-00102,4,0.3,681.86,737.8,-55.94
ORD-002565,2025-12-21,2025-12-26,CUST-00430,PROD-00004,5,0.1,137.93,121.5,16.43
ORD-002566,2025-09-12,2025-09-14,CUST-00579,PROD-00055,7,0.0,2115.54,1518.44,597.1
ORD-002567,2025-07-14,2025-07-17,CUST-00062,PROD-00174,5,0.05,1049.89,880.1,169.79
ORD-002568,2025-01-28,2025-02-02,CUST-00126,PROD-00173,5,0.0,1338.9,1105.35,233.55
ORD-002569,2025-10-06,2025-10-11,CUST-00413,PROD-00200,6,0.0,1600.14,1128.18,471.96
ORD-002570,2024-10-05,2024-10-11,CUST-00359,PROD-00151,4,0.05,618.37,556.52,61.85
ORD-002571,2025-06-13,2025-06-18,CUST-00196,PROD-00030,3,0.1,482.79,437.52,45.27
ORD-002572,2025-12-29,2026-01-04,CUST-00451,PROD-00022,4,0.05,803.89,728.84,75.05
ORD-002573,2024-09-16,2024-09-18,CUST-00554,PROD-00060,7,0.3,1165.32,1009.75,155.57
ORD-002574,2025-05-14,2025-05-18,CUST-00452,PROD-00187,6,0.0,1798.32,979.32,819.0
ORD-002575,2025-10-10,2025-10-12,CUST-00262,PROD-00073,4,0.0,1581.08,1121.68,459.4
ORD-002576,2025-11-21,2025-11-27,CUST-00165,PROD-00109,7,0.2,109.98,113.47,-3.49
ORD-002577,2025-06-23,2025-06-25,CUST-00023,PROD-00153,7,0.1,3191.14,2637.25,553.89
ORD-002578,2024-08-23,2024-08-26,CUST-00073,PROD-00113,5,0.2,668.28,671.55,-3.27
ORD-002579,2024-09-25,2024-09-29,CUST-00065,PROD-00193,5,0.05,1197.62,666.55,531.07
ORD-002580,2024-01-16,2024-01-20,CUST-00566,PROD-00063,1,0.0,330.84,271.25,59.59
ORD-002581,2025-08-07,2025-08-09,CUST-00441,PROD-00009,6,0.15,708.7,490.98,217.72
ORD-002582,2024-02-02,2024-02-08,CUST-00372,PROD-00202,7,0.05,2703.82,2322.46,381.36
ORD-002583,2025-10-25,2025-10-28,CUST-00293,PROD-00184,7,0.15,1594.54,1295.49,299.05
ORD-002584,2024-04-01,2024-04-03,CUST-00524,PROD-00186,3,0.0,1514.16,956.4,557.76
ORD-002585,2024-05-11,2024-05-16,CUST-00590,PROD-00140,4,0.3,871.89,1039.16,-167.27
ORD-002586,2024-12-20,2024-12-25,CUST-00072,PROD-00177,1,0.0,484.36,324.11,160.25
ORD-002587,2025-07-15,2025-07-21,CUST-00508,PROD-00105,4,0.2,1112.74,1155.2,-42.46
ORD-002588,2024-04-16,2024-04-21,CUST-00146,PROD-00046,5,0.1,642.42,494.6,147.82
ORD-002589,2024-12-02,2024-12-08,CUST-00121,PROD-00043,4,0.15,1278.4,1010.2,268.2
ORD-002590,2024-12-23,2024-12-26,CUST-00463,PROD-00167,4,0.0,747.04,439.92,307.12
ORD-002591,2024-06-16,2024-06-19,CUST-00272,PROD-00057,4,0.05,973.52,731.88,241.64
ORD-002592,2024-03-29,2024-04-04,CUST-00022,PROD-00159,3,0.05,1311.71,1148.97,162.74
ORD-002593,2025-10-04,2025-10-09,CUST-00143,PROD-00082,6,0.05,1690.79,1375.56,315.23
ORD-002594,2025-01-02,2025-01-03,CUST-00240,PROD-00036,1,0.0,540.02,367.76,172.26
ORD-002595,2024-01-12,2024-01-18,CUST-00171,PROD-00006,1,0.1,467.3,348.22,119.08
ORD-002596,2025-09-08,2025-09-12,CUST-00110,PROD-00212,6,0.15,3010.43,2162.1,848.33
ORD-002597,2025-12-22,2025-12-24,CUST-00084,PROD-00188,5,0.1,1294.79,917.3,377.49
ORD-002598,2025-03-22,2025-03-25,CUST-00220,PROD-00143,4,0.15,147.39,123.8,23.59
ORD-002599,2025-01-03,2025-01-05,CUST-00477,PROD-00015,2,0.0,948.38,799.54,148.84
ORD-002600,2025-11-03,2025-11-06,CUST-00560,PROD-00117,3,0.1,551.04,481.05,69.99
ORD-002601,2025-12-09,2025-12-12,CUST-00480,PROD-00017,2,0.05,1022.37,594.94,427.43
ORD-002602,2025-08-02,2025-08-05,CUST-00179,PROD-00165,2,0.0,54.54,33.1,21.44
ORD-002603,2024-12-05,2024-12-06,CUST-00030,PROD-00085,5,0.15,337.75,238.05,99.7
ORD-002604,2025-03-12,2025-03-16,CUST-00434,PROD-00076,7,0.2,1383.2,927.29,455.91
ORD-002605,2025-06-04,2025-06-08,CUST-00134,PROD-00178,6,0.2,1368.34,1217.52,150.82
ORD-002606,2024-05-29,2024-05-30,CUST-00425,PROD-00159,2,0.05,874.47,765.98,108.49
ORD-002607,2024-12-06,2024-12-09,CUST-00388,PROD-00047,4,0.1,1781.75,1580.84,200.91
ORD-002608,2025-09-28,2025-09-29,CUST-00306,PROD-00045,2,0.05,205.01,155.9,49.11
ORD-002609,2025-04-29,2025-05-03,CUST-00033,PROD-00156,2,0.0,100.68,55.08,45.6
ORD-002610,2024-11-19,2024-11-21,CUST-00056,PROD-00044,4,0.1,1920.49,1187.4,733.09
ORD-002611,2025-05-05,2025-05-06,CUST-00270,PROD-00196,5,0.05,1669.58,1137.1,532.48
ORD-002612,2024-03-31,2024-04-05,CUST-00083,PROD-00137,3,0.1,275.89,186.09,89.8
ORD-002613,2024-11-14,2024-11-16,CUST-00306,PROD-00055,4,0.1,1087.99,867.68,220.31
ORD-002614,2025-08-31,2025-09-05,CUST-00549,PROD-00132,5,0.0,1280.0,736.55,543.45
ORD-002615,2024-06-25,2024-07-01,CUST-00524,PROD-00169,6,0.15,1819.42,1139.16,680.26
ORD-002616,2024-05-22,2024-05-27,CUST-00065,PROD-00116,7,0.0,960.89,672.35,288.54
ORD-002617,2025-12-08,2025-12-14,CUST-00260,PROD-00073,7,0.05,2628.55,1962.94,665.61
ORD-002618,2024-06-14,2024-06-18,CUST-00268,PROD-00128,6,0.0,2334.54,1838.16,496.38
ORD-002619,2024-08-06,2024-08-10,CUST-00071,PROD-00081,1,0.0,410.85,250.88,159.97
ORD-002620,2025-12-17,2025-12-23,CUST-00410,PROD-00091,5,0.05,1424.48,860.4,564.08
ORD-002621,2025-07-11,2025-07-13,CUST-00089,PROD-00095,7,0.15,1974.8,1302.84,671.96
ORD-002622,2025-06-03,2025-06-07,CUST-00206,PROD-00089,6,0.1,1224.56,881.16,343.4
ORD-002623,2025-10-16,2025-10-21,CUST-00067,PROD-00219,6,0.05,1217.46,710.16,507.3
ORD-002624,2024-03-29,2024-03-30,CUST-00444,PROD-00199,1,0.1,520.39,305.76,214.63
ORD-002625,2025-06-10,2025-06-14,CUST-00459,PROD-00020,2,0.05,421.55,273.46,148.09
ORD-002626,2025-01-03,2025-01-06,CUST-00494,PROD-00108,5,0.0,1073.15,735.5,337.65
ORD-002627,2025-09-28,2025-10-02,CUST-00340,PROD-00162,4,0.05,544.69,452.44,92.25
ORD-002628,2025-01-06,2025-01-08,CUST-00217,PROD-00133,6,0.1,1946.0,1837.86,108.14
ORD-002629,2025-04-02,2025-04-06,CUST-00054,PROD-00208,6,0.15,2330.39,2016.72,313.67
ORD-002630,2024-12-21,2024-12-26,CUST-00151,PROD-00055,5,0.3,1057.77,1084.6,-26.83
ORD-002631,2024-12-21,2024-12-27,CUST-00119,PROD-00197,6,0.1,698.76,541.32,157.44
ORD-002632,2025-08-12,2025-08-17,CUST-00514,PROD-00082,6,0.0,1779.78,1375.56,404.22
ORD-002633,2025-04-09,2025-04-13,CUST-00139,PROD-00193,2,0.3,352.98,266.62,86.36
ORD-002634,2025-04-12,2025-04-13,CUST-00219,PROD-00056,2,0.3,916.68,795.4,121.28
ORD-002635,2024-12-07,2024-12-11,CUST-00377,PROD-00125,1,0.0,367.3,206.29,161.01
ORD-002636,2025-01-24,2025-01-25,CUST-00149,PROD-00084,4,0.2,289.06,299.6,-10.54
ORD-002637,2025-07-24,2025-07-30,CUST-00422,PROD-00142,2,0.2,455.74,488.08,-32.34
ORD-002638,2025-09-25,2025-09-29,CUST-00588,PROD-00063,3,0.1,893.27,813.75,79.52
ORD-002639,2025-05-31,2025-06-06,CUST-00493,PROD-00042,6,0.05,3220.27,2049.96,1170.31
ORD-002640,2025-11-25,2025-11-30,CUST-00296,PROD-00179,5,0.0,1180.3,687.2,493.1
ORD-002641,2025-09-21,2025-09-22,CUST-00101,PROD-00169,5,0.0,1783.75,949.3,834.45
ORD-002642,2025-02-16,2025-02-22,CUST-00009,PROD-00157,6,0.0,3041.04,1763.82,1277.22
ORD-002643,2025-05-12,2025-05-14,CUST-00104,PROD-00126,2,0.0,1042.34,610.42,431.92
ORD-002644,2025-11-26,2025-11-30,CUST-00270,PROD-00210,1,0.05,27.5,21.01,6.49
ORD-002645,2025-04-01,2025-04-04,CUST-00485,PROD-00087,2,0.15,352.19,256.1,96.09
ORD-002646,2025-09-25,2025-10-01,CUST-00032,PROD-00101,7,0.05,3696.14,2199.54,1496.6
ORD-002647,2025-05-25,2025-05-30,CUST-00522,PROD-00215,4,0.0,820.64,694.56,126.08
ORD-002648,2025-02-09,2025-02-14,CUST-00357,PROD-00064,3,0.2,905.33,739.59,165.74
ORD-002649,2024-07-19,2024-07-20,CUST-00101,PROD-00124,3,0.0,1011.6,829.92,181.68
ORD-002650,2024-11-26,2024-11-29,CUST-00526,PROD-00128,1,0.05,369.64,306.36,63.28
ORD-002651,2025-12-16,2025-12-17,CUST-00529,PROD-00045,6,0.15,550.29,467.7,82.59
ORD-002652,2025-05-01,2025-05-05,CUST-00102,PROD-00049,5,0.0,2471.2,1982.85,488.35
ORD-002653,2025-02-18,2025-02-21,CUST-00064,PROD-00157,3,0.05,1444.49,881.91,562.58
ORD-002654,2025-11-29,2025-12-03,CUST-00464,PROD-00133,7,0.1,2270.33,2144.17,126.16
ORD-002655,2025-03-07,2025-03-11,CUST-00197,PROD-00135,3,0.15,1295.4,1014.15,281.25
ORD-002656,2025-01-20,2025-01-21,CUST-00517,PROD-00071,6,0.05,3482.93,2089.68,1393.25
ORD-002657,2025-08-05,2025-08-09,CUST-00331,PROD-00193,7,0.3,1235.44,933.17,302.27
ORD-002658,2025-06-17,2025-06-18,CUST-00298,PROD-00165,7,0.2,152.71,115.85,36.86
ORD-002659,2024-05-28,2024-05-30,CUST-00534,PROD-00027,1,0.0,444.51,288.47,156.04
ORD-002660,2024-12-17,2024-12-21,CUST-00445,PROD-00060,4,0.05,903.72,577.0,326.72
ORD-002661,2024-12-18,2024-12-22,CUST-00535,PROD-00209,2,0.3,638.33,695.24,-56.91
ORD-002662,2024-11-03,2024-11-08,CUST-00153,PROD-00125,6,0.1,1983.42,1237.74,745.68
ORD-002663,2025-01-13,2025-01-18,CUST-00529,PROD-00040,3,0.1,738.04,448.26,289.78
ORD-002664,2024-11-20,2024-11-24,CUST-00282,PROD-00208,5,0.0,2284.7,1680.6,604.1
ORD-002665,2024-06-02,2024-06-03,CUST-00373,PROD-00136,1,0.1,203.86,152.38,51.48
ORD-002666,2024-11-19,2024-11-24,CUST-00333,PROD-00137,6,0.2,490.46,372.18,118.28
ORD-002667,2024-02-25,2024-02-28,CUST-00359,PROD-00024,1,0.0,228.98,195.84,33.14
ORD-002668,2025-02-27,2025-03-04,CUST-00035,PROD-00157,1,0.2,405.47,293.97,111.5
ORD-002669,2025-10-17,2025-10-20,CUST-00306,PROD-00114,5,0.0,1935.45,1219.7,715.75
ORD-002670,2025-07-01,2025-07-04,CUST-00209,PROD-00187,7,0.15,1783.33,1142.54,640.79
ORD-002671,2024-10-21,2024-10-25,CUST-00503,PROD-00188,2,0.1,517.91,366.92,150.99
ORD-002672,2024-03-07,2024-03-10,CUST-00083,PROD-00042,4,0.0,2259.84,1366.64,893.2
ORD-002673,2024-06-05,2024-06-08,CUST-00284,PROD-00188,1,0.0,287.73,183.46,104.27
ORD-002674,2025-02-04,2025-02-08,CUST-00133,PROD-00015,6,0.0,2845.14,2398.62,446.52
ORD-002675,2024-06-10,2024-06-15,CUST-00293,PROD-00143,1,0.1,39.02,30.95,8.07
ORD-002676,2025-02-03,2025-02-04,CUST-00060,PROD-00086,7,0.05,2251.89,1793.47,458.42
ORD-002677,2024-07-07,2024-07-09,CUST-00434,PROD-00007,6,0.15,1124.45,853.92,270.53
ORD-002678,2025-10-13,2025-10-17,CUST-00283,PROD-00141,2,0.15,620.57,455.56,165.01
ORD-002679,2024-11-12,2024-11-15,CUST-00383,PROD-00043,5,0.3,1316.0,1262.75,53.25
ORD-002680,2024-07-23,2024-07-28,CUST-00193,PROD-00195,6,0.1,3476.63,2352.42,1124.21
ORD-002681,2025-09-15,2025-09-18,CUST-00203,PROD-00146,4,0.15,625.06,614.4,10.66
ORD-002682,2024-10-08,2024-10-11,CUST-00179,PROD-00186,4,0.0,2018.88,1275.2,743.68
ORD-002683,2024-03-26,2024-03-30,CUST-00546,PROD-00158,3,0.05,245.7,178.47,67.23
ORD-002684,2025-02-23,2025-02-28,CUST-00351,PROD-00187,3,0.0,899.16,489.66,409.5
ORD-002685,2025-03-04,2025-03-07,CUST-00327,PROD-00212,5,0.05,2803.83,1801.75,1002.08
ORD-002686,2025-06-20,2025-06-21,CUST-00531,PROD-00066,2,0.1,399.2,314.64,84.56
ORD-002687,2024-07-17,2024-07-22,CUST-00438,PROD-00001,2,0.1,72.81,42.8,30.01
ORD-002688,2024-12-04,2024-12-06,CUST-00271,PROD-00121,7,0.05,4455.23,2740.71,1714.52
ORD-002689,2024-08-23,2024-08-25,CUST-00228,PROD-00114,1,0.15,329.03,243.94,85.09
ORD-002690,2024-03-03,2024-03-07,CUST-00489,PROD-00072,2,0.0,915.7,657.88,257.82
ORD-002691,2025-11-02,2025-11-06,CUST-00157,PROD-00190,4,0.1,1025.64,969.84,55.8
ORD-002692,2025-07-05,2025-07-06,CUST-00514,PROD-00061,4,0.0,783.36,631.8,151.56
ORD-002693,2024-09-06,2024-09-08,CUST-00543,PROD-00154,3,0.15,594.28,467.25,127.03
ORD-002694,2025-03-17,2025-03-20,CUST-00095,PROD-00176,3,0.05,1176.31,905.16,271.15
ORD-002695,2024-06-04,2024-06-09,CUST-00045,PROD-00034,5,0.2,404.12,281.5,122.62
ORD-002696,2025-11-09,2025-11-12,CUST-00041,PROD-00203,6,0.1,3340.76,2177.4,1163.36
ORD-002697,2024-03-29,2024-04-01,CUST-00071,PROD-00014,7,0.0,2985.57,1886.15,1099.42
ORD-002698,2024-01-03,2024-01-08,CUST-00199,PROD-00076,3,0.1,666.9,397.41,269.49
ORD-002699,2025-01-02,2025-01-05,CUST-00230,PROD-00085,2,0.05,150.99,95.22,55.77
ORD-002700,2025-03-05,2025-03-09,CUST-00563,PROD-00215,1,0.1,184.64,173.64,11.0
ORD-002701,2025-03-02,2025-03-07,CUST-00200,PROD-00183,2,0.1,600.97,438.34,162.63
ORD-002702,2024-02-11,2024-02-14,CUST-00580,PROD-00063,2,0.05,628.6,542.5,86.1
ORD-002703,2024-09-16,2024-09-18,CUST-00041,PROD-00003,6,0.2,458.69,471.36,-12.67
ORD-002704,2024-12-31,2025-01-04,CUST-00494,PROD-00104,4,0.15,732.84,727.04,5.8
ORD-002705,2024-06-21,2024-06-27,CUST-00169,PROD-00008,1,0.05,205.24,128.71,76.53
ORD-002706,2025-10-31,2025-11-02,CUST-00206,PROD-00101,1,0.1,500.23,314.22,186.01
ORD-002707,2024-03-07,2024-03-11,CUST-00304,PROD-00115,7,0.15,488.44,485.8,2.64
ORD-002708,2024-12-25,2024-12-28,CUST-00450,PROD-00114,2,0.1,696.76,487.88,208.88
ORD-002709,2025-05-27,2025-06-01,CUST-00002,PROD-00078,4,0.05,455.92,396.64,59.28
ORD-002710,2024-08-07,2024-08-10,CUST-00110,PROD-00167,1,0.0,186.76,109.98,76.78
ORD-002711,2025-04-05,2025-04-11,CUST-00337,PROD-00122,7,0.0,283.22,203.77,79.45
ORD-002712,2025-09-28,2025-10-02,CUST-00305,PROD-00156,2,0.2,80.54,55.08,25.46
ORD-002713,2024-05-26,2024-05-27,CUST-00278,PROD-00139,5,0.1,1045.08,799.85,245.23
ORD-002714,2025-11-22,2025-11-23,CUST-00592,PROD-00170,7,0.3,455.8,558.18,-102.38
ORD-002715,2025-02-10,2025-02-14,CUST-00034,PROD-00073,5,0.15,1679.9,1402.1,277.8
ORD-002716,2024-09-04,2024-09-09,CUST-00430,PROD-00220,5,0.05,314.64,275.7,38.94
ORD-002717,2024-11-28,2024-12-01,CUST-00122,PROD-00035,5,0.05,1670.86,1429.75,241.11
ORD-002718,2024-09-14,2024-09-18,CUST-00012,PROD-00125,3,0.1,991.71,618.87,372.84
ORD-002719,2025-07-01,2025-07-07,CUST-00236,PROD-00059,2,0.0,218.08,149.66,68.42
ORD-002720,2025-09-03,2025-09-04,CUST-00243,PROD-00205,5,0.1,2599.56,1620.15,979.41
ORD-002721,2025-10-01,2025-10-04,CUST-00101,PROD-00086,2,0.0,677.26,512.42,164.84
ORD-002722,2025-12-25,2025-12-30,CUST-00331,PROD-00083,2,0.1,882.56,607.34,275.22
ORD-002723,2025-08-30,2025-08-31,CUST-00218,PROD-00120,4,0.2,544.99,437.24,107.75
ORD-002724,2025-03-19,2025-03-22,CUST-00478,PROD-00015,3,0.0,1422.57,1199.31,223.26
ORD-002725,2024-10-05,2024-10-11,CUST-00141,PROD-00208,3,0.0,1370.82,1008.36,362.46
ORD-002726,2025-02-03,2025-02-05,CUST-00403,PROD-00185,3,0.05,1433.49,1158.21,275.28
ORD-002727,2024-02-01,2024-02-04,CUST-00112,PROD-00142,1,0.15,242.11,244.04,-1.93
ORD-002728,2025-07-23,2025-07-28,CUST-00365,PROD-00011,4,0.0,719.84,618.88,100.96
ORD-002729,2024-12-05,2024-12-11,CUST-00090,PROD-00110,5,0.15,1766.81,1573.65,193.16
ORD-002730,2024-01-16,2024-01-18,CUST-00032,PROD-00071,2,0.05,1160.98,696.56,464.42
ORD-002731,2024-02-17,2024-02-19,CUST-00355,PROD-00021,2,0.0,490.64,314.24,176.4
ORD-002732,2024-11-07,2024-11-10,CUST-00585,PROD-00118,1,0.3,50.55,55.63,-5.08
ORD-002733,2025-03-05,2025-03-10,CUST-00053,PROD-00128,4,0.1,1400.72,1225.44,175.28
ORD-002734,2024-12-14,2024-12-18,CUST-00233,PROD-00071,5,0.3,2138.64,1741.4,397.24
ORD-002735,2025-04-02,2025-04-07,CUST-00016,PROD-00154,5,0.2,932.2,778.75,153.45
ORD-002736,2024-12-22,2024-12-24,CUST-00161,PROD-00095,6,0.0,1991.4,1116.72,874.68
ORD-002737,2025-05-04,2025-05-07,CUST-00486,PROD-00111,7,0.0,769.93,620.41,149.52
ORD-002738,2024-06-24,2024-06-29,CUST-00270,PROD-00103,4,0.1,960.08,844.88,115.2
ORD-002739,2024-03-27,2024-03-31,CUST-00164,PROD-00158,6,0.3,362.08,356.94,5.14
ORD-002740,2025-03-15,2025-03-21,CUST-00263,PROD-00170,2,0.0,186.04,159.48,26.56
ORD-002741,2024-12-24,2024-12-29,CUST-00013,PROD-00213,1,0.1,252.72,227.69,25.03
ORD-002742,2024-01-21,2024-01-23,CUST-00573,PROD-00122,2,0.0,80.92,58.22,22.7
ORD-002743,2024-11-04,2024-11-08,CUST-00515,PROD-00024,5,0.1,1030.41,979.2,51.21
ORD-002744,2024-03-22,2024-03-26,CUST-00298,PROD-00148,1,0.1,353.33,257.92,95.41
ORD-002745,2025-01-24,2025-01-25,CUST-00518,PROD-00122,1,0.0,40.46,29.11,11.35
ORD-002746,2024-11-11,2024-11-17,CUST-00553,PROD-00169,3,0.05,1016.74,569.58,447.16
ORD-002747,2025-03-28,2025-04-03,CUST-00569,PROD-00083,2,0.2,784.5,607.34,177.16
ORD-002748,2025-09-10,2025-09-16,CUST-00457,PROD-00097,7,0.0,1950.55,1362.2,588.35
ORD-002749,2024-09-05,2024-09-09,CUST-00295,PROD-00198,7,0.15,3615.46,2410.87,1204.59
ORD-002750,2025-12-13,2025-12-19,CUST-00214,PROD-00131,5,0.1,2369.88,1495.0,874.88
ORD-002751,2025-01-27,2025-02-02,CUST-00159,PROD-00066,3,0.05,632.07,471.96,160.11
ORD-002752,2025-04-01,2025-04-04,CUST-00339,PROD-00138,6,0.15,76.24,55.56,20.68
ORD-002753,2025-05-19,2025-05-21,CUST-00007,PROD-00101,4,0.0,2223.24,1256.88,966.36
ORD-002754,2025-05-08,2025-05-14,CUST-00077,PROD-00158,7,0.1,543.12,416.43,126.69
ORD-002755,2025-01-08,2025-01-12,CUST-00413,PROD-00072,2,0.0,915.7,657.88,257.82
ORD-002756,2024-11-27,2024-11-30,CUST-00221,PROD-00157,5,0.3,1773.94,1469.85,304.09
ORD-002757,2024-02-11,2024-02-14,CUST-00172,PROD-00109,6,0.0,117.84,97.26,20.58
ORD-002758,2024-01-17,2024-01-21,CUST-00024,PROD-00193,6,0.1,1361.5,799.86,561.64
ORD-002759,2024-10-20,2024-10-21,CUST-00129,PROD-00041,7,0.3,857.55,705.95,151.6
ORD-002760,2024-10-01,2024-10-04,CUST-00215,PROD-00031,5,0.05,784.7,598.35,186.35
ORD-002761,2024-11-07,2024-11-12,CUST-00186,PROD-00218,5,0.15,2776.48,1927.1,849.38
ORD-002762,2024-04-16,2024-04-20,CUST-00141,PROD-00023,7,0.15,2774.07,2139.62,634.45
ORD-002763,2025-07-15,2025-07-18,CUST-00509,PROD-00203,6,0.15,3155.17,2177.4,977.77
ORD-002764,2025-10-19,2025-10-23,CUST-00287,PROD-00176,3,0.05,1176.31,905.16,271.15
ORD-002765,2025-12-02,2025-12-03,CUST-00004,PROD-00190,4,0.15,968.66,969.84,-1.18
ORD-002766,2024-12-28,2025-01-03,CUST-00333,PROD-00197,6,0.15,659.94,541.32,118.62
ORD-002767,2025-06-04,2025-06-06,CUST-00270,PROD-00075,2,0.05,1064.46,739.44,325.02
ORD-002768,2025-10-18,2025-10-21,CUST-00335,PROD-00153,6,0.2,2431.34,2260.5,170.84
ORD-002769,2024-11-22,2024-11-25,CUST-00399,PROD-00032,4,0.0,1147.76,942.92,204.84
ORD-002770,2024-09-12,2024-09-14,CUST-00195,PROD-00049,3,0.1,1334.45,1189.71,144.74
ORD-002771,2025-12-01,2025-12-03,CUST-00001,PROD-00167,5,0.1,840.42,549.9,290.52
ORD-002772,2025-01-12,2025-01-13,CUST-00273,PROD-00157,5,0.0,2534.2,1469.85,1064.35
ORD-002773,2024-12-30,2025-01-03,CUST-00192,PROD-00085,3,0.0,238.41,142.83,95.58
ORD-002774,2024-05-16,2024-05-19,CUST-00306,PROD-00196,5,0.1,1581.71,1137.1,444.61
ORD-002775,2024-03-24,2024-03-29,CUST-00480,PROD-00077,2,0.05,347.05,304.14,42.91
ORD-002776,2025-10-08,2025-10-09,CUST-00474,PROD-00138,1,0.0,14.95,9.26,5.69
ORD-002777,2025-03-29,2025-03-30,CUST-00577,PROD-00124,5,0.1,1517.4,1383.2,134.2
ORD-002778,2024-09-25,2024-09-27,CUST-00363,PROD-00022,5,0.15,899.09,911.05,-11.96
ORD-002779,2024-05-27,2024-06-02,CUST-00073,PROD-00091,6,0.1,1619.41,1032.48,586.93
ORD-002780,2025-02-12,2025-02-16,CUST-00271,PROD-00044,6,0.1,2880.74,1781.1,1099.64
ORD-002781,2025-03-05,2025-03-10,CUST-00168,PROD-00179,5,0.2,944.24,687.2,257.04
ORD-002782,2024-06-10,2024-06-15,CUST-00357,PROD-00121,7,0.0,4689.72,2740.71,1949.01
ORD-002783,2025-10-15,2025-10-19,CUST-00382,PROD-00024,2,0.05,435.06,391.68,43.38
ORD-002784,2024-03-05,2024-03-08,CUST-00419,PROD-00123,6,0.15,2264.09,2252.76,11.33
ORD-002785,2024-10-18,2024-10-20,CUST-00511,PROD-00159,4,0.0,1841.0,1531.96,309.04
ORD-002786,2025-05-18,2025-05-23,CUST-00121,PROD-00056,3,0.2,1571.45,1193.1,378.35
ORD-002787,2024-08-16,2024-08-18,CUST-00341,PROD-00085,1,0.0,79.47,47.61,31.86
ORD-002788,2025-09-27,2025-09-29,CUST-00523,PROD-00182,4,0.05,1041.73,898.36,143.37
ORD-002789,2025-07-17,2025-07-22,CUST-00454,PROD-00115,1,0.15,69.78,69.4,0.38
ORD-002790,2025-08-28,2025-08-31,CUST-00092,PROD-00208,4,0.0,1827.76,1344.48,483.28
ORD-002791,2024-04-01,2024-04-06,CUST-00156,PROD-00037,5,0.05,1256.52,1118.45,138.07
ORD-002792,2024-04-17,2024-04-20,CUST-00503,PROD-00083,4,0.3,1372.87,1214.68,158.19
ORD-002793,2024-08-26,2024-08-27,CUST-00284,PROD-00050,3,0.1,692.36,420.57,271.79
ORD-002794,2025-01-14,2025-01-15,CUST-00408,PROD-00191,4,0.15,1551.9,1318.36,233.54
ORD-002795,2025-07-26,2025-07-27,CUST-00323,PROD-00048,6,0.05,1536.04,1089.3,446.74
ORD-002796,2025-10-04,2025-10-10,CUST-00503,PROD-00025,4,0.15,348.81,265.6,83.21
ORD-002797,2025-06-08,2025-06-12,CUST-00240,PROD-00175,2,0.0,809.0,540.52,268.48
ORD-002798,2025-11-27,2025-11-29,CUST-00487,PROD-00155,4,0.05,1078.1,750.44,327.66
ORD-002799,2025-07-16,2025-07-17,CUST-00052,PROD-00048,3,0.0,808.44,544.65,263.79
ORD-002800,2024-09-10,2024-09-15,CUST-00424,PROD-00023,7,0.1,2937.25,2139.62,797.63
ORD-002801,2024-08-09,2024-08-15,CUST-00519,PROD-00077,2,0.0,365.32,304.14,61.18
ORD-002802,2025-05-31,2025-06-05,CUST-00275,PROD-00095,7,0.05,2207.13,1302.84,904.29
ORD-002803,2024-05-28,2024-06-03,CUST-00572,PROD-00184,1,0.0,267.99,185.07,82.92
ORD-002804,2024-03-12,2024-03-15,CUST-00098,PROD-00194,4,0.05,1667.17,1079.28,587.89
ORD-002805,2025-01-25,2025-01-29,CUST-00274,PROD-00005,7,0.1,2028.85,1938.3,90.55
ORD-002806,2025-09-22,2025-09-24,CUST-00115,PROD-00012,4,0.0,2200.36,1394.44,805.92
ORD-002807,2024-03-18,2024-03-20,CUST-00406,PROD-00049,2,0.1,889.63,793.14,96.49
ORD-002808,2025-08-30,2025-08-31,CUST-00259,PROD-00144,6,0.3,670.57,541.56,129.01
ORD-002809,2025-09-14,2025-09-16,CUST-00486,PROD-00068,3,0.3,935.36,1051.05,-115.69
ORD-002810,2024-12-23,2024-12-27,CUST-00075,PROD-00090,1,0.05,284.19,159.73,124.46
ORD-002811,2024-02-13,2024-02-17,CUST-00218,PROD-00028,2,0.15,30.48,21.92,8.56
ORD-002812,2024-05-14,2024-05-15,CUST-00313,PROD-00151,7,0.1,1025.2,973.91,51.29
ORD-002813,2025-06-12,2025-06-16,CUST-00314,PROD-00037,1,0.0,264.53,223.69,40.84
ORD-002814,2025-06-16,2025-06-20,CUST-00451,PROD-00215,4,0.0,820.64,694.56,126.08
ORD-002815,2025-11-13,2025-11-14,CUST-00446,PROD-00195,7,0.0,4506.74,2744.49,1762.25
ORD-002816,2025-03-04,2025-03-09,CUST-00246,PROD-00058,1,0.1,442.18,383.39,58.79
ORD-002817,2024-04-05,2024-04-10,CUST-00302,PROD-00153,1,0.1,455.88,376.75,79.13
ORD-002818,2024-04-03,2024-04-06,CUST-00015,PROD-00106,2,0.15,57.12,43.88,13.24
ORD-002819,2025-06-27,2025-07-03,CUST-00285,PROD-00038,5,0.0,73.35,45.05,28.3
ORD-002820,2024-05-21,2024-05-23,CUST-00556,PROD-00201,2,0.0,1089.78,705.78,384.0
ORD-002821,2024-09-27,2024-09-28,CUST-00142,PROD-00056,6,0.1,3535.76,2386.2,1149.56
ORD-002822,2024-12-25,2024-12-27,CUST-00056,PROD-00037,5,0.3,925.85,1118.45,-192.6
ORD-002823,2024-01-20,2024-01-23,CUST-00101,PROD-00211,6,0.2,2893.2,2097.06,796.14
ORD-002824,2024-07-26,2024-07-27,CUST-00002,PROD-00022,2,0.1,380.79,364.42,16.37
ORD-002825,2024-11-17,2024-11-19,CUST-00388,PROD-00014,7,0.0,2985.57,1886.15,1099.42
ORD-002826,2024-08-20,2024-08-24,CUST-00403,PROD-00001,7,0.15,240.68,149.8,90.88
ORD-002827,2024-04-14,2024-04-17,CUST-00091,PROD-00058,5,0.1,2210.9,1916.95,293.95
ORD-002828,2025-07-04,2025-07-10,CUST-00074,PROD-00049,4,0.1,1779.26,1586.28,192.98
ORD-002829,2025-09-16,2025-09-18,CUST-00144,PROD-00073,1,0.05,375.51,280.42,95.09
ORD-002830,2024-08-03,2024-08-07,CUST-00175,PROD-00015,7,0.1,2987.4,2798.39,189.01
ORD-002831,2025-08-17,2025-08-22,CUST-00225,PROD-00191,1,0.0,456.44,329.59,126.85
ORD-002832,2024-11-06,2024-11-12,CUST-00318,PROD-00196,7,0.0,2460.43,1591.94,868.49
ORD-002833,2025-01-05,2025-01-06,CUST-00414,PROD-00124,6,0.0,2023.2,1659.84,363.36
ORD-002834,2025-10-19,2025-10-23,CUST-00154,PROD-00024,1,0.0,228.98,195.84,33.14
ORD-002835,2025-07-28,2025-08-01,CUST-00573,PROD-00177,1,0.1,435.92,324.11,111.81
ORD-002836,2025-09-10,2025-09-15,CUST-00508,PROD-00149,7,0.0,2101.61,1180.76,920.85
ORD-002837,2024-04-15,2024-04-21,CUST-00131,PROD-00114,1,0.0,387.09,243.94,143.15
ORD-002838,2024-02-23,2024-02-27,CUST-00296,PROD-00127,3,0.1,222.13,202.26,19.87
ORD-002839,2025-11-10,2025-11-14,CUST-00281,PROD-00100,4,0.15,652.83,431.32,221.51
ORD-002840,2024-11-07,2024-11-09,CUST-00348,PROD-00173,5,0.1,1205.01,1105.35,99.66
ORD-002841,2024-08-27,2024-09-02,CUST-00047,PROD-00153,6,0.0,3039.18,2260.5,778.68
ORD-002842,2025-06-30,2025-07-05,CUST-00328,PROD-00087,3,0.05,590.43,384.15,206.28
ORD-002843,2025-10-04,2025-10-09,CUST-00297,PROD-00148,3,0.1,1059.99,773.76,286.23
ORD-002844,2025-10-24,2025-10-29,CUST-00461,PROD-00136,5,0.1,1019.3,761.9,257.4
ORD-002845,2024-09-17,2024-09-21,CUST-00381,PROD-00105,5,0.15,1477.85,1444.0,33.85
ORD-002846,2025-10-16,2025-10-21,CUST-00316,PROD-00054,6,0.15,1787.29,1553.7,233.59
ORD-002847,2024-02-01,2024-02-04,CUST-00355,PROD-00068,1,0.3,311.79,350.35,-38.56
ORD-002848,2024-02-08,2024-02-12,CUST-00272,PROD-00196,7,0.0,2460.43,1591.94,868.49
ORD-002849,2025-04-05,2025-04-10,CUST-00244,PROD-00009,2,0.0,277.92,163.66,114.26
ORD-002850,2024-02-18,2024-02-19,CUST-00190,PROD-00086,5,0.15,1439.18,1281.05,158.13
ORD-002851,2024-09-24,2024-09-27,CUST-00020,PROD-00164,2,0.05,432.14,263.1,169.04
ORD-002852,2025-05-13,2025-05-19,CUST-00007,PROD-00084,1,0.0,90.33,74.9,15.43
ORD-002853,2024-10-04,2024-10-05,CUST-00473,PROD-00102,2,0.0,487.04,368.9,118.14
ORD-002854,2024-05-17,2024-05-22,CUST-00430,PROD-00143,5,0.0,216.75,154.75,62.0
ORD-002855,2024-08-22,2024-08-23,CUST-00055,PROD-00215,3,0.05,584.71,520.92,63.79
ORD-002856,2024-12-11,2024-12-13,CUST-00065,PROD-00037,7,0.05,1759.12,1565.83,193.29
ORD-002857,2024-12-19,2024-12-21,CUST-00001,PROD-00148,4,0.05,1491.84,1031.68,460.16
ORD-002858,2025-08-24,2025-08-28,CUST-00129,PROD-00126,1,0.1,469.05,305.21,163.84
ORD-002859,2025-07-28,2025-08-02,CUST-00502,PROD-00149,5,0.05,1426.09,843.4,582.69
ORD-002860,2024-12-10,2024-12-16,CUST-00105,PROD-00210,4,0.0,115.8,84.04,31.76
ORD-002861,2025-10-11,2025-10-17,CUST-00281,PROD-00151,5,0.05,772.97,695.65,77.32
ORD-002862,2024-03-28,2024-04-03,CUST-00203,PROD-00100,1,0.2,153.61,107.83,45.78
ORD-002863,2024-08-02,2024-08-08,CUST-00324,PROD-00023,3,0.0,1398.69,916.98,481.71
ORD-002864,2025-09-27,2025-09-30,CUST-00187,PROD-00068,3,0.05,1269.42,1051.05,218.37
ORD-002865,2024-11-03,2024-11-09,CUST-00436,PROD-00213,6,0.1,1516.32,1366.14,150.18
ORD-002866,2025-12-22,2025-12-26,CUST-00219,PROD-00165,7,0.15,162.26,115.85,46.41
ORD-002867,2024-12-15,2024-12-17,CUST-00162,PROD-00129,1,0.0,541.06,298.75,242.31
ORD-002868,2025-08-30,2025-09-03,CUST-00036,PROD-00151,1,0.0,162.73,139.13,23.6
ORD-002869,2024-11-14,2024-11-18,CUST-00231,PROD-00027,2,0.0,889.02,576.94,312.08
ORD-002870,2024-11-25,2024-11-29,CUST-00587,PROD-00092,6,0.1,717.93,494.16,223.77
ORD-002871,2024-11-05,2024-11-11,CUST-00400,PROD-00164,2,0.0,454.88,263.1,191.78
ORD-002872,2025-06-24,2025-06-27,CUST-00029,PROD-00220,2,0.0,132.48,110.28,22.2
ORD-002873,2025-02-05,2025-02-09,CUST-00399,PROD-00183,1,0.0,333.87,219.17,114.7
ORD-002874,2025-12-05,2025-12-11,CUST-00100,PROD-00148,1,0.2,314.07,257.92,56.15
ORD-002875,2024-07-28,2024-07-31,CUST-00018,PROD-00215,6,0.15,1046.32,1041.84,4.48
ORD-002876,2024-03-18,2024-03-21,CUST-00380,PROD-00114,4,0.05,1470.94,975.76,495.18
ORD-002877,2024-11-10,2024-11-15,CUST-00469,PROD-00093,4,0.05,733.36,410.2,323.16
ORD-002878,2025-03-31,2025-04-06,CUST-00536,PROD-00109,4,0.1,70.7,64.84,5.86
ORD-002879,2025-10-22,2025-10-25,CUST-00181,PROD-00064,4,0.0,1508.88,986.12,522.76
ORD-002880,2024-10-11,2024-10-15,CUST-00132,PROD-00072,1,0.2,366.28,328.94,37.34
ORD-002881,2025-04-28,2025-05-01,CUST-00052,PROD-00034,6,0.0,606.18,337.8,268.38
ORD-002882,2024-10-14,2024-10-19,CUST-00280,PROD-00044,2,0.05,1013.59,593.7,419.89
ORD-002883,2025-03-31,2025-04-05,CUST-00359,PROD-00134,6,0.0,3281.64,2301.36,980.28
ORD-002884,2025-11-06,2025-11-11,CUST-00461,PROD-00001,4,0.0,161.8,85.6,76.2
ORD-002885,2024-07-07,2024-07-12,CUST-00468,PROD-00198,4,0.0,2430.56,1377.64,1052.92
ORD-002886,2024-11-15,2024-11-19,CUST-00309,PROD-00100,1,0.15,163.21,107.83,55.38
ORD-002887,2025-12-28,2025-12-31,CUST-00268,PROD-00032,3,0.1,774.74,707.19,67.55
ORD-002888,2025-10-28,2025-10-31,CUST-00177,PROD-00104,4,0.1,775.94,727.04,48.9
ORD-002889,2025-02-19,2025-02-20,CUST-00597,PROD-00035,5,0.0,1758.8,1429.75,329.05
ORD-002890,2025-01-13,2025-01-15,CUST-00399,PROD-00085,5,0.0,397.35,238.05,159.3
ORD-002891,2024-08-24,2024-08-25,CUST-00444,PROD-00215,7,0.0,1436.12,1215.48,220.64
ORD-002892,2025-01-13,2025-01-15,CUST-00581,PROD-00218,7,0.05,4344.38,2697.94,1646.44
ORD-002893,2025-10-13,2025-10-16,CUST-00395,PROD-00184,2,0.0,535.98,370.14,165.84
ORD-002894,2025-05-22,2025-05-27,CUST-00356,PROD-00145,1,0.1,82.68,65.8,16.88
ORD-002895,2024-08-28,2024-08-29,CUST-00543,PROD-00109,3,0.0,58.92,48.63,10.29
ORD-002896,2024-06-04,2024-06-05,CUST-00267,PROD-00129,4,0.0,2164.24,1195.0,969.24
ORD-002897,2024-08-09,2024-08-14,CUST-00020,PROD-00071,5,0.15,2596.92,1741.4,855.52
ORD-002898,2024-05-10,2024-05-11,CUST-00429,PROD-00064,7,0.0,2640.54,1725.71,914.83
ORD-002899,2024-03-14,2024-03-17,CUST-00531,PROD-00106,2,0.2,53.76,43.88,9.88
ORD-002900,2024-11-22,2024-11-25,CUST-00089,PROD-00060,3,0.0,713.46,432.75,280.71
ORD-002901,2024-03-27,2024-04-01,CUST-00573,PROD-00171,7,0.15,423.76,299.81,123.95
ORD-002902,2024-05-11,2024-05-17,CUST-00201,PROD-00005,3,0.05,917.81,830.7,87.11
ORD-002903,2025-02-05,2025-02-07,CUST-00188,PROD-00069,7,0.0,4969.58,2778.51,2191.07
ORD-002904,2024-05-06,2024-05-12,CUST-00366,PROD-00157,4,0.0,2027.36,1175.88,851.48
ORD-002905,2024-02-19,2024-02-20,CUST-00518,PROD-00022,1,0.05,200.97,182.21,18.76
ORD-002906,2024-09-18,2024-09-24,CUST-00205,PROD-00070,1,0.2,75.63,53.62,22.01
ORD-002907,2024-06-25,2024-06-27,CUST-00400,PROD-00193,2,0.2,403.41,266.62,136.79
ORD-002908,2025-01-12,2025-01-16,CUST-00421,PROD-00049,6,0.0,2965.44,2379.42,586.02
ORD-002909,2024-03-19,2024-03-24,CUST-00436,PROD-00023,2,0.1,839.21,611.32,227.89
ORD-002910,2025-07-30,2025-07-31,CUST-00284,PROD-00020,1,0.2,177.5,136.73,40.77
ORD-002911,2025-11-17,2025-11-19,CUST-00216,PROD-00097,3,0.1,752.35,583.8,168.55
ORD-002912,2025-07-21,2025-07-27,CUST-00403,PROD-00106,5,0.0,168.0,109.7,58.3
ORD-002913,2025-01-25,2025-01-29,CUST-00142,PROD-00201,5,0.0,2724.45,1764.45,960.0
ORD-002914,2025-10-22,2025-10-28,CUST-00487,PROD-00110,7,0.05,2764.54,2203.11,561.43
ORD-002915,2025-05-30,2025-06-04,CUST-00155,PROD-00101,4,0.1,2000.92,1256.88,744.04
ORD-002916,2024-01-09,2024-01-12,CUST-00465,PROD-00163,7,0.2,333.65,227.92,105.73
ORD-002917,2024-11-10,2024-11-16,CUST-00351,PROD-00167,4,0.0,747.04,439.92,307.12
ORD-002918,2025-10-15,2025-10-21,CUST-00442,PROD-00182,2,0.05,520.87,449.18,71.69
ORD-002919,2024-10-10,2024-10-15,CUST-00211,PROD-00062,7,0.0,5128.62,2779.35,2349.27
ORD-002920,2024-01-28,2024-01-31,CUST-00404,PROD-00066,5,0.05,1053.46,786.6,266.86
ORD-002921,2025-07-24,2025-07-28,CUST-00228,PROD-00220,4,0.05,251.71,220.56,31.15
ORD-002922,2025-09-07,2025-09-11,CUST-00139,PROD-00119,1,0.0,656.53,397.03,259.5
ORD-002923,2024-05-03,2024-05-05,CUST-00480,PROD-00111,1,0.1,98.99,88.63,10.36
ORD-002924,2025-01-29,2025-01-30,CUST-00279,PROD-00107,1,0.3,175.79,145.08,30.71
ORD-002925,2024-05-27,2024-05-30,CUST-00135,PROD-00038,7,0.1,92.42,63.07,29.35
ORD-002926,2025-06-24,2025-06-28,CUST-00206,PROD-00062,1,0.05,696.03,397.05,298.98
ORD-002927,2024-08-14,2024-08-16,CUST-00225,PROD-00105,4,0.0,1390.92,1155.2,235.72
ORD-002928,2024-09-18,2024-09-19,CUST-00261,PROD-00059,5,0.1,490.68,374.15,116.53
ORD-002929,2025-10-10,2025-10-11,CUST-00070,PROD-00186,7,0.0,3533.04,2231.6,1301.44
ORD-002930,2024-12-20,2024-12-24,CUST-00531,PROD-00119,2,0.0,1313.06,794.06,519.0
ORD-002931,2025-05-10,2025-05-12,CUST-00524,PROD-00122,4,0.0,161.84,116.44,45.4
ORD-002932,2024-11-14,2024-11-17,CUST-00257,PROD-00186,4,0.15,1716.05,1275.2,440.85
ORD-002933,2024-09-04,2024-09-06,CUST-00380,PROD-00187,7,0.1,1888.24,1142.54,745.7
ORD-002934,2025-04-06,2025-04-07,CUST-00157,PROD-00089,2,0.2,362.83,293.72,69.11
ORD-002935,2024-04-28,2024-05-02,CUST-00557,PROD-00198,6,0.05,3463.55,2066.46,1397.09
ORD-002936,2024-10-31,2024-11-05,CUST-00386,PROD-00210,3,0.05,82.51,63.03,19.48
ORD-002937,2024-06-13,2024-06-17,CUST-00052,PROD-00176,6,0.2,1981.15,1810.32,170.83
ORD-002938,2025-05-30,2025-06-02,CUST-00494,PROD-00094,7,0.2,197.68,172.97,24.71
ORD-002939,2025-12-05,2025-12-10,CUST-00498,PROD-00125,4,0.05,1395.74,825.16,570.58
ORD-002940,2025-12-29,2025-12-31,CUST-00590,PROD-00079,3,0.1,663.36,532.62,130.74
ORD-002941,2024-12-07,2024-12-08,CUST-00116,PROD-00055,4,0.05,1148.44,867.68,280.76
ORD-002942,2024-07-30,2024-08-02,CUST-00254,PROD-00217,5,0.1,2500.25,1659.05,841.2
ORD-002943,2024-12-04,2024-12-05,CUST-00225,PROD-00213,7,0.3,1375.92,1593.83,-217.91
ORD-002944,2025-10-12,2025-10-14,CUST-00342,PROD-00070,7,0.05,628.69,375.34,253.35
ORD-002945,2024-06-09,2024-06-13,CUST-00592,PROD-00013,3,0.1,1588.11,959.52,628.59
ORD-002946,2025-12-09,2025-12-12,CUST-00324,PROD-00084,6,0.15,460.68,449.4,11.28
ORD-002947,2024-10-07,2024-10-08,CUST-00575,PROD-00175,3,0.0,1213.5,810.78,402.72
ORD-002948,2025-12-25,2025-12-27,CUST-00491,PROD-00067,1,0.05,175.73,127.77,47.96
ORD-002949,2025-10-05,2025-10-09,CUST-00224,PROD-00101,4,0.3,1556.27,1256.88,299.39
ORD-002950,2025-09-12,2025-09-13,CUST-00096,PROD-00162,3,0.3,301.01,339.33,-38.32
ORD-002951,2024-09-19,2024-09-25,CUST-00258,PROD-00218,6,0.3,2743.82,2312.52,431.3
ORD-002952,2024-01-07,2024-01-12,CUST-00328,PROD-00110,6,0.3,1746.02,1888.38,-142.36
ORD-002953,2024-11-05,2024-11-10,CUST-00137,PROD-00142,3,0.0,854.52,732.12,122.4
ORD-002954,2024-09-06,2024-09-08,CUST-00463,PROD-00100,3,0.05,547.23,323.49,223.74
ORD-002955,2024-01-29,2024-02-04,CUST-00246,PROD-00110,1,0.0,415.72,314.73,100.99
ORD-002956,2025-01-04,2025-01-06,CUST-00067,PROD-00050,3,0.0,769.29,420.57,348.72
ORD-002957,2024-11-15,2024-11-18,CUST-00155,PROD-00215,2,0.2,328.26,347.28,-19.02
ORD-002958,2025-04-13,2025-04-14,CUST-00274,PROD-00155,3,0.05,808.57,562.83,245.74
ORD-002959,2025-04-03,2025-04-05,CUST-00569,PROD-00130,6,0.1,1562.98,992.34,570.64
ORD-002960,2024-04-02,2024-04-07,CUST-00452,PROD-00088,5,0.1,483.84,296.2,187.64
ORD-002961,2025-12-20,2025-12-25,CUST-00389,PROD-00024,3,0.0,686.94,587.52,99.42
ORD-002962,2024-05-23,2024-05-29,CUST-00109,PROD-00135,2,0.1,914.4,676.1,238.3
ORD-002963,2024-12-05,2024-12-07,CUST-00508,PROD-00117,4,0.05,775.54,641.4,134.14
ORD-002964,2024-12-25,2024-12-30,CUST-00027,PROD-00211,5,0.05,2863.06,1747.55,1115.51
ORD-002965,2025-09-16,2025-09-22,CUST-00224,PROD-00207,5,0.05,1667.2,1376.05,291.15
ORD-002966,2024-03-17,2024-03-20,CUST-00467,PROD-00145,2,0.0,183.74,131.6,52.14
ORD-002967,2024-11-27,2024-11-28,CUST-00458,PROD-00128,5,0.2,1556.36,1531.8,24.56
ORD-002968,2025-04-09,2025-04-10,CUST-00180,PROD-00061,2,0.05,372.1,315.9,56.2
ORD-002969,2024-06-19,2024-06-24,CUST-00577,PROD-00154,5,0.2,932.2,778.75,153.45
ORD-002970,2025-04-08,2025-04-13,CUST-00298,PROD-00160,2,0.05,57.28,44.44,12.84
ORD-002971,2025-11-25,2025-11-27,CUST-00152,PROD-00013,3,0.0,1764.57,959.52,805.05
ORD-002972,2025-12-30,2026-01-03,CUST-00169,PROD-00121,3,0.05,1909.39,1174.59,734.8
ORD-002973,2024-01-25,2024-01-30,CUST-00473,PROD-00158,7,0.0,603.47,416.43,187.04
ORD-002974,2024-07-12,2024-07-17,CUST-00024,PROD-00026,2,0.0,849.08,492.6,356.48
ORD-002975,2024-09-13,2024-09-19,CUST-00540,PROD-00135,5,0.1,2286.0,1690.25,595.75
ORD-002976,2024-11-13,2024-11-17,CUST-00421,PROD-00016,4,0.15,2316.25,1589.56,726.69
ORD-002977,2024-07-19,2024-07-20,CUST-00243,PROD-00151,6,0.05,927.56,834.78,92.78
ORD-002978,2024-06-06,2024-06-08,CUST-00425,PROD-00080,7,0.1,1317.02,818.16,498.86
ORD-002979,2025-12-10,2025-12-14,CUST-00293,PROD-00205,4,0.1,2079.65,1296.12,783.53
ORD-002980,2025-11-22,2025-11-27,CUST-00477,PROD-00025,7,0.15,610.41,464.8,145.61
ORD-002981,2024-02-06,2024-02-09,CUST-00358,PROD-00020,5,0.0,1109.35,683.65,425.7
ORD-002982,2024-10-05,2024-10-10,CUST-00439,PROD-00206,7,0.2,533.62,402.5,131.12
ORD-002983,2024-11-16,2024-11-20,CUST-00143,PROD-00100,1,0.2,153.61,107.83,45.78
ORD-002984,2024-07-15,2024-07-17,CUST-00513,PROD-00208,5,0.15,1942.0,1680.6,261.4
ORD-002985,2025-04-09,2025-04-15,CUST-00058,PROD-00126,1,0.15,442.99,305.21,137.78
ORD-002986,2025-04-18,2025-04-21,CUST-00461,PROD-00052,4,0.15,726.75,607.4,119.35
ORD-002987,2025-10-14,2025-10-15,CUST-00269,PROD-00096,1,0.2,83.25,57.86,25.39
ORD-002988,2025-07-18,2025-07-23,CUST-00133,PROD-00160,1,0.1,27.14,22.22,4.92
ORD-002989,2025-02-02,2025-02-03,CUST-00357,PROD-00087,4,0.0,828.68,512.2,316.48
ORD-002990,2025-04-28,2025-05-03,CUST-00063,PROD-00044,7,0.3,2614.0,2077.95,536.05
ORD-002991,2024-08-16,2024-08-17,CUST-00030,PROD-00154,1,0.1,209.74,155.75,53.99
ORD-002992,2025-03-12,2025-03-17,CUST-00433,PROD-00052,7,0.0,1496.25,1062.95,433.3
ORD-002993,2024-12-26,2025-01-01,CUST-00107,PROD-00109,2,0.2,31.42,32.42,-1.0
ORD-002994,2024-04-12,2024-04-13,CUST-00077,PROD-00217,1,0.0,555.61,331.81,223.8
ORD-002995,2024-07-19,2024-07-22,CUST-00268,PROD-00088,5,0.1,483.84,296.2,187.64
ORD-002996,2024-08-30,2024-09-02,CUST-00161,PROD-00058,6,0.15,2505.68,2300.34,205.34
ORD-002997,2025-11-25,2025-11-27,CUST-00510,PROD-00174,4,0.1,795.71,704.08,91.63
ORD-002998,2024-07-06,2024-07-09,CUST-00589,PROD-00030,4,0.0,715.24,583.36,131.88
ORD-002999,2024-08-28,2024-08-31,CUST-00267,PROD-00026,3,0.0,1273.62,738.9,534.72
ORD-003000,2024-10-28,2024-11-03,CUST-00530,PROD-00113,5,0.3,584.74,671.55,-86.81
ORD-003001,2025-05-06,2025-05-09,CUST-00579,PROD-00070,4,0.05,359.25,214.48,144.77
ORD-003002,2024-03-31,2024-04-01,CUST-00410,PROD-00065,1,0.1,27.49,22.17,5.32
ORD-003003,2025-12-09,2025-12-13,CUST-00189,PROD-00021,1,0.3,171.72,157.12,14.6
ORD-003004,2025-10-26,2025-10-28,CUST-00173,PROD-00150,5,0.0,2477.55,1902.6,574.95
ORD-003005,2025-02-28,2025-03-03,CUST-00191,PROD-00158,7,0.0,603.47,416.43,187.04
ORD-003006,2025-05-14,2025-05-19,CUST-00508,PROD-00193,4,0.1,907.67,533.24,374.43
ORD-003007,2024-01-13,2024-01-19,CUST-00075,PROD-00183,5,0.15,1418.95,1095.85,323.1
ORD-003008,2024-10-05,2024-10-06,CUST-00409,PROD-00207,5,0.05,1667.2,1376.05,291.15
ORD-003009,2025-09-02,2025-09-06,CUST-00525,PROD-00038,5,0.3,51.34,45.05,6.29
ORD-003010,2024-02-29,2024-03-05,CUST-00273,PROD-00123,2,0.0,887.88,750.92,136.96
ORD-003011,2024-08-23,2024-08-27,CUST-00091,PROD-00220,1,0.15,56.3,55.14,1.16
ORD-003012,2025-03-06,2025-03-08,CUST-00569,PROD-00107,2,0.0,502.26,290.16,212.1
ORD-003013,2024-08-03,2024-08-04,CUST-00085,PROD-00080,1,0.2,167.24,116.88,50.36
ORD-003014,2025-11-30,2025-12-06,CUST-00377,PROD-00085,1,0.1,71.52,47.61,23.91
ORD-003015,2024-04-10,2024-04-16,CUST-00406,PROD-00082,5,0.3,1038.2,1146.3,-108.1
ORD-003016,2025-09-04,2025-09-05,CUST-00330,PROD-00009,2,0.3,194.54,163.66,30.88
ORD-003017,2025-01-06,2025-01-07,CUST-00438,PROD-00016,7,0.05,4530.31,2781.73,1748.58
ORD-003018,2025-07-29,2025-08-03,CUST-00509,PROD-00086,1,0.0,338.63,256.21,82.42
ORD-003019,2024-09-13,2024-09-16,CUST-00253,PROD-00018,7,0.0,3314.92,1887.9,1427.02
ORD-003020,2025-01-11,2025-01-16,CUST-00152,PROD-00189,4,0.0,2517.6,1376.04,1141.56
ORD-003021,2025-10-19,2025-10-20,CUST-00097,PROD-00053,3,0.05,723.64,634.41,89.23
ORD-003022,2024-12-15,2024-12-21,CUST-00075,PROD-00151,3,0.2,390.55,417.39,-26.84
ORD-003023,2024-10-21,2024-10-25,CUST-00170,PROD-00146,7,0.1,1158.19,1075.2,82.99
ORD-003024,2025-01-28,2025-02-02,CUST-00257,PROD-00126,7,0.15,3100.96,2136.47,964.49
ORD-003025,2025-06-22,2025-06-25,CUST-00342,PROD-00048,4,0.15,916.23,726.2,190.03
ORD-003026,2024-12-04,2024-12-10,CUST-00321,PROD-00026,2,0.3,594.36,492.6,101.76
ORD-003027,2025-12-02,2025-12-05,CUST-00582,PROD-00208,1,0.05,434.09,336.12,97.97
ORD-003028,2024-09-01,2024-09-04,CUST-00389,PROD-00085,7,0.0,556.29,333.27,223.02
ORD-003029,2024-12-19,2024-12-20,CUST-00596,PROD-00180,2,0.05,643.85,533.14,110.71
ORD-003030,2025-08-04,2025-08-07,CUST-00114,PROD-00006,7,0.1,3271.09,2437.54,833.55
ORD-003031,2025-05-25,2025-05-29,CUST-00310,PROD-00127,5,0.15,349.65,337.1,12.55
ORD-003032,2025-10-24,2025-10-28,CUST-00115,PROD-00141,3,0.0,1095.12,683.34,411.78
ORD-003033,2025-12-30,2026-01-04,CUST-00585,PROD-00072,5,0.1,2060.33,1644.7,415.63
ORD-003034,2024-11-26,2024-12-02,CUST-00009,PROD-00141,2,0.15,620.57,455.56,165.01
ORD-003035,2024-03-26,2024-03-28,CUST-00415,PROD-00099,2,0.05,939.32,532.42,406.9
ORD-003036,2024-01-24,2024-01-25,CUST-00382,PROD-00095,4,0.0,1327.6,744.48,583.12
ORD-003037,2025-07-03,2025-07-05,CUST-00306,PROD-00148,1,0.2,314.07,257.92,56.15
ORD-003038,2025-11-01,2025-11-02,CUST-00033,PROD-00220,5,0.0,331.2,275.7,55.5
ORD-003039,2024-06-25,2024-06-30,CUST-00180,PROD-00099,6,0.0,2966.28,1597.26,1369.02
ORD-003040,2024-05-01,2024-05-05,CUST-00573,PROD-00208,2,0.1,822.49,672.24,150.25
ORD-003041,2024-02-17,2024-02-20,CUST-00570,PROD-00215,4,0.05,779.61,694.56,85.05
ORD-003042,2025-09-23,2025-09-26,CUST-00303,PROD-00046,7,0.1,899.39,692.44,206.95
ORD-003043,2024-09-14,2024-09-15,CUST-00075,PROD-00040,7,0.1,1722.11,1045.94,676.17
ORD-003044,2024-11-14,2024-11-17,CUST-00552,PROD-00204,1,0.15,361.53,263.25,98.28
ORD-003045,2025-01-02,2025-01-04,CUST-00476,PROD-00116,6,0.0,823.62,576.3,247.32
ORD-003046,2025-10-06,2025-10-08,CUST-00245,PROD-00021,7,0.0,1717.24,1099.84,617.4
ORD-003047,2025-04-26,2025-04-28,CUST-00237,PROD-00053,4,0.3,710.95,845.88,-134.93
ORD-003048,2025-03-29,2025-04-02,CUST-00233,PROD-00215,1,0.15,174.39,173.64,0.75
ORD-003049,2024-05-14,2024-05-15,CUST-00394,PROD-00214,3,0.1,530.44,472.77,57.67
ORD-003050,2025-01-10,2025-01-16,CUST-00285,PROD-00165,6,0.05,155.44,99.3,56.14
ORD-003051,2025-06-20,2025-06-24,CUST-00584,PROD-00059,1,0.1,98.14,74.83,23.31
ORD-003052,2025-12-19,2025-12-23,CUST-00412,PROD-00046,6,0.0,856.56,593.52,263.04
ORD-003053,2024-06-04,2024-06-08,CUST-00550,PROD-00117,6,0.0,1224.54,962.1,262.44
ORD-003054,2024-01-08,2024-01-09,CUST-00351,PROD-00063,7,0.0,2315.88,1898.75,417.13
ORD-003055,2024-02-27,2024-02-28,CUST-00107,PROD-00142,2,0.15,484.23,488.08,-3.85
ORD-003056,2024-11-02,2024-11-03,CUST-00528,PROD-00064,5,0.1,1697.49,1232.65,464.84
ORD-003057,2025-09-21,2025-09-23,CUST-00402,PROD-00219,2,0.05,405.82,236.72,169.1
ORD-003058,2024-01-06,2024-01-09,CUST-00186,PROD-00125,1,0.15,312.2,206.29,105.91
ORD-003059,2024-12-10,2024-12-14,CUST-00136,PROD-00158,2,0.15,146.56,118.98,27.58
ORD-003060,2024-09-28,2024-09-30,CUST-00459,PROD-00167,2,0.1,336.17,219.96,116.21
ORD-003061,2024-02-10,2024-02-16,CUST-00512,PROD-00087,1,0.1,186.45,128.05,58.4
ORD-003062,2024-12-07,2024-12-13,CUST-00353,PROD-00005,6,0.15,1642.4,1661.4,-19.0
ORD-003063,2024-08-01,2024-08-03,CUST-00475,PROD-00218,6,0.05,3723.75,2312.52,1411.23
ORD-003064,2024-10-15,2024-10-19,CUST-00493,PROD-00215,4,0.1,738.58,694.56,44.02
ORD-003065,2025-06-10,2025-06-16,CUST-00253,PROD-00118,3,0.1,194.97,166.89,28.08
ORD-003066,2025-01-17,2025-01-18,CUST-00342,PROD-00041,7,0.15,1041.31,705.95,335.36
ORD-003067,2024-04-05,2024-04-09,CUST-00509,PROD-00169,4,0.05,1355.65,759.44,596.21
ORD-003068,2025-12-13,2025-12-15,CUST-00320,PROD-00117,3,0.3,428.59,481.05,-52.46
ORD-003069,2025-04-14,2025-04-17,CUST-00200,PROD-00025,6,0.15,523.21,398.4,124.81
ORD-003070,2025-08-10,2025-08-14,CUST-00003,PROD-00130,5,0.1,1302.48,826.95,475.53
ORD-003071,2024-03-01,2024-03-05,CUST-00204,PROD-00038,5,0.2,58.68,45.05,13.63
ORD-003072,2024-02-06,2024-02-11,CUST-00174,PROD-00099,1,0.1,444.94,266.21,178.73
ORD-003073,2024-01-15,2024-01-18,CUST-00582,PROD-00084,6,0.0,541.98,449.4,92.58
ORD-003074,2024-05-24,2024-05-29,CUST-00205,PROD-00011,4,0.05,683.85,618.88,64.97
ORD-003075,2024-11-20,2024-11-25,CUST-00421,PROD-00060,5,0.2,951.28,721.25,230.03
ORD-003076,2025-12-01,2025-12-04,CUST-00335,PROD-00071,3,0.05,1741.46,1044.84,696.62
ORD-003077,2024-12-11,2024-12-16,CUST-00272,PROD-00045,2,0.0,215.8,155.9,59.9
ORD-003078,2024-08-29,2024-08-31,CUST-00125,PROD-00103,1,0.1,240.02,211.22,28.8
ORD-003079,2025-02-17,2025-02-23,CUST-00547,PROD-00126,3,0.0,1563.51,915.63,647.88
ORD-003080,2024-03-26,2024-03-28,CUST-00309,PROD-00058,4,0.3,1375.67,1533.56,-157.89
ORD-003081,2025-03-25,2025-03-28,CUST-00163,PROD-00111,1,0.2,87.99,88.63,-0.64
ORD-003082,2025-02-22,2025-02-23,CUST-00026,PROD-00157,4,0.05,1925.99,1175.88,750.11
ORD-003083,2025-08-30,2025-09-03,CUST-00380,PROD-00005,7,0.1,2028.85,1938.3,90.55
ORD-003084,2025-12-25,2025-12-27,CUST-00077,PROD-00209,5,0.3,1595.82,1738.1,-142.28
ORD-003085,2024-07-28,2024-07-30,CUST-00548,PROD-00025,2,0.1,184.66,132.8,51.86
ORD-003086,2025-01-07,2025-01-10,CUST-00222,PROD-00037,3,0.05,753.91,671.07,82.84
ORD-003087,2025-11-18,2025-11-22,CUST-00433,PROD-00218,7,0.0,4573.03,2697.94,1875.09
ORD-003088,2025-08-25,2025-08-31,CUST-00147,PROD-00088,5,0.0,537.6,296.2,241.4
ORD-003089,2024-12-25,2024-12-30,CUST-00464,PROD-00096,6,0.0,624.36,347.16,277.2
ORD-003090,2025-12-05,2025-12-08,CUST-00005,PROD-00037,4,0.1,952.31,894.76,57.55
ORD-003091,2024-02-13,2024-02-17,CUST-00099,PROD-00168,1,0.05,104.32,64.83,39.49
ORD-003092,2025-11-28,2025-12-01,CUST-00224,PROD-00011,7,0.2,1007.78,1083.04,-75.26
ORD-003093,2024-02-08,2024-02-09,CUST-00231,PROD-00141,2,0.0,730.08,455.56,274.52
ORD-003094,2025-02-05,2025-02-06,CUST-00451,PROD-00007,3,0.0,661.44,426.96,234.48
ORD-003095,2025-11-09,2025-11-15,CUST-00407,PROD-00051,7,0.0,529.9,291.06,238.84
ORD-003096,2024-08-07,2024-08-13,CUST-00223,PROD-00013,2,0.3,823.47,639.68,183.79
ORD-003097,2024-12-18,2024-12-22,CUST-00385,PROD-00074,2,0.05,1122.62,747.26,375.36
ORD-003098,2024-09-24,2024-09-29,CUST-00339,PROD-00192,3,0.0,221.34,122.16,99.18
ORD-003099,2025-12-09,2025-12-12,CUST-00208,PROD-00212,7,0.1,3718.76,2522.45,1196.31
ORD-003100,2025-09-24,2025-09-30,CUST-00341,PROD-00164,6,0.15,1159.94,789.3,370.64
ORD-003101,2025-06-13,2025-06-16,CUST-00323,PROD-00181,3,0.0,1047.63,554.67,492.96
ORD-003102,2025-03-08,2025-03-13,CUST-00246,PROD-00166,3,0.15,1303.74,1061.4,242.34
ORD-003103,2025-09-21,2025-09-25,CUST-00197,PROD-00142,3,0.05,811.79,732.12,79.67
ORD-003104,2024-11-10,2024-11-11,CUST-00104,PROD-00163,5,0.15,253.21,162.8,90.41
ORD-003105,2024-12-06,2024-12-08,CUST-00242,PROD-00024,3,0.15,583.9,587.52,-3.62
ORD-003106,2025-07-06,2025-07-08,CUST-00486,PROD-00058,1,0.15,417.61,383.39,34.22
ORD-003107,2024-10-19,2024-10-21,CUST-00063,PROD-00016,5,0.2,2725.0,1986.95,738.05
ORD-003108,2024-02-19,2024-02-20,CUST-00539,PROD-00191,7,0.2,2556.06,2307.13,248.93
ORD-003109,2024-02-27,2024-03-04,CUST-00416,PROD-00137,3,0.05,291.21,186.09,105.12
ORD-003110,2024-03-29,2024-04-02,CUST-00443,PROD-00048,6,0.05,1536.04,1089.3,446.74
ORD-003111,2025-10-29,2025-11-01,CUST-00580,PROD-00057,6,0.05,1460.28,1097.82,362.46
ORD-003112,2024-12-18,2024-12-19,CUST-00182,PROD-00187,6,0.0,1798.32,979.32,819.0
ORD-003113,2025-06-18,2025-06-23,CUST-00292,PROD-00054,1,0.05,332.93,258.95,73.98
ORD-003114,2024-11-10,2024-11-12,CUST-00022,PROD-00075,4,0.0,2240.96,1478.88,762.08
ORD-003115,2024-08-04,2024-08-06,CUST-00160,PROD-00142,2,0.0,569.68,488.08,81.6
ORD-003116,2024-10-11,2024-10-14,CUST-00377,PROD-00173,7,0.0,1874.46,1547.49,326.97
ORD-003117,2025-09-01,2025-09-05,CUST-00191,PROD-00183,3,0.05,951.53,657.51,294.02
ORD-003118,2025-04-06,2025-04-11,CUST-00125,PROD-00096,2,0.1,187.31,115.72,71.59
ORD-003119,2025-12-02,2025-12-08,CUST-00394,PROD-00205,5,0.3,2021.88,1620.15,401.73
ORD-003120,2025-05-18,2025-05-24,CUST-00386,PROD-00145,4,0.0,367.48,263.2,104.28
ORD-003121,2025-02-23,2025-02-27,CUST-00319,PROD-00005,1,0.0,322.04,276.9,45.14
ORD-003122,2025-03-26,2025-03-30,CUST-00278,PROD-00093,7,0.15,1148.29,717.85,430.44
ORD-003123,2025-12-04,2025-12-06,CUST-00167,PROD-00063,4,0.3,926.35,1085.0,-158.65
ORD-003124,2025-08-28,2025-09-01,CUST-00591,PROD-00201,7,0.1,3432.81,2470.23,962.58
ORD-003125,2024-01-19,2024-01-22,CUST-00056,PROD-00137,2,0.1,183.92,124.06,59.86
ORD-003126,2025-01-26,2025-01-31,CUST-00278,PROD-00032,7,0.05,1908.15,1650.11,258.04
ORD-003127,2025-05-25,2025-05-31,CUST-00216,PROD-00014,5,0.0,2132.55,1347.25,785.3
ORD-003128,2025-07-27,2025-07-31,CUST-00154,PROD-00182,5,0.05,1302.16,1122.95,179.21
ORD-003129,2024-06-17,2024-06-22,CUST-00074,PROD-00028,3,0.1,48.41,32.88,15.53
ORD-003130,2025-10-27,2025-10-31,CUST-00506,PROD-00010,4,0.0,1787.32,1393.24,394.08
ORD-003131,2025-12-10,2025-12-11,CUST-00232,PROD-00080,4,0.3,585.34,467.52,117.82
ORD-003132,2024-07-13,2024-07-14,CUST-00445,PROD-00065,6,0.15,155.75,133.02,22.73
ORD-003133,2025-11-05,2025-11-08,CUST-00369,PROD-00156,4,0.0,201.36,110.16,91.2
ORD-003134,2024-03-15,2024-03-18,CUST-00561,PROD-00021,4,0.0,981.28,628.48,352.8
ORD-003135,2024-02-12,2024-02-15,CUST-00016,PROD-00153,4,0.1,1823.51,1507.0,316.51
ORD-003136,2024-04-09,2024-04-13,CUST-00573,PROD-00168,5,0.05,521.6,324.15,197.45
ORD-003137,2024-02-14,2024-02-17,CUST-00181,PROD-00132,7,0.0,1792.0,1031.17,760.83
ORD-003138,2025-10-10,2025-10-15,CUST-00165,PROD-00205,3,0.1,1559.74,972.09,587.65
ORD-003139,2024-02-15,2024-02-19,CUST-00157,PROD-00177,3,0.2,1162.46,972.33,190.13
ORD-003140,2024-08-14,2024-08-15,CUST-00312,PROD-00064,7,0.05,2508.51,1725.71,782.8
ORD-003141,2024-03-20,2024-03-21,CUST-00017,PROD-00217,1,0.1,500.05,331.81,168.24
ORD-003142,2024-09-02,2024-09-07,CUST-00475,PROD-00217,4,0.1,2000.2,1327.24,672.96
ORD-003143,2024-03-10,2024-03-11,CUST-00590,PROD-00214,5,0.1,884.07,787.95,96.12
ORD-003144,2025-05-09,2025-05-10,CUST-00373,PROD-00137,3,0.05,291.21,186.09,105.12
ORD-003145,2024-04-12,2024-04-15,CUST-00402,PROD-00138,5,0.15,63.54,46.3,17.24
ORD-003146,2025-10-15,2025-10-21,CUST-00424,PROD-00118,2,0.05,137.2,111.26,25.94
ORD-003147,2025-09-19,2025-09-21,CUST-00148,PROD-00098,6,0.0,3445.98,1894.38,1551.6
ORD-003148,2024-01-11,2024-01-16,CUST-00016,PROD-00133,1,0.15,306.31,306.31,0.0
ORD-003149,2025-11-11,2025-11-14,CUST-00061,PROD-00205,7,0.0,4043.76,2268.21,1775.55
ORD-003150,2024-01-23,2024-01-24,CUST-00258,PROD-00198,5,0.0,3038.2,1722.05,1316.15
ORD-003151,2024-07-16,2024-07-19,CUST-00396,PROD-00122,3,0.05,115.31,87.33,27.98
ORD-003152,2024-01-25,2024-01-30,CUST-00088,PROD-00142,6,0.1,1538.14,1464.24,73.9
ORD-003153,2024-10-03,2024-10-07,CUST-00561,PROD-00190,5,0.1,1282.05,1212.3,69.75
ORD-003154,2025-01-11,2025-01-12,CUST-00300,PROD-00128,2,0.1,700.36,612.72,87.64
ORD-003155,2025-09-03,2025-09-04,CUST-00385,PROD-00125,4,0.05,1395.74,825.16,570.58
ORD-003156,2024-10-04,2024-10-09,CUST-00274,PROD-00038,3,0.0,44.01,27.03,16.98
ORD-003157,2025-06-09,2025-06-12,CUST-00017,PROD-00206,6,0.05,543.15,345.0,198.15
ORD-003158,2024-05-23,2024-05-29,CUST-00093,PROD-00114,2,0.1,696.76,487.88,208.88
ORD-003159,2025-07-29,2025-08-03,CUST-00162,PROD-00205,2,0.2,924.29,648.06,276.23
ORD-003160,2024-07-12,2024-07-18,CUST-00254,PROD-00184,3,0.1,723.57,555.21,168.36
ORD-003161,2024-04-20,2024-04-22,CUST-00514,PROD-00118,5,0.0,361.05,278.15,82.9
ORD-003162,2024-05-22,2024-05-23,CUST-00417,PROD-00001,7,0.0,283.15,149.8,133.35
ORD-003163,2024-05-19,2024-05-24,CUST-00582,PROD-00180,4,0.2,1084.38,1066.28,18.1
ORD-003164,2025-01-10,2025-01-12,CUST-00076,PROD-00158,5,0.05,409.5,297.45,112.05
ORD-003165,2025-10-10,2025-10-15,CUST-00284,PROD-00132,2,0.05,486.4,294.62,191.78
ORD-003166,2024-03-02,2024-03-08,CUST-00134,PROD-00102,1,0.3,170.46,184.45,-13.99
ORD-003167,2025-06-11,2025-06-15,CUST-00229,PROD-00038,4,0.1,52.81,36.04,16.77
ORD-003168,2025-04-28,2025-04-29,CUST-00119,PROD-00099,6,0.0,2966.28,1597.26,1369.02
ORD-003169,2025-10-31,2025-11-01,CUST-00159,PROD-00140,7,0.0,2179.73,1818.53,361.2
ORD-003170,2024-07-21,2024-07-23,CUST-00538,PROD-00189,2,0.05,1195.86,688.02,507.84
ORD-003171,2024-12-07,2024-12-09,CUST-00406,PROD-00181,5,0.2,1396.84,924.45,472.39
ORD-003172,2025-11-26,2025-12-01,CUST-00155,PROD-00060,3,0.0,713.46,432.75,280.71
ORD-003173,2025-05-03,2025-05-07,CUST-00280,PROD-00212,2,0.0,1180.56,720.7,459.86
ORD-003174,2024-11-08,2024-11-14,CUST-00553,PROD-00168,3,0.15,280.02,194.49,85.53
ORD-003175,2024-04-10,2024-04-11,CUST-00171,PROD-00082,2,0.05,563.6,458.52,105.08
ORD-003176,2024-08-07,2024-08-09,CUST-00385,PROD-00199,4,0.05,2197.2,1223.04,974.16
ORD-003177,2025-03-03,2025-03-08,CUST-00528,PROD-00038,3,0.0,44.01,27.03,16.98
ORD-003178,2025-06-23,2025-06-28,CUST-00467,PROD-00210,1,0.1,26.06,21.01,5.05
ORD-003179,2024-04-05,2024-04-10,CUST-00464,PROD-00168,2,0.15,186.68,129.66,57.02
ORD-003180,2025-03-17,2025-03-18,CUST-00181,PROD-00108,2,0.1,386.33,294.2,92.13
ORD-003181,2025-02-08,2025-02-12,CUST-00076,PROD-00113,6,0.0,1002.42,805.86,196.56
ORD-003182,2025-01-11,2025-01-13,CUST-00309,PROD-00132,5,0.15,1088.0,736.55,351.45
ORD-003183,2025-05-26,2025-06-01,CUST-00456,PROD-00087,4,0.15,704.38,512.2,192.18
ORD-003184,2025-10-04,2025-10-07,CUST-00463,PROD-00099,2,0.0,988.76,532.42,456.34
ORD-003185,2024-09-23,2024-09-24,CUST-00523,PROD-00010,5,0.0,2234.15,1741.55,492.6
ORD-003186,2025-11-08,2025-11-10,CUST-00162,PROD-00060,5,0.0,1189.1,721.25,467.85
ORD-003187,2024-05-03,2024-05-09,CUST-00416,PROD-00012,4,0.0,2200.36,1394.44,805.92
ORD-003188,2024-05-12,2024-05-15,CUST-00373,PROD-00122,1,0.0,40.46,29.11,11.35
ORD-003189,2024-08-11,2024-08-17,CUST-00431,PROD-00178,6,0.0,1710.42,1217.52,492.9
ORD-003190,2024-04-01,2024-04-06,CUST-00227,PROD-00100,6,0.0,1152.06,646.98,505.08
ORD-003191,2024-07-06,2024-07-11,CUST-00204,PROD-00150,4,0.05,1882.94,1522.08,360.86
ORD-003192,2024-03-22,2024-03-26,CUST-00269,PROD-00057,2,0.0,512.38,365.94,146.44
ORD-003193,2025-09-22,2025-09-25,CUST-00351,PROD-00161,3,0.3,413.83,343.8,70.03
ORD-003194,2024-04-16,2024-04-22,CUST-00569,PROD-00095,1,0.0,331.9,186.12,145.78
ORD-003195,2025-07-25,2025-07-28,CUST-00014,PROD-00027,6,0.1,2400.35,1730.82,669.53
ORD-003196,2024-02-06,2024-02-07,CUST-00218,PROD-00137,1,0.2,81.74,62.03,19.71
ORD-003197,2025-12-07,2025-12-12,CUST-00260,PROD-00218,4,0.1,2351.84,1541.68,810.16
ORD-003198,2025-06-16,2025-06-20,CUST-00443,PROD-00099,6,0.0,2966.28,1597.26,1369.02
ORD-003199,2024-01-06,2024-01-11,CUST-00093,PROD-00117,4,0.1,734.72,641.4,93.32
ORD-003200,2025-08-09,2025-08-10,CUST-00407,PROD-00085,7,0.0,556.29,333.27,223.02
ORD-003201,2025-01-11,2025-01-16,CUST-00300,PROD-00102,5,0.05,1156.72,922.25,234.47
ORD-003202,2025-08-21,2025-08-23,CUST-00563,PROD-00065,6,0.1,164.92,133.02,31.9
ORD-003203,2025-01-17,2025-01-20,CUST-00072,PROD-00120,2,0.1,306.56,218.62,87.94
ORD-003204,2025-04-18,2025-04-22,CUST-00522,PROD-00216,3,0.1,1300.75,1160.31,140.44
ORD-003205,2025-08-26,2025-08-28,CUST-00190,PROD-00148,3,0.05,1118.88,773.76,345.12
ORD-003206,2024-11-16,2024-11-21,CUST-00509,PROD-00045,2,0.05,205.01,155.9,49.11
ORD-003207,2024-01-03,2024-01-05,CUST-00542,PROD-00048,3,0.0,808.44,544.65,263.79
ORD-003208,2025-10-14,2025-10-15,CUST-00300,PROD-00174,6,0.05,1259.87,1056.12,203.75
ORD-003209,2024-11-04,2024-11-10,CUST-00007,PROD-00006,6,0.1,2803.79,2089.32,714.47
ORD-003210,2024-12-29,2025-01-03,CUST-00248,PROD-00166,4,0.0,2045.08,1415.2,629.88
ORD-003211,2024-01-06,2024-01-10,CUST-00509,PROD-00139,4,0.2,743.17,639.88,103.29
ORD-003212,2024-12-27,2024-12-29,CUST-00319,PROD-00105,6,0.05,1982.06,1732.8,249.26
ORD-003213,2025-12-25,2025-12-29,CUST-00514,PROD-00140,2,0.1,560.5,519.58,40.92
ORD-003214,2024-08-19,2024-08-23,CUST-00478,PROD-00185,7,0.0,3520.86,2702.49,818.37
ORD-003215,2024-11-11,2024-11-17,CUST-00203,PROD-00152,2,0.05,756.33,475.8,280.53
ORD-003216,2025-05-24,2025-05-28,CUST-00561,PROD-00112,7,0.0,2821.28,1822.87,998.41
ORD-003217,2025-09-17,2025-09-22,CUST-00431,PROD-00024,3,0.0,686.94,587.52,99.42
ORD-003218,2024-11-22,2024-11-27,CUST-00151,PROD-00140,1,0.0,311.39,259.79,51.6
ORD-003219,2024-09-13,2024-09-17,CUST-00407,PROD-00031,5,0.1,743.4,598.35,145.05
ORD-003220,2025-12-02,2025-12-05,CUST-00009,PROD-00150,4,0.1,1783.84,1522.08,261.76
ORD-003221,2025-05-16,2025-05-17,CUST-00412,PROD-00090,2,0.0,598.3,319.46,278.84
ORD-003222,2024-04-01,2024-04-05,CUST-00354,PROD-00015,3,0.0,1422.57,1199.31,223.26
ORD-003223,2024-02-22,2024-02-26,CUST-00508,PROD-00055,5,0.2,1208.88,1084.6,124.28
ORD-003224,2024-12-23,2024-12-27,CUST-00463,PROD-00185,6,0.1,2716.09,2316.42,399.67
ORD-003225,2024-06-25,2024-06-30,CUST-00211,PROD-00007,4,0.0,881.92,569.28,312.64
ORD-003226,2024-08-01,2024-08-03,CUST-00212,PROD-00189,3,0.0,1888.2,1032.03,856.17
ORD-003227,2025-11-03,2025-11-06,CUST-00151,PROD-00180,6,0.2,1626.58,1599.42,27.16
ORD-003228,2024-03-09,2024-03-15,CUST-00461,PROD-00169,1,0.05,338.91,189.86,149.05
ORD-003229,2025-06-20,2025-06-25,CUST-00159,PROD-00189,2,0.15,1069.98,688.02,381.96
ORD-003230,2024-08-14,2024-08-19,CUST-00246,PROD-00061,1,0.1,176.26,157.95,18.31
ORD-003231,2025-08-06,2025-08-12,CUST-00300,PROD-00133,4,0.0,1441.48,1225.24,216.24
ORD-003232,2025-06-28,2025-06-30,CUST-00436,PROD-00038,4,0.0,58.68,36.04,22.64
ORD-003233,2024-01-06,2024-01-10,CUST-00340,PROD-00205,2,0.2,924.29,648.06,276.23
ORD-003234,2025-01-07,2025-01-10,CUST-00105,PROD-00207,7,0.0,2456.93,1926.47,530.46
ORD-003235,2024-04-16,2024-04-19,CUST-00541,PROD-00197,7,0.0,905.8,631.54,274.26
ORD-003236,2025-10-26,2025-10-30,CUST-00064,PROD-00082,4,0.1,1067.87,917.04,150.83
ORD-003237,2025-10-31,2025-11-02,CUST-00029,PROD-00139,5,0.0,1161.2,799.85,361.35
ORD-003238,2024-11-22,2024-11-23,CUST-00047,PROD-00161,1,0.0,197.06,114.6,82.46
ORD-003239,2024-12-05,2024-12-08,CUST-00555,PROD-00146,2,0.1,330.91,307.2,23.71
ORD-003240,2024-09-08,2024-09-09,CUST-00200,PROD-00162,5,0.0,716.7,565.55,151.15
ORD-003241,2025-06-22,2025-06-23,CUST-00522,PROD-00040,2,0.1,492.03,298.84,193.19
ORD-003242,2024-10-20,2024-10-23,CUST-00211,PROD-00202,1,0.05,386.26,331.78,54.48
ORD-003243,2024-08-11,2024-08-12,CUST-00499,PROD-00026,6,0.1,2292.52,1477.8,814.72
ORD-003244,2024-11-29,2024-12-01,CUST-00273,PROD-00202,5,0.0,2032.95,1658.9,374.05
ORD-003245,2024-03-11,2024-03-12,CUST-00331,PROD-00011,4,0.1,647.86,618.88,28.98
ORD-003246,2025-07-24,2025-07-29,CUST-00568,PROD-00008,6,0.0,1296.24,772.26,523.98
ORD-003247,2024-01-10,2024-01-11,CUST-00566,PROD-00017,5,0.3,1883.32,1487.35,395.97
ORD-003248,2025-04-21,2025-04-22,CUST-00114,PROD-00020,3,0.0,665.61,410.19,255.42
ORD-003249,2024-05-20,2024-05-24,CUST-00133,PROD-00152,7,0.0,2786.49,1665.3,1121.19
ORD-003250,2024-07-08,2024-07-14,CUST-00092,PROD-00033,6,0.1,905.74,689.22,216.52
ORD-003251,2025-04-14,2025-04-18,CUST-00289,PROD-00027,1,0.0,444.51,288.47,156.04
ORD-003252,2025-12-28,2026-01-01,CUST-00324,PROD-00099,3,0.05,1408.98,798.63,610.35
ORD-003253,2025-08-19,2025-08-24,CUST-00332,PROD-00106,1,0.3,23.52,21.94,1.58
ORD-003254,2024-07-01,2024-07-02,CUST-00348,PROD-00124,4,0.2,1079.04,1106.56,-27.52
ORD-003255,2024-05-15,2024-05-20,CUST-00526,PROD-00131,5,0.3,1843.24,1495.0,348.24
ORD-003256,2025-10-26,2025-10-31,CUST-00553,PROD-00082,6,0.0,1779.78,1375.56,404.22
ORD-003257,2024-12-04,2024-12-09,CUST-00069,PROD-00075,5,0.0,2801.2,1848.6,952.6
ORD-003258,2024-04-15,2024-04-17,CUST-00027,PROD-00116,2,0.3,192.18,192.1,0.08
ORD-003259,2025-10-23,2025-10-26,CUST-00586,PROD-00060,2,0.0,475.64,288.5,187.14
ORD-003260,2025-09-18,2025-09-19,CUST-00011,PROD-00163,3,0.0,178.74,97.68,81.06
ORD-003261,2025-12-24,2025-12-28,CUST-00460,PROD-00189,7,0.2,3524.64,2408.07,1116.57
ORD-003262,2025-11-18,2025-11-19,CUST-00160,PROD-00208,6,0.15,2330.39,2016.72,313.67
ORD-003263,2025-10-15,2025-10-16,CUST-00241,PROD-00168,4,0.0,439.24,259.32,179.92
ORD-003264,2024-02-10,2024-02-11,CUST-00167,PROD-00057,2,0.05,486.76,365.94,120.82
ORD-003265,2024-03-21,2024-03-24,CUST-00273,PROD-00111,7,0.0,769.93,620.41,149.52
ORD-003266,2025-02-22,2025-02-23,CUST-00051,PROD-00114,6,0.05,2206.41,1463.64,742.77
ORD-003267,2025-01-24,2025-01-28,CUST-00355,PROD-00154,7,0.0,1631.35,1090.25,541.1
ORD-003268,2024-12-11,2024-12-14,CUST-00081,PROD-00072,3,0.2,1098.84,986.82,112.02
ORD-003269,2024-11-12,2024-11-14,CUST-00367,PROD-00058,6,0.05,2800.47,2300.34,500.13
ORD-003270,2024-11-28,2024-12-02,CUST-00024,PROD-00110,4,0.0,1662.88,1258.92,403.96
ORD-003271,2025-02-22,2025-02-24,CUST-00467,PROD-00003,4,0.1,344.02,314.24,29.78
ORD-003272,2024-01-02,2024-01-08,CUST-00338,PROD-00019,4,0.0,953.72,529.36,424.36
ORD-003273,2024-08-06,2024-08-10,CUST-00259,PROD-00113,3,0.0,501.21,402.93,98.28
ORD-003274,2025-01-14,2025-01-17,CUST-00039,PROD-00153,5,0.2,2026.12,1883.75,142.37
ORD-003275,2025-06-28,2025-07-02,CUST-00257,PROD-00200,6,0.1,1440.13,1128.18,311.95
ORD-003276,2024-05-13,2024-05-15,CUST-00164,PROD-00113,7,0.05,1111.02,940.17,170.85
ORD-003277,2025-02-05,2025-02-08,CUST-00364,PROD-00021,4,0.0,981.28,628.48,352.8
ORD-003278,2025-06-19,2025-06-23,CUST-00199,PROD-00184,4,0.1,964.76,740.28,224.48
ORD-003279,2024-12-05,2024-12-07,CUST-00226,PROD-00162,1,0.0,143.34,113.11,30.23
ORD-003280,2024-01-21,2024-01-26,CUST-00153,PROD-00179,7,0.0,1652.42,962.08,690.34
ORD-003281,2024-12-07,2024-12-12,CUST-00502,PROD-00154,5,0.05,1106.99,778.75,328.24
ORD-003282,2024-09-02,2024-09-03,CUST-00435,PROD-00024,7,0.1,1442.57,1370.88,71.69
ORD-003283,2025-11-28,2025-12-02,CUST-00139,PROD-00155,7,0.0,1985.97,1313.27,672.7
ORD-003284,2024-04-05,2024-04-07,CUST-00348,PROD-00166,7,0.3,2505.22,2476.6,28.62
ORD-003285,2025-04-27,2025-04-30,CUST-00123,PROD-00157,2,0.0,1013.68,587.94,425.74
ORD-003286,2024-02-10,2024-02-15,CUST-00006,PROD-00048,6,0.05,1536.04,1089.3,446.74
ORD-003287,2024-12-05,2024-12-09,CUST-00036,PROD-00207,6,0.0,2105.94,1651.26,454.68
ORD-003288,2025-02-10,2025-02-13,CUST-00313,PROD-00055,3,0.15,770.66,650.76,119.9
ORD-003289,2024-09-04,2024-09-09,CUST-00036,PROD-00133,7,0.0,2522.59,2144.17,378.42
ORD-003290,2024-12-10,2024-12-16,CUST-00019,PROD-00035,3,0.05,1002.52,857.85,144.67
ORD-003291,2024-05-05,2024-05-08,CUST-00518,PROD-00211,1,0.0,602.75,349.51,253.24
ORD-003292,2024-09-08,2024-09-11,CUST-00501,PROD-00170,3,0.0,279.06,239.22,39.84
ORD-003293,2025-04-03,2025-04-08,CUST-00315,PROD-00127,4,0.0,329.08,269.68,59.4
ORD-003294,2024-09-06,2024-09-08,CUST-00316,PROD-00090,4,0.2,957.28,638.92,318.36
ORD-003295,2025-11-13,2025-11-15,CUST-00150,PROD-00190,5,0.05,1353.28,1212.3,140.98
ORD-003296,2025-04-09,2025-04-11,CUST-00508,PROD-00040,7,0.1,1722.11,1045.94,676.17
ORD-003297,2024-12-02,2024-12-03,CUST-00050,PROD-00010,7,0.0,3127.81,2438.17,689.64
ORD-003298,2024-01-30,2024-02-01,CUST-00299,PROD-00083,5,0.05,2328.97,1518.35,810.62
ORD-003299,2024-12-31,2025-01-01,CUST-00142,PROD-00041,2,0.05,332.52,201.7,130.82
ORD-003300,2025-08-10,2025-08-13,CUST-00174,PROD-00162,7,0.1,903.04,791.77,111.27
ORD-003301,2024-08-10,2024-08-16,CUST-00269,PROD-00114,2,0.3,541.93,487.88,54.05
ORD-003302,2025-09-11,2025-09-14,CUST-00592,PROD-00120,2,0.0,340.62,218.62,122.0
ORD-003303,2024-07-29,2024-07-30,CUST-00547,PROD-00003,4,0.1,344.02,314.24,29.78
ORD-003304,2025-09-24,2025-09-25,CUST-00081,PROD-00111,3,0.05,313.47,265.89,47.58
ORD-003305,2024-03-06,2024-03-09,CUST-00412,PROD-00059,6,0.15,556.1,448.98,107.12
ORD-003306,2025-10-26,2025-10-31,CUST-00009,PROD-00099,2,0.0,988.76,532.42,456.34
ORD-003307,2024-12-31,2025-01-02,CUST-00574,PROD-00062,7,0.15,4359.33,2779.35,1579.98
ORD-003308,2024-09-02,2024-09-03,CUST-00087,PROD-00011,4,0.1,647.86,618.88,28.98
ORD-003309,2024-08-09,2024-08-10,CUST-00056,PROD-00110,1,0.1,374.15,314.73,59.42
ORD-003310,2024-11-29,2024-12-02,CUST-00202,PROD-00093,1,0.05,183.34,102.55,80.79
ORD-003311,2025-12-31,2026-01-01,CUST-00203,PROD-00039,2,0.15,216.77,194.82,21.95
ORD-003312,2024-06-25,2024-06-28,CUST-00312,PROD-00176,5,0.0,2063.7,1508.6,555.1
ORD-003313,2024-03-20,2024-03-22,CUST-00571,PROD-00156,2,0.1,90.61,55.08,35.53
ORD-003314,2025-03-06,2025-03-11,CUST-00435,PROD-00062,6,0.15,3736.57,2382.3,1354.27
ORD-003315,2024-12-26,2024-12-27,CUST-00190,PROD-00015,4,0.2,1517.41,1599.08,-81.67
ORD-003316,2025-01-19,2025-01-20,CUST-00048,PROD-00189,7,0.1,3965.22,2408.07,1557.15
ORD-003317,2025-05-08,2025-05-11,CUST-00501,PROD-00204,7,0.0,2977.31,1842.75,1134.56
ORD-003318,2024-08-11,2024-08-16,CUST-00530,PROD-00108,3,0.2,515.11,441.3,73.81
ORD-003319,2025-11-19,2025-11-23,CUST-00578,PROD-00080,5,0.0,1045.25,584.4,460.85
ORD-003320,2024-11-30,2024-12-06,CUST-00147,PROD-00150,7,0.0,3468.57,2663.64,804.93
ORD-003321,2024-04-09,2024-04-13,CUST-00179,PROD-00176,1,0.0,412.74,301.72,111.02
ORD-003322,2025-07-20,2025-07-21,CUST-00323,PROD-00005,4,0.0,1288.16,1107.6,180.56
ORD-003323,2025-04-20,2025-04-21,CUST-00300,PROD-00119,6,0.05,3742.22,2382.18,1360.04
ORD-003324,2024-09-17,2024-09-18,CUST-00196,PROD-00077,4,0.05,694.11,608.28,85.83
ORD-003325,2025-04-03,2025-04-07,CUST-00426,PROD-00012,1,0.15,467.58,348.61,118.97
ORD-003326,2024-06-24,2024-06-30,CUST-00028,PROD-00116,6,0.0,823.62,576.3,247.32
ORD-003327,2024-12-05,2024-12-07,CUST-00422,PROD-00080,2,0.1,376.29,233.76,142.53
ORD-003328,2025-11-13,2025-11-14,CUST-00497,PROD-00102,3,0.2,584.45,553.35,31.1
ORD-003329,2024-04-12,2024-04-17,CUST-00257,PROD-00197,4,0.15,439.96,360.88,79.08
ORD-003330,2024-11-07,2024-11-10,CUST-00504,PROD-00016,6,0.3,2861.25,2384.34,476.91
ORD-003331,2025-09-22,2025-09-25,CUST-00529,PROD-00125,3,0.1,991.71,618.87,372.84
ORD-003332,2025-12-17,2025-12-21,CUST-00351,PROD-00095,1,0.1,298.71,186.12,112.59
ORD-003333,2024-12-09,2024-12-15,CUST-00016,PROD-00042,1,0.2,451.97,341.66,110.31
ORD-003334,2025-01-05,2025-01-09,CUST-00177,PROD-00031,5,0.15,702.1,598.35,103.75
ORD-003335,2025-02-24,2025-02-28,CUST-00233,PROD-00166,6,0.0,3067.62,2122.8,944.82
ORD-003336,2025-11-29,2025-11-30,CUST-00020,PROD-00099,7,0.05,3287.63,1863.47,1424.16
ORD-003337,2025-10-20,2025-10-26,CUST-00319,PROD-00118,2,0.15,122.76,111.26,11.5
ORD-003338,2024-05-10,2024-05-15,CUST-00399,PROD-00048,4,0.2,862.34,726.2,136.14
ORD-003339,2024-12-01,2024-12-04,CUST-00195,PROD-00060,2,0.0,475.64,288.5,187.14
ORD-003340,2024-12-14,2024-12-18,CUST-00585,PROD-00119,6,0.0,3939.18,2382.18,1557.0
ORD-003341,2025-08-28,2025-08-30,CUST-00088,PROD-00105,3,0.15,886.71,866.4,20.31
ORD-003342,2025-03-20,2025-03-26,CUST-00407,PROD-00121,1,0.0,669.96,391.53,278.43
ORD-003343,2025-04-28,2025-05-04,CUST-00548,PROD-00125,7,0.05,2442.54,1444.03,998.51
ORD-003344,2025-12-31,2026-01-05,CUST-00215,PROD-00118,3,0.0,216.63,166.89,49.74
ORD-003345,2024-02-27,2024-03-01,CUST-00437,PROD-00012,2,0.1,990.16,697.22,292.94
ORD-003346,2024-06-28,2024-06-29,CUST-00579,PROD-00038,6,0.2,70.42,54.06,16.36
ORD-003347,2024-11-17,2024-11-22,CUST-00328,PROD-00079,2,0.2,393.1,355.08,38.02
ORD-003348,2024-10-12,2024-10-18,CUST-00500,PROD-00096,2,0.0,208.12,115.72,92.4
ORD-003349,2024-01-17,2024-01-23,CUST-00097,PROD-00071,1,0.05,580.49,348.28,232.21
ORD-003350,2024-03-11,2024-03-17,CUST-00357,PROD-00044,2,0.0,1066.94,593.7,473.24
ORD-003351,2025-05-19,2025-05-25,CUST-00166,PROD-00004,7,0.0,214.55,170.1,44.45
ORD-003352,2025-11-04,2025-11-07,CUST-00105,PROD-00036,2,0.15,918.03,735.52,182.51
ORD-003353,2025-01-11,2025-01-15,CUST-00598,PROD-00180,1,0.0,338.87,266.57,72.3
ORD-003354,2025-01-30,2025-02-04,CUST-00315,PROD-00030,5,0.1,804.64,729.2,75.44
ORD-003355,2024-08-02,2024-08-05,CUST-00063,PROD-00032,7,0.0,2008.58,1650.11,358.47
ORD-003356,2025-08-12,2025-08-18,CUST-00575,PROD-00080,6,0.05,1191.58,701.28,490.3
ORD-003357,2025-07-30,2025-08-05,CUST-00129,PROD-00019,5,0.0,1192.15,661.7,530.45
ORD-003358,2025-03-09,2025-03-15,CUST-00081,PROD-00103,1,0.2,213.35,211.22,2.13
ORD-003359,2024-06-17,2024-06-20,CUST-00494,PROD-00023,4,0.0,1864.92,1222.64,642.28
ORD-003360,2024-03-15,2024-03-20,CUST-00419,PROD-00012,1,0.3,385.06,348.61,36.45
ORD-003361,2024-02-19,2024-02-20,CUST-00323,PROD-00108,4,0.05,815.59,588.4,227.19
ORD-003362,2025-03-12,2025-03-15,CUST-00267,PROD-00173,6,0.05,1526.35,1326.42,199.93
ORD-003363,2025-09-25,2025-09-29,CUST-00374,PROD-00165,3,0.2,65.45,49.65,15.8
ORD-003364,2025-10-20,2025-10-21,CUST-00561,PROD-00143,5,0.15,184.24,154.75,29.49
ORD-003365,2024-12-14,2024-12-18,CUST-00200,PROD-00119,5,0.1,2954.38,1985.15,969.23
ORD-003366,2025-08-25,2025-08-30,CUST-00185,PROD-00062,3,0.05,2088.08,1191.15,896.93
ORD-003367,2025-12-06,2025-12-09,CUST-00130,PROD-00077,6,0.1,986.36,912.42,73.94
ORD-003368,2024-08-17,2024-08-22,CUST-00579,PROD-00115,1,0.15,69.78,69.4,0.38
ORD-003369,2024-11-12,2024-11-13,CUST-00537,PROD-00053,7,0.15,1510.76,1480.29,30.47
ORD-003370,2025-11-29,2025-11-30,CUST-00548,PROD-00087,3,0.05,590.43,384.15,206.28
ORD-003371,2024-10-04,2024-10-09,CUST-00177,PROD-00044,6,0.15,2720.7,1781.1,939.6
ORD-003372,2025-11-20,2025-11-25,CUST-00400,PROD-00091,2,0.1,539.8,344.16,195.64
ORD-003373,2025-12-22,2025-12-24,CUST-00131,PROD-00154,2,0.1,419.49,311.5,107.99
ORD-003374,2025-05-04,2025-05-09,CUST-00540,PROD-00125,4,0.05,1395.74,825.16,570.58
ORD-003375,2025-09-19,2025-09-23,CUST-00592,PROD-00132,4,0.0,1024.0,589.24,434.76
ORD-003376,2025-07-28,2025-07-30,CUST-00352,PROD-00013,5,0.0,2940.95,1599.2,1341.75
ORD-003377,2025-06-03,2025-06-08,CUST-00181,PROD-00051,5,0.1,340.65,207.9,132.75
ORD-003378,2024-09-10,2024-09-14,CUST-00429,PROD-00018,5,0.05,2249.41,1348.5,900.91
ORD-003379,2024-02-13,2024-02-16,CUST-00453,PROD-00037,1,0.1,238.08,223.69,14.39
ORD-003380,2024-10-08,2024-10-12,CUST-00534,PROD-00122,1,0.0,40.46,29.11,11.35
ORD-003381,2025-05-08,2025-05-13,CUST-00570,PROD-00163,5,0.2,238.32,162.8,75.52
ORD-003382,2024-03-19,2024-03-24,CUST-00575,PROD-00189,1,0.05,597.93,344.01,253.92
ORD-003383,2024-01-10,2024-01-11,CUST-00223,PROD-00099,7,0.1,3114.59,1863.47,1251.12
ORD-003384,2024-04-17,2024-04-21,CUST-00399,PROD-00005,6,0.1,1739.02,1661.4,77.62
ORD-003385,2025-06-21,2025-06-24,CUST-00551,PROD-00195,7,0.0,4506.74,2744.49,1762.25
ORD-003386,2025-12-18,2025-12-22,CUST-00094,PROD-00005,4,0.1,1159.34,1107.6,51.74
ORD-003387,2025-12-23,2025-12-24,CUST-00499,PROD-00115,5,0.2,328.36,347.0,-18.64
ORD-003388,2024-12-28,2024-12-29,CUST-00383,PROD-00116,5,0.05,652.03,480.25,171.78
ORD-003389,2025-10-29,2025-11-02,CUST-00221,PROD-00047,7,0.0,3464.51,2766.47,698.04
ORD-003390,2025-07-14,2025-07-17,CUST-00564,PROD-00110,6,0.05,2369.6,1888.38,481.22
ORD-003391,2025-01-01,2025-01-05,CUST-00127,PROD-00189,1,0.15,534.99,344.01,190.98
ORD-003392,2025-02-25,2025-02-27,CUST-00433,PROD-00217,6,0.05,3166.98,1990.86,1176.12
ORD-003393,2024-04-15,2024-04-18,CUST-00109,PROD-00007,3,0.0,661.44,426.96,234.48
ORD-003394,2025-12-02,2025-12-08,CUST-00189,PROD-00220,4,0.2,211.97,220.56,-8.59
ORD-003395,2024-10-15,2024-10-18,CUST-00394,PROD-00199,4,0.1,2081.56,1223.04,858.52
ORD-003396,2024-12-05,2024-12-11,CUST-00392,PROD-00008,5,0.05,1026.19,643.55,382.64
ORD-003397,2025-05-12,2025-05-16,CUST-00386,PROD-00216,3,0.0,1445.28,1160.31,284.97
ORD-003398,2024-10-01,2024-10-07,CUST-00183,PROD-00026,6,0.0,2547.24,1477.8,1069.44
ORD-003399,2024-08-01,2024-08-07,CUST-00538,PROD-00014,2,0.0,853.02,538.9,314.12
ORD-003400,2025-04-11,2025-04-16,CUST-00507,PROD-00206,6,0.1,514.57,345.0,169.57
ORD-003401,2024-01-20,2024-01-22,CUST-00173,PROD-00102,6,0.1,1315.01,1106.7,208.31
ORD-003402,2025-06-26,2025-07-01,CUST-00251,PROD-00061,3,0.1,528.77,473.85,54.92
ORD-003403,2025-01-11,2025-01-15,CUST-00113,PROD-00194,2,0.1,789.71,539.64,250.07
ORD-003404,2025-03-22,2025-03-27,CUST-00465,PROD-00179,3,0.05,672.77,412.32,260.45
ORD-003405,2025-04-11,2025-04-12,CUST-00163,PROD-00100,3,0.0,576.03,323.49,252.54
ORD-003406,2025-01-21,2025-01-26,CUST-00562,PROD-00053,6,0.3,1066.42,1268.82,-202.4
ORD-003407,2025-03-04,2025-03-05,CUST-00261,PROD-00195,2,0.3,901.35,784.14,117.21
ORD-003408,2025-05-21,2025-05-25,CUST-00489,PROD-00200,4,0.05,1013.42,752.12,261.3
ORD-003409,2025-08-01,2025-08-06,CUST-00446,PROD-00080,1,0.15,177.69,116.88,60.81
ORD-003410,2025-07-03,2025-07-07,CUST-00442,PROD-00163,6,0.0,357.48,195.36,162.12
ORD-003411,2025-10-29,2025-11-01,CUST-00223,PROD-00174,7,0.1,1392.49,1232.14,160.35
ORD-003412,2024-05-25,2024-05-27,CUST-00076,PROD-00109,7,0.0,137.48,113.47,24.01
ORD-003413,2024-11-14,2024-11-19,CUST-00532,PROD-00119,7,0.05,4365.92,2779.21,1586.71
ORD-003414,2025-12-06,2025-12-09,CUST-00255,PROD-00008,7,0.15,1285.44,900.97,384.47
ORD-003415,2024-11-12,2024-11-15,CUST-00035,PROD-00038,2,0.1,26.41,18.02,8.39
ORD-003416,2024-04-05,2024-04-07,CUST-00068,PROD-00131,5,0.05,2501.54,1495.0,1006.54
ORD-003417,2025-01-20,2025-01-25,CUST-00043,PROD-00107,5,0.0,1255.65,725.4,530.25
ORD-003418,2024-03-25,2024-03-26,CUST-00564,PROD-00115,3,0.1,221.64,208.2,13.44
ORD-003419,2024-06-06,2024-06-09,CUST-00219,PROD-00110,6,0.3,1746.02,1888.38,-142.36
ORD-003420,2025-12-31,2026-01-03,CUST-00344,PROD-00052,7,0.0,1496.25,1062.95,433.3
ORD-003421,2025-02-01,2025-02-03,CUST-00021,PROD-00129,4,0.15,1839.6,1195.0,644.6
ORD-003422,2024-08-24,2024-08-26,CUST-00082,PROD-00190,1,0.05,270.65,242.46,28.19
ORD-003423,2025-12-29,2026-01-04,CUST-00594,PROD-00031,5,0.0,826.0,598.35,227.65
ORD-003424,2025-12-15,2025-12-18,CUST-00553,PROD-00203,7,0.0,4330.62,2540.3,1790.32
ORD-003425,2024-12-03,2024-12-05,CUST-00513,PROD-00216,1,0.0,481.76,386.77,94.99
ORD-003426,2024-08-06,2024-08-09,CUST-00449,PROD-00076,4,0.15,839.8,529.88,309.92
ORD-003427,2025-10-05,2025-10-09,CUST-00094,PROD-00168,4,0.15,373.35,259.32,114.03
ORD-003428,2025-06-21,2025-06-27,CUST-00091,PROD-00044,3,0.0,1600.41,890.55,709.86
ORD-003429,2025-05-23,2025-05-27,CUST-00023,PROD-00186,7,0.05,3356.39,2231.6,1124.79
ORD-003430,2025-11-10,2025-11-15,CUST-00483,PROD-00189,4,0.0,2517.6,1376.04,1141.56
ORD-003431,2025-05-25,2025-05-30,CUST-00114,PROD-00104,4,0.05,819.05,727.04,92.01
ORD-003432,2024-08-24,2024-08-26,CUST-00387,PROD-00176,2,0.1,742.93,603.44,139.49
ORD-003433,2025-05-29,2025-05-30,CUST-00483,PROD-00217,2,0.3,777.85,663.62,114.23
ORD-003434,2024-09-10,2024-09-16,CUST-00516,PROD-00188,2,0.15,489.14,366.92,122.22
ORD-003435,2025-08-05,2025-08-08,CUST-00047,PROD-00077,7,0.1,1150.76,1064.49,86.27
ORD-003436,2025-04-02,2025-04-08,CUST-00036,PROD-00168,7,0.0,768.67,453.81,314.86
ORD-003437,2024-02-29,2024-03-01,CUST-00483,PROD-00216,6,0.1,2601.5,2320.62,280.88
ORD-003438,2025-01-10,2025-01-13,CUST-00296,PROD-00206,5,0.05,452.63,287.5,165.13
ORD-003439,2024-10-08,2024-10-14,CUST-00175,PROD-00090,6,0.0,1794.9,958.38,836.52
ORD-003440,2024-09-27,2024-10-03,CUST-00108,PROD-00198,1,0.05,577.26,344.41,232.85
ORD-003441,2025-03-19,2025-03-21,CUST-00397,PROD-00038,1,0.0,14.67,9.01,5.66
ORD-003442,2024-09-22,2024-09-25,CUST-00194,PROD-00075,1,0.0,560.24,369.72,190.52
ORD-003443,2025-08-19,2025-08-25,CUST-00538,PROD-00103,5,0.0,1333.45,1056.1,277.35
ORD-003444,2024-02-24,2024-02-28,CUST-00322,PROD-00037,6,0.1,1428.46,1342.14,86.32
ORD-003445,2025-05-03,2025-05-04,CUST-00391,PROD-00166,5,0.0,2556.35,1769.0,787.35
ORD-003446,2025-09-13,2025-09-18,CUST-00336,PROD-00103,3,0.1,720.06,633.66,86.4
ORD-003447,2025-05-13,2025-05-17,CUST-00494,PROD-00095,7,0.1,2090.97,1302.84,788.13
ORD-003448,2024-12-30,2025-01-01,CUST-00369,PROD-00219,2,0.3,299.03,236.72,62.31
ORD-003449,2025-12-08,2025-12-10,CUST-00497,PROD-00054,4,0.05,1331.71,1035.8,295.91
ORD-003450,2024-09-05,2024-09-11,CUST-00365,PROD-00086,1,0.05,321.7,256.21,65.49
ORD-003451,2024-01-15,2024-01-21,CUST-00361,PROD-00220,2,0.05,125.86,110.28,15.58
ORD-003452,2024-11-29,2024-12-03,CUST-00373,PROD-00213,4,0.0,1123.2,910.76,212.44
ORD-003453,2024-01-26,2024-01-28,CUST-00184,PROD-00093,2,0.05,366.68,205.1,161.58
ORD-003454,2025-12-09,2025-12-10,CUST-00383,PROD-00113,2,0.2,267.31,268.62,-1.31
ORD-003455,2024-06-14,2024-06-17,CUST-00392,PROD-00198,4,0.3,1701.39,1377.64,323.75
ORD-003456,2025-08-28,2025-08-29,CUST-00036,PROD-00149,5,0.2,1200.92,843.4,357.52
ORD-003457,2025-08-17,2025-08-21,CUST-00110,PROD-00174,6,0.05,1259.87,1056.12,203.75
ORD-003458,2024-06-22,2024-06-27,CUST-00352,PROD-00207,4,0.0,1403.96,1100.84,303.12
ORD-003459,2025-04-03,2025-04-08,CUST-00300,PROD-00214,6,0.0,1178.76,945.54,233.22
ORD-003460,2024-02-06,2024-02-11,CUST-00434,PROD-00102,1,0.2,194.82,184.45,10.37
ORD-003461,2024-12-23,2024-12-25,CUST-00338,PROD-00130,4,0.05,1099.87,661.56,438.31
ORD-003462,2024-01-12,2024-01-15,CUST-00060,PROD-00045,5,0.3,377.65,389.75,-12.1
ORD-003463,2025-11-24,2025-11-25,CUST-00471,PROD-00072,5,0.0,2289.25,1644.7,644.55
ORD-003464,2025-12-20,2025-12-25,CUST-00350,PROD-00132,2,0.1,460.8,294.62,166.18
ORD-003465,2024-06-27,2024-07-01,CUST-00259,PROD-00220,4,0.0,264.96,220.56,44.4
ORD-003466,2024-06-12,2024-06-13,CUST-00033,PROD-00131,4,0.0,2106.56,1196.0,910.56
ORD-003467,2025-08-01,2025-08-04,CUST-00456,PROD-00082,5,0.1,1334.84,1146.3,188.54
ORD-003468,2024-07-31,2024-08-04,CUST-00224,PROD-00217,4,0.0,2222.44,1327.24,895.2
ORD-003469,2025-11-11,2025-11-16,CUST-00009,PROD-00040,5,0.0,1366.75,747.1,619.65
ORD-003470,2025-02-26,2025-03-01,CUST-00373,PROD-00068,2,0.0,890.82,700.7,190.12
ORD-003471,2024-10-14,2024-10-18,CUST-00364,PROD-00122,1,0.0,40.46,29.11,11.35
ORD-003472,2025-10-01,2025-10-06,CUST-00329,PROD-00026,2,0.15,721.72,492.6,229.12
ORD-003473,2024-12-28,2024-12-29,CUST-00387,PROD-00035,2,0.05,668.34,571.9,96.44
ORD-003474,2025-11-19,2025-11-25,CUST-00377,PROD-00143,3,0.05,123.55,92.85,30.7
ORD-003475,2025-11-27,2025-11-30,CUST-00450,PROD-00045,4,0.1,388.44,311.8,76.64
ORD-003476,2024-05-06,2024-05-07,CUST-00541,PROD-00084,5,0.0,451.65,374.5,77.15
ORD-003477,2024-01-02,2024-01-05,CUST-00373,PROD-00043,1,0.05,357.2,252.55,104.65
ORD-003478,2025-12-24,2025-12-29,CUST-00008,PROD-00153,1,0.1,455.88,376.75,79.13
ORD-003479,2025-11-16,2025-11-18,CUST-00461,PROD-00167,3,0.0,560.28,329.94,230.34
ORD-003480,2024-02-12,2024-02-17,CUST-00374,PROD-00020,1,0.0,221.87,136.73,85.14
ORD-003481,2025-10-01,2025-10-05,CUST-00554,PROD-00090,2,0.05,568.38,319.46,248.92
ORD-003482,2024-12-11,2024-12-13,CUST-00137,PROD-00163,3,0.0,178.74,97.68,81.06
ORD-003483,2024-08-05,2024-08-10,CUST-00025,PROD-00076,6,0.0,1482.0,794.82,687.18
ORD-003484,2025-11-03,2025-11-04,CUST-00297,PROD-00203,3,0.0,1855.98,1088.7,767.28
ORD-003485,2024-05-30,2024-06-05,CUST-00205,PROD-00193,4,0.0,1008.52,533.24,475.28
ORD-003486,2025-12-06,2025-12-12,CUST-00042,PROD-00199,6,0.0,3469.26,1834.56,1634.7
ORD-003487,2024-06-09,2024-06-12,CUST-00388,PROD-00159,5,0.0,2301.25,1914.95,386.3
ORD-003488,2025-03-28,2025-04-01,CUST-00321,PROD-00192,1,0.1,66.4,40.72,25.68
ORD-003489,2024-06-28,2024-07-03,CUST-00457,PROD-00124,7,0.1,2124.36,1936.48,187.88
ORD-003490,2025-02-04,2025-02-05,CUST-00067,PROD-00176,6,0.1,2228.8,1810.32,418.48
ORD-003491,2025-05-21,2025-05-25,CUST-00166,PROD-00090,6,0.0,1794.9,958.38,836.52
ORD-003492,2024-05-26,2024-05-28,CUST-00438,PROD-00051,6,0.0,454.2,249.48,204.72
ORD-003493,2025-01-16,2025-01-19,CUST-00521,PROD-00087,6,0.1,1118.72,768.3,350.42
ORD-003494,2024-12-16,2024-12-20,CUST-00278,PROD-00073,3,0.0,1185.81,841.26,344.55
ORD-003495,2024-02-24,2024-02-29,CUST-00517,PROD-00083,6,0.1,2647.67,1822.02,825.65
ORD-003496,2025-09-20,2025-09-23,CUST-00570,PROD-00043,5,0.0,1880.0,1262.75,617.25
ORD-003497,2024-10-02,2024-10-07,CUST-00549,PROD-00058,5,0.15,2088.07,1916.95,171.12
ORD-003498,2025-02-26,2025-03-04,CUST-00466,PROD-00154,2,0.0,466.1,311.5,154.6
ORD-003499,2025-01-11,2025-01-14,CUST-00151,PROD-00175,3,0.05,1152.82,810.78,342.04
ORD-003500,2025-01-10,2025-01-16,CUST-00239,PROD-00178,1,0.1,256.56,202.92,53.64
ORD-003501,2024-03-23,2024-03-25,CUST-00541,PROD-00121,6,0.05,3818.77,2349.18,1469.59
ORD-003502,2024-11-24,2024-11-29,CUST-00179,PROD-00101,3,0.0,1667.43,942.66,724.77
ORD-003503,2024-12-08,2024-12-12,CUST-00314,PROD-00019,2,0.0,476.86,264.68,212.18
ORD-003504,2025-07-10,2025-07-12,CUST-00169,PROD-00099,6,0.1,2669.65,1597.26,1072.39
ORD-003505,2025-10-06,2025-10-08,CUST-00248,PROD-00129,1,0.0,541.06,298.75,242.31
ORD-003506,2025-02-04,2025-02-10,CUST-00484,PROD-00065,2,0.1,54.97,44.34,10.63
ORD-003507,2024-03-07,2024-03-12,CUST-00549,PROD-00069,1,0.2,567.95,396.93,171.02
ORD-003508,2024-07-13,2024-07-14,CUST-00045,PROD-00123,6,0.0,2663.64,2252.76,410.88
ORD-003509,2024-05-06,2024-05-09,CUST-00497,PROD-00084,3,0.1,243.89,224.7,19.19
ORD-003510,2024-04-05,2024-04-11,CUST-00121,PROD-00217,1,0.05,527.83,331.81,196.02
ORD-003511,2024-10-26,2024-10-28,CUST-00043,PROD-00155,3,0.15,723.46,562.83,160.63
ORD-003512,2024-07-05,2024-07-06,CUST-00487,PROD-00203,3,0.1,1670.38,1088.7,581.68
ORD-003513,2024-06-23,2024-06-26,CUST-00392,PROD-00095,1,0.15,282.11,186.12,95.99
ORD-003514,2024-02-11,2024-02-12,CUST-00132,PROD-00101,2,0.1,1000.46,628.44,372.02
ORD-003515,2024-01-14,2024-01-19,CUST-00170,PROD-00200,7,0.15,1586.81,1316.21,270.6
ORD-003516,2024-03-19,2024-03-22,CUST-00539,PROD-00066,3,0.1,598.81,471.96,126.85
ORD-003517,2024-05-12,2024-05-16,CUST-00051,PROD-00149,7,0.1,1891.45,1180.76,710.69
ORD-003518,2024-11-28,2024-12-02,CUST-00368,PROD-00168,4,0.15,373.35,259.32,114.03
ORD-003519,2025-01-08,2025-01-11,CUST-00086,PROD-00107,7,0.1,1582.12,1015.56,566.56
ORD-003520,2024-04-17,2024-04-19,CUST-00028,PROD-00121,2,0.1,1205.93,783.06,422.87
ORD-003521,2024-11-25,2024-11-28,CUST-00345,PROD-00031,7,0.1,1040.76,837.69,203.07
ORD-003522,2024-10-07,2024-10-12,CUST-00250,PROD-00050,6,0.1,1384.72,841.14,543.58
ORD-003523,2024-05-20,2024-05-23,CUST-00288,PROD-00195,6,0.15,3283.48,2352.42,931.06
ORD-003524,2024-01-06,2024-01-10,CUST-00006,PROD-00025,4,0.05,389.84,265.6,124.24
ORD-003525,2024-12-15,2024-12-21,CUST-00399,PROD-00026,7,0.0,2971.78,1724.1,1247.68
ORD-003526,2025-05-23,2025-05-28,CUST-00500,PROD-00068,2,0.1,801.74,700.7,101.04
ORD-003527,2024-07-01,2024-07-07,CUST-00442,PROD-00051,4,0.0,302.8,166.32,136.48
ORD-003528,2024-04-11,2024-04-15,CUST-00265,PROD-00007,5,0.1,992.16,711.6,280.56
ORD-003529,2025-11-07,2025-11-11,CUST-00496,PROD-00183,3,0.05,951.53,657.51,294.02
ORD-003530,2024-08-17,2024-08-20,CUST-00146,PROD-00058,1,0.1,442.18,383.39,58.79
ORD-003531,2024-06-29,2024-07-01,CUST-00026,PROD-00196,2,0.05,667.83,454.84,212.99
ORD-003532,2025-10-19,2025-10-24,CUST-00332,PROD-00144,3,0.05,455.03,270.78,184.25
ORD-003533,2025-09-19,2025-09-20,CUST-00556,PROD-00035,4,0.1,1266.34,1143.8,122.54
ORD-003534,2024-12-06,2024-12-10,CUST-00288,PROD-00103,7,0.1,1680.15,1478.54,201.61
ORD-003535,2024-12-26,2024-12-27,CUST-00205,PROD-00109,2,0.3,27.5,32.42,-4.92
ORD-003536,2024-06-22,2024-06-24,CUST-00039,PROD-00173,3,0.1,723.01,663.21,59.8
ORD-003537,2024-03-01,2024-03-04,CUST-00209,PROD-00022,5,0.05,1004.86,911.05,93.81
ORD-003538,2025-02-25,2025-03-02,CUST-00139,PROD-00145,3,0.15,234.27,197.4,36.87
ORD-003539,2024-03-16,2024-03-19,CUST-00576,PROD-00192,4,0.1,265.61,162.88,102.73
ORD-003540,2024-12-07,2024-12-12,CUST-00042,PROD-00039,2,0.0,255.02,194.82,60.2
ORD-003541,2025-12-03,2025-12-05,CUST-00125,PROD-00064,6,0.1,2036.99,1479.18,557.81
ORD-003542,2025-12-09,2025-12-14,CUST-00244,PROD-00078,7,0.2,671.89,694.12,-22.23
ORD-003543,2024-07-16,2024-07-21,CUST-00528,PROD-00197,6,0.0,776.4,541.32,235.08
ORD-003544,2025-04-05,2025-04-10,CUST-00149,PROD-00127,6,0.1,444.26,404.52,39.74
ORD-003545,2024-12-19,2024-12-21,CUST-00333,PROD-00032,6,0.3,1205.15,1414.38,-209.23
ORD-003546,2025-11-02,2025-11-06,CUST-00049,PROD-00161,4,0.1,709.42,458.4,251.02
ORD-003547,2024-08-14,2024-08-20,CUST-00364,PROD-00121,2,0.1,1205.93,783.06,422.87
ORD-003548,2024-01-03,2024-01-04,CUST-00312,PROD-00020,5,0.0,1109.35,683.65,425.7
ORD-003549,2024-05-04,2024-05-09,CUST-00343,PROD-00138,3,0.0,44.85,27.78,17.07
ORD-003550,2024-10-13,2024-10-16,CUST-00501,PROD-00172,2,0.05,268.17,194.28,73.89
ORD-003551,2024-09-17,2024-09-19,CUST-00321,PROD-00098,1,0.2,459.46,315.73,143.73
ORD-003552,2025-08-30,2025-09-03,CUST-00343,PROD-00174,4,0.0,884.12,704.08,180.04
ORD-003553,2025-05-19,2025-05-22,CUST-00500,PROD-00005,5,0.15,1368.67,1384.5,-15.83
ORD-003554,2024-09-05,2024-09-07,CUST-00214,PROD-00049,4,0.0,1976.96,1586.28,390.68
ORD-003555,2024-12-11,2024-12-17,CUST-00422,PROD-00133,5,0.0,1801.85,1531.55,270.3
ORD-003556,2024-03-14,2024-03-20,CUST-00530,PROD-00132,4,0.0,1024.0,589.24,434.76
ORD-003557,2025-11-13,2025-11-16,CUST-00411,PROD-00213,6,0.05,1600.56,1366.14,234.42
ORD-003558,2025-12-01,2025-12-02,CUST-00502,PROD-00120,4,0.05,647.18,437.24,209.94
ORD-003559,2025-12-22,2025-12-23,CUST-00475,PROD-00042,4,0.05,2146.85,1366.64,780.21
ORD-003560,2025-10-28,2025-11-01,CUST-00586,PROD-00216,6,0.05,2746.03,2320.62,425.41
ORD-003561,2024-05-13,2024-05-16,CUST-00343,PROD-00155,2,0.1,510.68,375.22,135.46
ORD-003562,2024-02-05,2024-02-09,CUST-00315,PROD-00038,5,0.1,66.02,45.05,20.97
ORD-003563,2025-03-02,2025-03-03,CUST-00342,PROD-00197,1,0.0,129.4,90.22,39.18
ORD-003564,2025-11-20,2025-11-24,CUST-00137,PROD-00128,5,0.1,1750.9,1531.8,219.1
ORD-003565,2024-05-16,2024-05-22,CUST-00036,PROD-00215,3,0.0,615.48,520.92,94.56
ORD-003566,2024-01-06,2024-01-12,CUST-00137,PROD-00067,7,0.05,1230.12,894.39,335.73
ORD-003567,2025-09-10,2025-09-14,CUST-00073,PROD-00123,5,0.0,2219.7,1877.3,342.4
ORD-003568,2024-02-28,2024-02-29,CUST-00338,PROD-00017,6,0.2,2582.83,1784.82,798.01
ORD-003569,2024-11-20,2024-11-23,CUST-00426,PROD-00059,6,0.0,654.24,448.98,205.26
ORD-003570,2025-05-17,2025-05-23,CUST-00157,PROD-00104,1,0.1,193.99,181.76,12.23
ORD-003571,2024-07-13,2024-07-16,CUST-00456,PROD-00047,4,0.0,1979.72,1580.84,398.88
ORD-003572,2024-03-05,2024-03-08,CUST-00152,PROD-00136,3,0.1,611.58,457.14,154.44
ORD-003573,2025-08-14,2025-08-20,CUST-00400,PROD-00207,1,0.3,245.69,275.21,-29.52
ORD-003574,2025-04-10,2025-04-13,CUST-00459,PROD-00003,1,0.05,90.78,78.56,12.22
ORD-003575,2025-12-26,2025-12-29,CUST-00242,PROD-00017,1,0.1,484.28,297.47,186.81
ORD-003576,2024-10-09,2024-10-13,CUST-00311,PROD-00111,2,0.15,186.98,177.26,9.72
ORD-003577,2024-02-17,2024-02-23,CUST-00040,PROD-00122,2,0.1,72.83,58.22,14.61
ORD-003578,2025-07-11,2025-07-12,CUST-00519,PROD-00092,1,0.0,132.95,82.36,50.59
ORD-003579,2025-01-17,2025-01-20,CUST-00513,PROD-00091,4,0.05,1139.58,688.32,451.26
ORD-003580,2024-06-17,2024-06-20,CUST-00350,PROD-00129,3,0.0,1623.18,896.25,726.93
ORD-003581,2025-08-23,2025-08-26,CUST-00183,PROD-00185,5,0.0,2514.9,1930.35,584.55
ORD-003582,2024-06-07,2024-06-08,CUST-00446,PROD-00102,3,0.1,657.5,553.35,104.15
ORD-003583,2024-08-06,2024-08-12,CUST-00526,PROD-00213,2,0.15,477.36,455.38,21.98
ORD-003584,2024-03-12,2024-03-15,CUST-00361,PROD-00014,6,0.0,2559.06,1616.7,942.36
ORD-003585,2024-11-13,2024-11-16,CUST-00594,PROD-00148,4,0.0,1570.36,1031.68,538.68
ORD-003586,2024-11-22,2024-11-25,CUST-00252,PROD-00033,1,0.2,134.18,114.87,19.31
ORD-003587,2025-01-11,2025-01-17,CUST-00272,PROD-00175,2,0.0,809.0,540.52,268.48
ORD-003588,2025-06-13,2025-06-14,CUST-00234,PROD-00007,2,0.05,418.91,284.64,134.27
ORD-003589,2025-11-16,2025-11-20,CUST-00463,PROD-00006,2,0.1,934.6,696.44,238.16
ORD-003590,2024-04-15,2024-04-19,CUST-00437,PROD-00085,2,0.05,150.99,95.22,55.77
ORD-003591,2024-02-11,2024-02-16,CUST-00499,PROD-00174,7,0.15,1315.13,1232.14,82.99
ORD-003592,2024-01-15,2024-01-18,CUST-00310,PROD-00070,5,0.15,401.8,268.1,133.7
ORD-003593,2024-04-20,2024-04-23,CUST-00118,PROD-00121,7,0.2,3751.78,2740.71,1011.07
ORD-003594,2025-05-01,2025-05-06,CUST-00337,PROD-00020,2,0.15,377.18,273.46,103.72
ORD-003595,2025-07-04,2025-07-08,CUST-00511,PROD-00145,2,0.05,174.55,131.6,42.95
ORD-003596,2025-08-26,2025-08-28,CUST-00314,PROD-00215,5,0.1,923.22,868.2,55.02
ORD-003597,2024-07-21,2024-07-22,CUST-00540,PROD-00214,1,0.15,166.99,157.59,9.4
ORD-003598,2024-09-10,2024-09-11,CUST-00359,PROD-00126,4,0.1,1876.21,1220.84,655.37
ORD-003599,2024-12-23,2024-12-27,CUST-00087,PROD-00087,7,0.15,1232.66,896.35,336.31
ORD-003600,2024-02-18,2024-02-20,CUST-00456,PROD-00220,2,0.1,119.23,110.28,8.95
ORD-003601,2025-03-26,2025-03-28,CUST-00576,PROD-00051,4,0.3,211.96,166.32,45.64
ORD-003602,2025-12-24,2025-12-27,CUST-00056,PROD-00168,4,0.3,307.47,259.32,48.15
ORD-003603,2024-10-22,2024-10-26,CUST-00191,PROD-00151,7,0.0,1139.11,973.91,165.2
ORD-003604,2025-07-31,2025-08-05,CUST-00259,PROD-00094,1,0.3,24.71,24.71,0.0
ORD-003605,2024-12-31,2025-01-06,CUST-00350,PROD-00089,1,0.1,204.09,146.86,57.23
ORD-003606,2024-04-08,2024-04-14,CUST-00540,PROD-00062,4,0.05,2784.11,1588.2,1195.91
ORD-003607,2025-03-04,2025-03-08,CUST-00558,PROD-00218,6,0.1,3527.77,2312.52,1215.25
ORD-003608,2024-09-05,2024-09-06,CUST-00335,PROD-00177,3,0.0,1453.08,972.33,480.75
ORD-003609,2024-01-27,2024-01-28,CUST-00021,PROD-00137,4,0.1,367.85,248.12,119.73
ORD-003610,2025-04-14,2025-04-17,CUST-00206,PROD-00043,2,0.05,714.4,505.1,209.3
ORD-003611,2025-10-21,2025-10-24,CUST-00345,PROD-00142,4,0.1,1025.42,976.16,49.26
ORD-003612,2024-10-09,2024-10-12,CUST-00364,PROD-00178,7,0.0,1995.49,1420.44,575.05
ORD-003613,2024-11-09,2024-11-14,CUST-00300,PROD-00179,1,0.0,236.06,137.44,98.62
ORD-003614,2025-11-09,2025-11-11,CUST-00586,PROD-00028,7,0.0,125.51,76.72,48.79
ORD-003615,2025-09-16,2025-09-21,CUST-00376,PROD-00165,4,0.0,109.08,66.2,42.88
ORD-003616,2025-06-20,2025-06-25,CUST-00093,PROD-00063,2,0.0,661.68,542.5,119.18
ORD-003617,2024-07-26,2024-07-30,CUST-00011,PROD-00115,2,0.05,155.97,138.8,17.17
ORD-003618,2025-11-18,2025-11-23,CUST-00374,PROD-00018,6,0.2,2273.09,1618.2,654.89
ORD-003619,2024-04-28,2024-05-03,CUST-00140,PROD-00058,5,0.0,2456.55,1916.95,539.6
ORD-003620,2025-04-07,2025-04-09,CUST-00219,PROD-00029,7,0.05,2525.47,1852.48,672.99
ORD-003621,2024-01-23,2024-01-25,CUST-00425,PROD-00019,4,0.1,858.35,529.36,328.99
ORD-003622,2025-04-20,2025-04-23,CUST-00373,PROD-00063,4,0.0,1323.36,1085.0,238.36
ORD-003623,2024-08-19,2024-08-25,CUST-00584,PROD-00128,7,0.0,2723.63,2144.52,579.11
ORD-003624,2024-12-07,2024-12-08,CUST-00233,PROD-00048,5,0.0,1347.4,907.75,439.65
ORD-003625,2024-10-10,2024-10-15,CUST-00589,PROD-00093,3,0.05,550.02,307.65,242.37
ORD-003626,2024-05-12,2024-05-18,CUST-00541,PROD-00058,5,0.0,2456.55,1916.95,539.6
ORD-003627,2025-04-04,2025-04-08,CUST-00415,PROD-00086,6,0.0,2031.78,1537.26,494.52
ORD-003628,2025-11-05,2025-11-07,CUST-00297,PROD-00178,4,0.1,1026.25,811.68,214.57
ORD-003629,2025-12-12,2025-12-18,CUST-00155,PROD-00210,6,0.15,147.64,126.06,21.58
ORD-003630,2024-05-27,2024-05-29,CUST-00479,PROD-00106,3,0.0,100.8,65.82,34.98
ORD-003631,2025-06-22,2025-06-25,CUST-00049,PROD-00121,6,0.05,3818.77,2349.18,1469.59
ORD-003632,2025-05-06,2025-05-11,CUST-00003,PROD-00122,4,0.0,161.84,116.44,45.4
ORD-003633,2024-10-08,2024-10-11,CUST-00587,PROD-00070,3,0.05,269.44,160.86,108.58
ORD-003634,2024-01-15,2024-01-21,CUST-00197,PROD-00090,3,0.0,897.45,479.19,418.26
ORD-003635,2025-05-26,2025-05-31,CUST-00035,PROD-00113,5,0.15,710.05,671.55,38.5
ORD-003636,2025-12-05,2025-12-10,CUST-00512,PROD-00048,1,0.0,269.48,181.55,87.93
ORD-003637,2025-04-11,2025-04-17,CUST-00527,PROD-00128,2,0.3,544.73,612.72,-67.99
ORD-003638,2024-11-30,2024-12-03,CUST-00173,PROD-00097,6,0.2,1337.52,1167.6,169.92
ORD-003639,2025-01-19,2025-01-20,CUST-00011,PROD-00048,2,0.0,538.96,363.1,175.86
ORD-003640,2024-06-02,2024-06-04,CUST-00445,PROD-00086,5,0.2,1354.52,1281.05,73.47
ORD-003641,2025-07-29,2025-08-04,CUST-00505,PROD-00009,5,0.15,590.58,409.15,181.43
ORD-003642,2025-07-24,2025-07-30,CUST-00118,PROD-00194,6,0.3,1842.67,1618.92,223.75
ORD-003643,2024-04-21,2024-04-26,CUST-00461,PROD-00118,1,0.0,72.21,55.63,16.58
ORD-003644,2025-11-03,2025-11-09,CUST-00172,PROD-00134,2,0.05,1039.19,767.12,272.07
ORD-003645,2024-08-12,2024-08-15,CUST-00024,PROD-00214,7,0.05,1306.46,1103.13,203.33
ORD-003646,2025-12-23,2025-12-25,CUST-00538,PROD-00010,5,0.05,2122.44,1741.55,380.89
ORD-003647,2024-11-05,2024-11-07,CUST-00270,PROD-00073,7,0.3,1936.82,1962.94,-26.12
ORD-003648,2024-05-16,2024-05-22,CUST-00328,PROD-00112,3,0.3,846.38,781.23,65.15
ORD-003649,2024-10-15,2024-10-17,CUST-00591,PROD-00089,7,0.05,1508.02,1028.02,480.0
ORD-003650,2024-12-02,2024-12-07,CUST-00149,PROD-00016,7,0.0,4768.75,2781.73,1987.02
ORD-003651,2024-02-23,2024-02-24,CUST-00118,PROD-00192,5,0.0,368.9,203.6,165.3
ORD-003652,2025-03-01,2025-03-06,CUST-00194,PROD-00136,3,0.1,611.58,457.14,154.44
ORD-003653,2025-03-16,2025-03-22,CUST-00426,PROD-00166,7,0.3,2505.22,2476.6,28.62
ORD-003654,2025-07-16,2025-07-17,CUST-00406,PROD-00104,1,0.05,204.76,181.76,23.0
ORD-003655,2024-01-23,2024-01-24,CUST-00120,PROD-00082,3,0.1,800.9,687.78,113.12
ORD-003656,2025-02-01,2025-02-02,CUST-00183,PROD-00205,7,0.05,3841.57,2268.21,1573.36
ORD-003657,2024-02-10,2024-02-16,CUST-00149,PROD-00016,1,0.2,545.0,397.39,147.61
ORD-003658,2025-06-05,2025-06-08,CUST-00072,PROD-00193,2,0.05,479.05,266.62,212.43
ORD-003659,2024-02-12,2024-02-15,CUST-00367,PROD-00062,5,0.05,3480.14,1985.25,1494.89
ORD-003660,2025-11-19,2025-11-21,CUST-00422,PROD-00181,7,0.0,2444.47,1294.23,1150.24
ORD-003661,2025-06-06,2025-06-07,CUST-00094,PROD-00004,3,0.3,64.36,72.9,-8.54
ORD-003662,2025-01-06,2025-01-08,CUST-00271,PROD-00218,4,0.05,2482.5,1541.68,940.82
ORD-003663,2024-12-03,2024-12-06,CUST-00377,PROD-00182,6,0.05,1562.6,1347.54,215.06
ORD-003664,2024-04-10,2024-04-15,CUST-00581,PROD-00192,4,0.1,265.61,162.88,102.73
ORD-003665,2024-08-29,2024-09-02,CUST-00522,PROD-00140,5,0.15,1323.41,1298.95,24.46
ORD-003666,2025-10-29,2025-11-03,CUST-00407,PROD-00002,6,0.05,2522.19,2250.9,271.29
ORD-003667,2025-11-16,2025-11-20,CUST-00165,PROD-00069,4,0.0,2839.76,1587.72,1252.04
ORD-003668,2024-01-01,2024-01-03,CUST-00231,PROD-00070,5,0.0,472.7,268.1,204.6
ORD-003669,2025-03-13,2025-03-16,CUST-00161,PROD-00171,3,0.15,181.61,128.49,53.12
ORD-003670,2025-06-25,2025-06-30,CUST-00385,PROD-00169,4,0.1,1284.3,759.44,524.86
ORD-003671,2025-04-01,2025-04-05,CUST-00333,PROD-00011,6,0.05,1025.77,928.32,97.45
ORD-003672,2024-03-03,2024-03-08,CUST-00053,PROD-00055,5,0.1,1359.99,1084.6,275.39
ORD-003673,2024-06-22,2024-06-25,CUST-00456,PROD-00066,3,0.15,565.54,471.96,93.58
ORD-003674,2024-07-28,2024-08-03,CUST-00151,PROD-00003,4,0.1,344.02,314.24,29.78
ORD-003675,2025-09-30,2025-10-01,CUST-00293,PROD-00182,1,0.1,246.73,224.59,22.14
ORD-003676,2024-12-14,2024-12-18,CUST-00105,PROD-00005,7,0.05,2141.57,1938.3,203.27
ORD-003677,2024-12-25,2024-12-28,CUST-00129,PROD-00063,3,0.0,992.52,813.75,178.77
ORD-003678,2025-11-30,2025-12-06,CUST-00235,PROD-00085,6,0.1,429.14,285.66,143.48
ORD-003679,2025-04-15,2025-04-21,CUST-00453,PROD-00074,5,0.2,2363.4,1868.15,495.25
ORD-003680,2025-11-13,2025-11-15,CUST-00125,PROD-00006,2,0.15,882.67,696.44,186.23
ORD-003681,2024-12-10,2024-12-15,CUST-00522,PROD-00089,6,0.1,1224.56,881.16,343.4
ORD-003682,2024-04-24,2024-04-25,CUST-00011,PROD-00110,1,0.1,374.15,314.73,59.42
ORD-003683,2025-11-28,2025-12-01,CUST-00489,PROD-00188,3,0.1,776.87,550.38,226.49
ORD-003684,2024-12-11,2024-12-17,CUST-00539,PROD-00056,1,0.15,556.55,397.7,158.85
ORD-003685,2024-05-19,2024-05-23,CUST-00115,PROD-00109,6,0.05,111.95,97.26,14.69
ORD-003686,2024-09-07,2024-09-08,CUST-00520,PROD-00191,1,0.15,387.97,329.59,58.38
ORD-003687,2024-02-08,2024-02-10,CUST-00240,PROD-00130,1,0.0,289.44,165.39,124.05
ORD-003688,2024-12-16,2024-12-19,CUST-00328,PROD-00197,5,0.1,582.3,451.1,131.2
ORD-003689,2025-10-16,2025-10-18,CUST-00094,PROD-00001,5,0.0,202.25,107.0,95.25
ORD-003690,2025-11-30,2025-12-02,CUST-00178,PROD-00112,6,0.15,2055.5,1562.46,493.04
ORD-003691,2025-11-29,2025-11-30,CUST-00586,PROD-00127,1,0.0,82.27,67.42,14.85
ORD-003692,2024-04-06,2024-04-11,CUST-00377,PROD-00033,1,0.1,150.96,114.87,36.09
ORD-003693,2024-11-05,2024-11-07,CUST-00325,PROD-00132,4,0.1,921.6,589.24,332.36
ORD-003694,2024-01-22,2024-01-28,CUST-00031,PROD-00014,5,0.05,2025.92,1347.25,678.67
ORD-003695,2025-10-18,2025-10-21,CUST-00538,PROD-00152,1,0.15,338.36,237.9,100.46
ORD-003696,2024-10-20,2024-10-23,CUST-00036,PROD-00101,2,0.1,1000.46,628.44,372.02
ORD-003697,2025-04-11,2025-04-13,CUST-00592,PROD-00172,6,0.0,846.84,582.84,264.0
ORD-003698,2025-06-20,2025-06-25,CUST-00534,PROD-00109,7,0.1,123.73,113.47,10.26
ORD-003699,2024-11-28,2024-12-04,CUST-00523,PROD-00117,1,0.0,204.09,160.35,43.74
ORD-003700,2024-09-10,2024-09-15,CUST-00131,PROD-00126,1,0.0,521.17,305.21,215.96
ORD-003701,2025-12-13,2025-12-14,CUST-00054,PROD-00024,3,0.05,652.59,587.52,65.07
ORD-003702,2025-12-14,2025-12-18,CUST-00586,PROD-00185,4,0.15,1710.13,1544.28,165.85
ORD-003703,2024-08-28,2024-08-30,CUST-00487,PROD-00121,1,0.0,669.96,391.53,278.43
ORD-003704,2024-12-21,2024-12-23,CUST-00473,PROD-00164,4,0.1,818.78,526.2,292.58
ORD-003705,2025-12-18,2025-12-21,CUST-00504,PROD-00216,3,0.0,1445.28,1160.31,284.97
ORD-003706,2024-01-04,2024-01-09,CUST-00379,PROD-00070,2,0.05,179.63,107.24,72.39
ORD-003707,2024-11-19,2024-11-21,CUST-00392,PROD-00146,1,0.0,183.84,153.6,30.24
ORD-003708,2024-03-18,2024-03-19,CUST-00428,PROD-00084,2,0.05,171.63,149.8,21.83
ORD-003709,2025-01-07,2025-01-09,CUST-00089,PROD-00089,6,0.2,1088.5,881.16,207.34
ORD-003710,2024-01-19,2024-01-24,CUST-00103,PROD-00146,3,0.0,551.52,460.8,90.72
ORD-003711,2024-11-17,2024-11-19,CUST-00184,PROD-00147,7,0.05,4912.55,2795.45,2117.1
ORD-003712,2024-06-25,2024-06-29,CUST-00413,PROD-00152,6,0.1,2149.58,1427.4,722.18
ORD-003713,2025-01-26,2025-01-31,CUST-00384,PROD-00058,4,0.2,1572.19,1533.56,38.63
ORD-003714,2025-12-30,2025-12-31,CUST-00379,PROD-00205,7,0.1,3639.38,2268.21,1371.17
ORD-003715,2025-09-06,2025-09-07,CUST-00383,PROD-00149,1,0.15,255.2,168.68,86.52
ORD-003716,2025-10-11,2025-10-13,CUST-00030,PROD-00218,6,0.0,3919.74,2312.52,1607.22
ORD-003717,2025-04-14,2025-04-18,CUST-00228,PROD-00077,5,0.05,867.63,760.35,107.28
ORD-003718,2024-02-01,2024-02-06,CUST-00475,PROD-00095,2,0.0,663.8,372.24,291.56
ORD-003719,2024-06-10,2024-06-15,CUST-00124,PROD-00032,4,0.05,1090.37,942.92,147.45
ORD-003720,2025-11-26,2025-12-02,CUST-00048,PROD-00045,7,0.05,717.54,545.65,171.89
ORD-003721,2024-10-26,2024-11-01,CUST-00251,PROD-00047,2,0.15,841.38,790.42,50.96
ORD-003722,2024-03-20,2024-03-24,CUST-00159,PROD-00159,3,0.1,1242.68,1148.97,93.71
ORD-003723,2025-06-06,2025-06-11,CUST-00159,PROD-00101,2,0.1,1000.46,628.44,372.02
ORD-003724,2024-09-05,2024-09-07,CUST-00315,PROD-00023,3,0.05,1328.76,916.98,411.78
ORD-003725,2024-08-12,2024-08-15,CUST-00105,PROD-00042,5,0.0,2824.8,1708.3,1116.5
ORD-003726,2025-12-31,2026-01-06,CUST-00565,PROD-00168,2,0.2,175.7,129.66,46.04
ORD-003727,2025-10-20,2025-10-23,CUST-00372,PROD-00087,1,0.1,186.45,128.05,58.4
ORD-003728,2024-11-17,2024-11-18,CUST-00180,PROD-00120,4,0.1,613.12,437.24,175.88
ORD-003729,2025-12-22,2025-12-28,CUST-00262,PROD-00142,2,0.0,569.68,488.08,81.6
ORD-003730,2025-04-25,2025-04-27,CUST-00197,PROD-00013,5,0.15,2499.81,1599.2,900.61
ORD-003731,2025-07-19,2025-07-25,CUST-00410,PROD-00077,3,0.0,547.98,456.21,91.77
ORD-003732,2024-01-25,2024-01-28,CUST-00160,PROD-00078,7,0.0,839.86,694.12,145.74
ORD-003733,2024-04-03,2024-04-05,CUST-00197,PROD-00120,3,0.3,357.65,327.93,29.72
ORD-003734,2025-04-12,2025-04-16,CUST-00538,PROD-00128,1,0.1,350.18,306.36,43.82
ORD-003735,2025-11-13,2025-11-17,CUST-00596,PROD-00151,1,0.1,146.46,139.13,7.33
ORD-003736,2025-04-05,2025-04-07,CUST-00514,PROD-00202,2,0.0,813.18,663.56,149.62
ORD-003737,2024-04-12,2024-04-14,CUST-00293,PROD-00204,1,0.0,425.33,263.25,162.08
ORD-003738,2024-03-29,2024-03-31,CUST-00222,PROD-00141,6,0.05,2080.73,1366.68,714.05
ORD-003739,2025-10-09,2025-10-14,CUST-00552,PROD-00074,2,0.0,1181.7,747.26,434.44
ORD-003740,2024-04-16,2024-04-22,CUST-00011,PROD-00120,1,0.0,170.31,109.31,61.0
ORD-003741,2025-01-16,2025-01-20,CUST-00123,PROD-00189,4,0.2,2014.08,1376.04,638.04
ORD-003742,2024-01-29,2024-02-01,CUST-00213,PROD-00062,2,0.05,1392.05,794.1,597.95
ORD-003743,2024-03-02,2024-03-05,CUST-00540,PROD-00194,4,0.15,1491.68,1079.28,412.4
ORD-003744,2025-05-12,2025-05-18,CUST-00135,PROD-00095,6,0.1,1792.26,1116.72,675.54
ORD-003745,2025-05-25,2025-05-30,CUST-00359,PROD-00073,7,0.1,2490.2,1962.94,527.26
ORD-003746,2024-10-07,2024-10-11,CUST-00294,PROD-00186,7,0.0,3533.04,2231.6,1301.44
ORD-003747,2024-06-20,2024-06-23,CUST-00008,PROD-00124,4,0.05,1281.36,1106.56,174.8
ORD-003748,2025-09-16,2025-09-21,CUST-00585,PROD-00115,5,0.0,410.45,347.0,63.45
ORD-003749,2024-06-21,2024-06-27,CUST-00253,PROD-00047,3,0.2,1187.83,1185.63,2.2
ORD-003750,2025-02-01,2025-02-03,CUST-00552,PROD-00205,1,0.05,548.8,324.03,224.77
ORD-003751,2025-12-16,2025-12-22,CUST-00248,PROD-00105,5,0.0,1738.65,1444.0,294.65
ORD-003752,2024-04-23,2024-04-28,CUST-00078,PROD-00202,2,0.0,813.18,663.56,149.62
ORD-003753,2025-12-03,2025-12-06,CUST-00038,PROD-00160,5,0.0,150.75,111.1,39.65
ORD-003754,2024-05-20,2024-05-23,CUST-00252,PROD-00212,5,0.0,2951.4,1801.75,1149.65
ORD-003755,2025-02-21,2025-02-25,CUST-00080,PROD-00047,7,0.3,2425.16,2766.47,-341.31
ORD-003756,2024-11-02,2024-11-08,CUST-00485,PROD-00072,1,0.0,457.85,328.94,128.91
ORD-003757,2025-12-15,2025-12-20,CUST-00225,PROD-00011,6,0.0,1079.76,928.32,151.44
ORD-003758,2024-08-16,2024-08-21,CUST-00579,PROD-00047,1,0.15,420.69,395.21,25.48
ORD-003759,2024-11-13,2024-11-16,CUST-00426,PROD-00067,4,0.05,702.92,511.08,191.84
ORD-003760,2025-12-23,2025-12-29,CUST-00077,PROD-00148,1,0.0,392.59,257.92,134.67
ORD-003761,2025-01-28,2025-02-01,CUST-00473,PROD-00144,7,0.1,1005.86,631.82,374.04
ORD-003762,2025-01-02,2025-01-03,CUST-00314,PROD-00064,4,0.1,1357.99,986.12,371.87
ORD-003763,2024-08-04,2024-08-07,CUST-00463,PROD-00118,2,0.05,137.2,111.26,25.94
ORD-003764,2025-06-05,2025-06-06,CUST-00496,PROD-00122,5,0.05,192.18,145.55,46.63
ORD-003765,2024-01-12,2024-01-18,CUST-00176,PROD-00037,1,0.0,264.53,223.69,40.84
ORD-003766,2024-02-08,2024-02-10,CUST-00297,PROD-00004,3,0.0,91.95,72.9,19.05
ORD-003767,2025-03-17,2025-03-22,CUST-00037,PROD-00181,5,0.2,1396.84,924.45,472.39
ORD-003768,2024-10-07,2024-10-11,CUST-00543,PROD-00092,6,0.2,638.16,494.16,144.0
ORD-003769,2025-12-09,2025-12-13,CUST-00181,PROD-00114,2,0.0,774.18,487.88,286.3
ORD-003770,2025-11-15,2025-11-16,CUST-00415,PROD-00215,6,0.1,1107.86,1041.84,66.02
ORD-003771,2025-06-18,2025-06-19,CUST-00512,PROD-00043,6,0.0,2256.0,1515.3,740.7
ORD-003772,2025-09-20,2025-09-22,CUST-00188,PROD-00197,2,0.2,207.04,180.44,26.6
ORD-003773,2025-05-08,2025-05-11,CUST-00464,PROD-00164,6,0.15,1159.94,789.3,370.64
ORD-003774,2024-04-06,2024-04-09,CUST-00153,PROD-00173,3,0.3,562.34,663.21,-100.87
ORD-003775,2025-08-10,2025-08-16,CUST-00536,PROD-00077,1,0.05,173.53,152.07,21.46
ORD-003776,2024-06-14,2024-06-18,CUST-00124,PROD-00046,4,0.2,456.83,395.68,61.15
ORD-003777,2024-09-23,2024-09-24,CUST-00271,PROD-00173,2,0.2,428.45,442.14,-13.69
ORD-003778,2025-09-20,2025-09-21,CUST-00098,PROD-00073,5,0.3,1383.44,1402.1,-18.66
ORD-003779,2025-01-28,2025-02-03,CUST-00424,PROD-00005,6,0.3,1352.57,1661.4,-308.83
ORD-003780,2025-10-22,2025-10-23,CUST-00593,PROD-00087,2,0.0,414.34,256.1,158.24
ORD-003781,2024-06-17,2024-06-19,CUST-00197,PROD-00083,3,0.2,1176.74,911.01,265.73
ORD-003782,2025-03-24,2025-03-27,CUST-00206,PROD-00027,2,0.3,622.31,576.94,45.37
ORD-003783,2024-03-05,2024-03-09,CUST-00068,PROD-00106,4,0.15,114.24,87.76,26.48
ORD-003784,2025-04-20,2025-04-21,CUST-00392,PROD-00022,3,0.0,634.65,546.63,88.02
ORD-003785,2025-08-08,2025-08-14,CUST-00123,PROD-00057,7,0.0,1793.33,1280.79,512.54
ORD-003786,2025-03-06,2025-03-10,CUST-00265,PROD-00032,4,0.0,1147.76,942.92,204.84
ORD-003787,2024-08-10,2024-08-15,CUST-00475,PROD-00137,5,0.05,485.36,310.15,175.21
ORD-003788,2024-01-25,2024-01-28,CUST-00511,PROD-00026,5,0.05,2016.56,1231.5,785.06
ORD-003789,2024-04-01,2024-04-05,CUST-00265,PROD-00087,6,0.0,1243.02,768.3,474.72
ORD-003790,2025-04-04,2025-04-10,CUST-00403,PROD-00005,4,0.1,1159.34,1107.6,51.74
ORD-003791,2025-11-30,2025-12-01,CUST-00046,PROD-00210,5,0.2,115.8,105.05,10.75
ORD-003792,2024-06-10,2024-06-16,CUST-00231,PROD-00050,2,0.0,512.86,280.38,232.48
ORD-003793,2025-07-12,2025-07-18,CUST-00155,PROD-00105,7,0.15,2068.99,2021.6,47.39
ORD-003794,2025-10-27,2025-11-02,CUST-00458,PROD-00016,7,0.05,4530.31,2781.73,1748.58
ORD-003795,2025-01-16,2025-01-19,CUST-00599,PROD-00088,5,0.05,510.72,296.2,214.52
ORD-003796,2025-05-10,2025-05-14,CUST-00115,PROD-00210,6,0.0,173.7,126.06,47.64
ORD-003797,2025-09-17,2025-09-23,CUST-00590,PROD-00203,4,0.0,2474.64,1451.6,1023.04
ORD-003798,2024-08-06,2024-08-11,CUST-00310,PROD-00106,4,0.1,120.96,87.76,33.2
ORD-003799,2024-09-03,2024-09-09,CUST-00153,PROD-00024,4,0.0,915.92,783.36,132.56
ORD-003800,2024-01-01,2024-01-06,CUST-00402,PROD-00092,5,0.2,531.8,411.8,120.0
ORD-003801,2025-12-14,2025-12-18,CUST-00583,PROD-00183,1,0.2,267.1,219.17,47.93
ORD-003802,2025-11-22,2025-11-23,CUST-00302,PROD-00104,4,0.1,775.94,727.04,48.9
ORD-003803,2025-08-09,2025-08-15,CUST-00140,PROD-00100,5,0.0,960.05,539.15,420.9
ORD-003804,2024-03-01,2024-03-06,CUST-00534,PROD-00145,1,0.1,82.68,65.8,16.88
ORD-003805,2024-12-06,2024-12-08,CUST-00480,PROD-00033,5,0.0,838.65,574.35,264.3
ORD-003806,2024-03-19,2024-03-25,CUST-00452,PROD-00112,2,0.05,765.78,520.82,244.96
ORD-003807,2024-01-13,2024-01-18,CUST-00447,PROD-00118,4,0.0,288.84,222.52,66.32
ORD-003808,2025-03-30,2025-04-05,CUST-00150,PROD-00118,5,0.1,324.94,278.15,46.79
ORD-003809,2025-12-13,2025-12-14,CUST-00525,PROD-00001,6,0.0,242.7,128.4,114.3
ORD-003810,2025-11-15,2025-11-18,CUST-00317,PROD-00108,4,0.0,858.52,588.4,270.12
ORD-003811,2025-05-31,2025-06-04,CUST-00396,PROD-00033,7,0.1,1056.7,804.09,252.61
ORD-003812,2024-03-15,2024-03-17,CUST-00457,PROD-00106,5,0.15,142.8,109.7,33.1
ORD-003813,2024-08-16,2024-08-17,CUST-00096,PROD-00092,2,0.0,265.9,164.72,101.18
ORD-003814,2024-09-20,2024-09-23,CUST-00315,PROD-00175,1,0.0,404.5,270.26,134.24
ORD-003815,2025-08-08,2025-08-11,CUST-00119,PROD-00115,5,0.0,410.45,347.0,63.45
ORD-003816,2025-09-07,2025-09-09,CUST-00309,PROD-00101,4,0.15,1889.75,1256.88,632.87
ORD-003817,2024-11-06,2024-11-07,CUST-00592,PROD-00163,2,0.05,113.2,65.12,48.08
ORD-003818,2024-11-22,2024-11-27,CUST-00279,PROD-00047,3,0.0,1484.79,1185.63,299.16
ORD-003819,2024-02-04,2024-02-07,CUST-00127,PROD-00056,2,0.0,1309.54,795.4,514.14
ORD-003820,2024-08-28,2024-09-02,CUST-00439,PROD-00137,2,0.05,194.14,124.06,70.08
ORD-003821,2024-12-08,2024-12-13,CUST-00056,PROD-00176,4,0.0,1650.96,1206.88,444.08
ORD-003822,2024-03-30,2024-04-02,CUST-00063,PROD-00058,7,0.2,2751.34,2683.73,67.61
ORD-003823,2024-12-09,2024-12-14,CUST-00600,PROD-00056,4,0.2,2095.26,1590.8,504.46
ORD-003824,2025-10-16,2025-10-21,CUST-00507,PROD-00049,3,0.1,1334.45,1189.71,144.74
ORD-003825,2025-03-03,2025-03-04,CUST-00587,PROD-00191,7,0.1,2875.57,2307.13,568.44
ORD-003826,2024-03-01,2024-03-06,CUST-00363,PROD-00111,3,0.1,296.97,265.89,31.08
ORD-003827,2024-05-27,2024-05-30,CUST-00047,PROD-00003,6,0.1,516.02,471.36,44.66
ORD-003828,2024-12-19,2024-12-24,CUST-00421,PROD-00150,7,0.2,2774.86,2663.64,111.22
ORD-003829,2024-10-22,2024-10-25,CUST-00014,PROD-00121,4,0.05,2545.85,1566.12,979.73
ORD-003830,2024-10-20,2024-10-24,CUST-00333,PROD-00088,6,0.1,580.61,355.44,225.17
ORD-003831,2025-01-22,2025-01-23,CUST-00566,PROD-00183,1,0.1,300.48,219.17,81.31
ORD-003832,2025-03-06,2025-03-10,CUST-00016,PROD-00216,3,0.15,1228.49,1160.31,68.18
ORD-003833,2025-09-03,2025-09-06,CUST-00284,PROD-00066,2,0.05,421.38,314.64,106.74
ORD-003834,2024-10-07,2024-10-13,CUST-00385,PROD-00159,7,0.1,2899.58,2680.93,218.65
ORD-003835,2025-09-10,2025-09-14,CUST-00081,PROD-00018,1,0.15,402.53,269.7,132.83
ORD-003836,2024-10-05,2024-10-11,CUST-00279,PROD-00207,5,0.1,1579.46,1376.05,203.41
ORD-003837,2024-02-12,2024-02-14,CUST-00517,PROD-00150,4,0.0,1982.04,1522.08,459.96
ORD-003838,2025-02-11,2025-02-14,CUST-00358,PROD-00029,5,0.05,1803.91,1323.2,480.71
ORD-003839,2025-03-08,2025-03-10,CUST-00468,PROD-00130,4,0.0,1157.76,661.56,496.2
ORD-003840,2025-11-30,2025-12-05,CUST-00478,PROD-00106,2,0.0,67.2,43.88,23.32
ORD-003841,2025-07-02,2025-07-04,CUST-00436,PROD-00022,5,0.3,740.42,911.05,-170.63
ORD-003842,2025-11-22,2025-11-28,CUST-00511,PROD-00128,6,0.0,2334.54,1838.16,496.38
ORD-003843,2025-11-18,2025-11-24,CUST-00338,PROD-00156,2,0.05,95.65,55.08,40.57
ORD-003844,2025-03-21,2025-03-23,CUST-00220,PROD-00079,3,0.1,663.36,532.62,130.74
ORD-003845,2025-01-21,2025-01-22,CUST-00587,PROD-00217,3,0.05,1583.49,995.43,588.06
ORD-003846,2025-02-13,2025-02-18,CUST-00209,PROD-00116,6,0.2,658.9,576.3,82.6
ORD-003847,2025-12-21,2025-12-26,CUST-00160,PROD-00147,3,0.1,1994.57,1198.05,796.52
ORD-003848,2025-08-16,2025-08-17,CUST-00038,PROD-00118,6,0.1,389.93,333.78,56.15
ORD-003849,2024-03-22,2024-03-25,CUST-00376,PROD-00069,3,0.3,1490.87,1190.79,300.08
ORD-003850,2025-08-20,2025-08-21,CUST-00470,PROD-00216,2,0.0,963.52,773.54,189.98
ORD-003851,2024-05-10,2024-05-14,CUST-00326,PROD-00107,3,0.2,602.71,435.24,167.47
ORD-003852,2024-12-06,2024-12-12,CUST-00254,PROD-00160,2,0.05,57.28,44.44,12.84
ORD-003853,2024-06-14,2024-06-17,CUST-00203,PROD-00046,4,0.0,571.04,395.68,175.36
ORD-003854,2025-05-26,2025-05-30,CUST-00560,PROD-00007,3,0.3,463.01,426.96,36.05
ORD-003855,2025-11-03,2025-11-09,CUST-00031,PROD-00170,4,0.05,353.48,318.96,34.52
ORD-003856,2024-08-29,2024-09-04,CUST-00349,PROD-00219,3,0.15,544.65,355.08,189.57
ORD-003857,2024-03-03,2024-03-08,CUST-00251,PROD-00009,3,0.3,291.82,245.49,46.33
ORD-003858,2024-09-04,2024-09-08,CUST-00252,PROD-00018,5,0.15,2012.63,1348.5,664.13
ORD-003859,2025-05-12,2025-05-13,CUST-00458,PROD-00186,6,0.1,2725.49,1912.8,812.69
ORD-003860,2024-09-27,2024-09-29,CUST-00447,PROD-00097,1,0.0,278.65,194.6,84.05
ORD-003861,2024-08-19,2024-08-22,CUST-00459,PROD-00181,2,0.0,698.42,369.78,328.64
ORD-003862,2024-05-21,2024-05-25,CUST-00112,PROD-00212,1,0.0,590.28,360.35,229.93
ORD-003863,2024-12-30,2025-01-03,CUST-00324,PROD-00093,6,0.05,1100.04,615.3,484.74
ORD-003864,2024-08-18,2024-08-19,CUST-00404,PROD-00050,1,0.2,205.14,140.19,64.95
ORD-003865,2025-07-07,2025-07-08,CUST-00193,PROD-00099,7,0.1,3114.59,1863.47,1251.12
ORD-003866,2024-02-28,2024-02-29,CUST-00523,PROD-00094,4,0.0,141.2,98.84,42.36
ORD-003867,2025-05-06,2025-05-09,CUST-00500,PROD-00025,1,0.0,102.59,66.4,36.19
ORD-003868,2024-07-14,2024-07-20,CUST-00436,PROD-00011,2,0.1,323.93,309.44,14.49
ORD-003869,2024-12-26,2024-12-31,CUST-00208,PROD-00063,4,0.0,1323.36,1085.0,238.36
ORD-003870,2024-08-25,2024-08-28,CUST-00297,PROD-00118,7,0.1,454.92,389.41,65.51
ORD-003871,2025-06-28,2025-06-30,CUST-00432,PROD-00007,6,0.2,1058.3,853.92,204.38
ORD-003872,2025-12-05,2025-12-06,CUST-00252,PROD-00166,7,0.1,3221.0,2476.6,744.4
ORD-003873,2025-11-22,2025-11-24,CUST-00529,PROD-00090,3,0.05,852.58,479.19,373.39
ORD-003874,2025-03-05,2025-03-11,CUST-00126,PROD-00038,4,0.0,58.68,36.04,22.64
ORD-003875,2024-12-13,2024-12-14,CUST-00426,PROD-00136,6,0.0,1359.06,914.28,444.78
ORD-003876,2025-09-20,2025-09-23,CUST-00225,PROD-00057,3,0.1,691.71,548.91,142.8
ORD-003877,2025-05-21,2025-05-23,CUST-00331,PROD-00005,7,0.0,2254.28,1938.3,315.98
ORD-003878,2024-05-20,2024-05-23,CUST-00163,PROD-00141,1,0.0,365.04,227.78,137.26
ORD-003879,2025-09-22,2025-09-24,CUST-00082,PROD-00125,4,0.1,1322.28,825.16,497.12
ORD-003880,2024-11-27,2024-12-01,CUST-00152,PROD-00107,5,0.05,1192.87,725.4,467.47
ORD-003881,2024-05-25,2024-05-27,CUST-00049,PROD-00111,2,0.1,197.98,177.26,20.72
ORD-003882,2024-08-22,2024-08-24,CUST-00156,PROD-00007,2,0.2,352.77,284.64,68.13
ORD-003883,2024-08-11,2024-08-17,CUST-00368,PROD-00057,7,0.05,1703.66,1280.79,422.87
ORD-003884,2025-01-15,2025-01-17,CUST-00119,PROD-00147,4,0.0,2954.92,1597.4,1357.52
ORD-003885,2024-07-10,2024-07-16,CUST-00189,PROD-00059,7,0.0,763.28,523.81,239.47
ORD-003886,2024-04-04,2024-04-10,CUST-00239,PROD-00071,6,0.0,3666.24,2089.68,1576.56
ORD-003887,2024-04-04,2024-04-07,CUST-00025,PROD-00070,4,0.3,264.71,214.48,50.23
ORD-003888,2025-03-05,2025-03-10,CUST-00561,PROD-00123,4,0.15,1509.4,1501.84,7.56
ORD-003889,2025-07-12,2025-07-17,CUST-00343,PROD-00194,4,0.15,1491.68,1079.28,412.4
ORD-003890,2024-09-22,2024-09-24,CUST-00497,PROD-00150,6,0.0,2973.06,2283.12,689.94
ORD-003891,2024-01-27,2024-02-01,CUST-00461,PROD-00034,4,0.1,363.71,225.2,138.51
ORD-003892,2024-04-07,2024-04-13,CUST-00225,PROD-00053,1,0.0,253.91,211.47,42.44
ORD-003893,2025-11-21,2025-11-24,CUST-00519,PROD-00214,6,0.15,1001.95,945.54,56.41
ORD-003894,2024-12-28,2025-01-02,CUST-00216,PROD-00147,3,0.2,1772.95,1198.05,574.9
ORD-003895,2024-12-09,2024-12-13,CUST-00573,PROD-00215,6,0.15,1046.32,1041.84,4.48
ORD-003896,2024-01-30,2024-02-03,CUST-00221,PROD-00129,7,0.0,3787.42,2091.25,1696.17
ORD-003897,2025-07-05,2025-07-08,CUST-00574,PROD-00061,3,0.0,587.52,473.85,113.67
ORD-003898,2025-01-22,2025-01-26,CUST-00297,PROD-00033,1,0.15,142.57,114.87,27.7
ORD-003899,2024-06-05,2024-06-10,CUST-00002,PROD-00107,5,0.05,1192.87,725.4,467.47
ORD-003900,2024-03-25,2024-03-30,CUST-00407,PROD-00085,2,0.0,158.94,95.22,63.72
ORD-003901,2024-11-05,2024-11-11,CUST-00558,PROD-00118,7,0.0,505.47,389.41,116.06
ORD-003902,2025-10-04,2025-10-09,CUST-00582,PROD-00108,2,0.15,364.87,294.2,70.67
ORD-003903,2025-10-26,2025-10-29,CUST-00455,PROD-00144,1,0.15,135.71,90.26,45.45
ORD-003904,2025-03-20,2025-03-25,CUST-00460,PROD-00171,6,0.05,405.95,256.98,148.97
ORD-003905,2025-07-04,2025-07-08,CUST-00031,PROD-00076,2,0.05,469.3,264.94,204.36
ORD-003906,2024-03-29,2024-04-01,CUST-00384,PROD-00007,6,0.0,1322.88,853.92,468.96
ORD-003907,2025-03-09,2025-03-13,CUST-00392,PROD-00133,5,0.2,1441.48,1531.55,-90.07
ORD-003908,2025-05-08,2025-05-12,CUST-00469,PROD-00152,7,0.0,2786.49,1665.3,1121.19
ORD-003909,2024-06-03,2024-06-09,CUST-00283,PROD-00124,5,0.0,1686.0,1383.2,302.8
ORD-003910,2025-11-04,2025-11-07,CUST-00370,PROD-00076,2,0.1,444.6,264.94,179.66
ORD-003911,2024-05-29,2024-05-31,CUST-00467,PROD-00045,6,0.0,647.4,467.7,179.7
ORD-003912,2024-09-15,2024-09-21,CUST-00294,PROD-00134,4,0.0,2187.76,1534.24,653.52
ORD-003913,2025-04-03,2025-04-05,CUST-00541,PROD-00115,6,0.05,467.91,416.4,51.51
ORD-003914,2025-04-16,2025-04-17,CUST-00062,PROD-00086,5,0.0,1693.15,1281.05,412.1
ORD-003915,2025-06-03,2025-06-08,CUST-00379,PROD-00170,4,0.15,316.27,318.96,-2.69
ORD-003916,2024-03-26,2024-04-01,CUST-00395,PROD-00101,2,0.15,944.88,628.44,316.44
ORD-003917,2025-10-14,2025-10-19,CUST-00336,PROD-00079,4,0.0,982.76,710.16,272.6
ORD-003918,2025-01-25,2025-01-28,CUST-00259,PROD-00093,3,0.3,405.28,307.65,97.63
ORD-003919,2024-12-17,2024-12-19,CUST-00288,PROD-00048,5,0.0,1347.4,907.75,439.65
ORD-003920,2025-12-22,2025-12-25,CUST-00552,PROD-00131,3,0.3,1105.94,897.0,208.94
ORD-003921,2025-07-18,2025-07-23,CUST-00058,PROD-00178,7,0.0,1995.49,1420.44,575.05
ORD-003922,2024-03-31,2024-04-06,CUST-00483,PROD-00111,1,0.05,104.49,88.63,15.86
ORD-003923,2025-08-03,2025-08-06,CUST-00331,PROD-00188,3,0.1,776.87,550.38,226.49
ORD-003924,2024-03-14,2024-03-19,CUST-00158,PROD-00067,5,0.1,832.41,638.85,193.56
ORD-003925,2024-01-22,2024-01-24,CUST-00555,PROD-00011,5,0.1,809.82,773.6,36.22
ORD-003926,2024-11-15,2024-11-18,CUST-00563,PROD-00204,5,0.0,2126.65,1316.25,810.4
ORD-003927,2025-12-28,2025-12-30,CUST-00597,PROD-00217,6,0.05,3166.98,1990.86,1176.12
ORD-003928,2024-05-14,2024-05-20,CUST-00060,PROD-00027,2,0.15,755.67,576.94,178.73
ORD-003929,2025-05-13,2025-05-14,CUST-00302,PROD-00126,6,0.15,2657.97,1831.26,826.71
ORD-003930,2024-05-13,2024-05-18,CUST-00063,PROD-00004,3,0.0,91.95,72.9,19.05
ORD-003931,2025-07-01,2025-07-04,CUST-00176,PROD-00193,5,0.0,1260.65,666.55,594.1
ORD-003932,2025-01-04,2025-01-06,CUST-00273,PROD-00211,5,0.15,2561.69,1747.55,814.14
ORD-003933,2025-05-18,2025-05-22,CUST-00216,PROD-00161,7,0.1,1241.48,802.2,439.28
ORD-003934,2024-06-06,2024-06-12,CUST-00280,PROD-00163,2,0.0,119.16,65.12,54.04
ORD-003935,2025-07-23,2025-07-25,CUST-00117,PROD-00216,3,0.0,1445.28,1160.31,284.97
ORD-003936,2025-12-29,2026-01-01,CUST-00187,PROD-00076,1,0.0,247.0,132.47,114.53
ORD-003937,2025-05-07,2025-05-13,CUST-00473,PROD-00044,6,0.2,2560.66,1781.1,779.56
ORD-003938,2024-12-28,2024-12-30,CUST-00038,PROD-00014,2,0.2,682.42,538.9,143.52
ORD-003939,2025-11-25,2025-12-01,CUST-00410,PROD-00168,6,0.3,461.2,388.98,72.22
ORD-003940,2024-01-13,2024-01-17,CUST-00042,PROD-00041,2,0.1,315.02,201.7,113.32
ORD-003941,2025-07-06,2025-07-12,CUST-00399,PROD-00182,5,0.05,1302.16,1122.95,179.21
ORD-003942,2025-11-08,2025-11-09,CUST-00464,PROD-00050,1,0.0,256.43,140.19,116.24
ORD-003943,2024-02-17,2024-02-20,CUST-00016,PROD-00085,2,0.1,143.05,95.22,47.83
ORD-003944,2024-12-07,2024-12-13,CUST-00219,PROD-00167,1,0.0,186.76,109.98,76.78
ORD-003945,2024-06-08,2024-06-12,CUST-00254,PROD-00149,4,0.05,1140.87,674.72,466.15
ORD-003946,2025-02-20,2025-02-21,CUST-00030,PROD-00185,1,0.0,502.98,386.07,116.91
ORD-003947,2025-04-25,2025-05-01,CUST-00565,PROD-00144,1,0.15,135.71,90.26,45.45
ORD-003948,2024-09-07,2024-09-11,CUST-00503,PROD-00106,7,0.15,199.92,153.58,46.34
ORD-003949,2024-12-12,2024-12-15,CUST-00455,PROD-00111,1,0.05,104.49,88.63,15.86
ORD-003950,2024-08-20,2024-08-26,CUST-00298,PROD-00069,7,0.0,4969.58,2778.51,2191.07
ORD-003951,2024-10-28,2024-11-03,CUST-00567,PROD-00015,5,0.1,2133.86,1998.85,135.01
ORD-003952,2024-05-02,2024-05-06,CUST-00053,PROD-00218,1,0.05,620.63,385.42,235.21
ORD-003953,2025-11-07,2025-11-11,CUST-00240,PROD-00214,1,0.15,166.99,157.59,9.4
ORD-003954,2024-01-08,2024-01-09,CUST-00327,PROD-00068,4,0.1,1603.48,1401.4,202.08
ORD-003955,2025-11-05,2025-11-07,CUST-00327,PROD-00073,2,0.0,790.54,560.84,229.7
ORD-003956,2025-02-24,2025-03-02,CUST-00333,PROD-00157,3,0.0,1520.52,881.91,638.61
ORD-003957,2024-09-29,2024-10-02,CUST-00099,PROD-00220,5,0.0,331.2,275.7,55.5
ORD-003958,2025-06-29,2025-07-05,CUST-00477,PROD-00185,2,0.15,855.07,772.14,82.93
ORD-003959,2025-01-06,2025-01-10,CUST-00367,PROD-00155,3,0.15,723.46,562.83,160.63
ORD-003960,2024-12-31,2025-01-04,CUST-00113,PROD-00177,3,0.05,1380.43,972.33,408.1
ORD-003961,2024-03-25,2024-03-29,CUST-00363,PROD-00145,2,0.0,183.74,131.6,52.14
ORD-003962,2024-11-08,2024-11-11,CUST-00422,PROD-00081,7,0.0,2875.95,1756.16,1119.79
ORD-003963,2024-07-18,2024-07-23,CUST-00354,PROD-00132,2,0.15,435.2,294.62,140.58
ORD-003964,2024-01-13,2024-01-17,CUST-00036,PROD-00102,6,0.15,1241.95,1106.7,135.25
ORD-003965,2024-10-21,2024-10-26,CUST-00320,PROD-00146,5,0.15,781.32,768.0,13.32
ORD-003966,2024-03-09,2024-03-10,CUST-00551,PROD-00157,4,0.05,1925.99,1175.88,750.11
ORD-003967,2024-08-03,2024-08-07,CUST-00394,PROD-00186,1,0.15,429.01,318.8,110.21
ORD-003968,2024-03-12,2024-03-15,CUST-00412,PROD-00204,4,0.0,1701.32,1053.0,648.32
ORD-003969,2024-03-18,2024-03-20,CUST-00301,PROD-00053,5,0.0,1269.55,1057.35,212.2
ORD-003970,2024-06-02,2024-06-07,CUST-00387,PROD-00090,7,0.05,1989.35,1118.11,871.24
ORD-003971,2025-12-31,2026-01-04,CUST-00475,PROD-00174,4,0.2,707.3,704.08,3.22
ORD-003972,2024-01-02,2024-01-03,CUST-00390,PROD-00052,1,0.0,213.75,151.85,61.9
ORD-003973,2025-04-16,2025-04-22,CUST-00029,PROD-00171,2,0.0,142.44,85.66,56.78
ORD-003974,2024-04-18,2024-04-21,CUST-00516,PROD-00002,5,0.1,1991.2,1875.75,115.45
ORD-003975,2025-11-23,2025-11-27,CUST-00315,PROD-00207,6,0.05,2000.64,1651.26,349.38
ORD-003976,2024-03-12,2024-03-18,CUST-00452,PROD-00053,6,0.05,1447.29,1268.82,178.47
ORD-003977,2025-12-10,2025-12-11,CUST-00164,PROD-00186,7,0.0,3533.04,2231.6,1301.44
ORD-003978,2025-03-26,2025-03-30,CUST-00151,PROD-00180,2,0.0,677.74,533.14,144.6
ORD-003979,2024-01-01,2024-01-02,CUST-00018,PROD-00105,7,0.1,2190.7,2021.6,169.1
ORD-003980,2025-11-11,2025-11-17,CUST-00333,PROD-00116,7,0.3,672.62,672.35,0.27
ORD-003981,2025-01-17,2025-01-22,CUST-00331,PROD-00160,3,0.1,81.4,66.66,14.74
ORD-003982,2024-08-07,2024-08-10,CUST-00325,PROD-00015,6,0.05,2702.88,2398.62,304.26
ORD-003983,2025-08-11,2025-08-16,CUST-00069,PROD-00140,4,0.0,1245.56,1039.16,206.4
ORD-003984,2025-11-26,2025-12-02,CUST-00420,PROD-00085,7,0.1,500.66,333.27,167.39
ORD-003985,2024-12-23,2024-12-29,CUST-00089,PROD-00219,4,0.05,811.64,473.44,338.2
ORD-003986,2024-09-17,2024-09-23,CUST-00446,PROD-00193,3,0.0,756.39,399.93,356.46
ORD-003987,2025-08-28,2025-09-02,CUST-00551,PROD-00018,1,0.05,449.88,269.7,180.18
ORD-003988,2025-05-20,2025-05-24,CUST-00001,PROD-00117,2,0.15,346.95,320.7,26.25
ORD-003989,2025-11-08,2025-11-12,CUST-00294,PROD-00085,1,0.1,71.52,47.61,23.91
ORD-003990,2025-05-28,2025-06-03,CUST-00269,PROD-00146,3,0.05,523.94,460.8,63.14
ORD-003991,2024-07-20,2024-07-24,CUST-00560,PROD-00199,7,0.05,3845.1,2140.32,1704.78
ORD-003992,2025-11-29,2025-12-04,CUST-00403,PROD-00208,1,0.1,411.25,336.12,75.13
ORD-003993,2024-03-21,2024-03-22,CUST-00176,PROD-00019,7,0.0,1669.01,926.38,742.63
ORD-003994,2024-08-11,2024-08-14,CUST-00060,PROD-00176,7,0.1,2600.26,2112.04,488.22
ORD-003995,2025-01-16,2025-01-20,CUST-00298,PROD-00077,7,0.0,1278.62,1064.49,214.13
ORD-003996,2025-02-19,2025-02-23,CUST-00335,PROD-00209,3,0.15,1162.67,1042.86,119.81
ORD-003997,2024-01-12,2024-01-17,CUST-00415,PROD-00090,7,0.1,1884.64,1118.11,766.53
ORD-003998,2025-08-22,2025-08-27,CUST-00404,PROD-00010,2,0.2,714.93,696.62,18.31
ORD-003999,2024-10-22,2024-10-26,CUST-00180,PROD-00126,3,0.2,1250.81,915.63,335.18
ORD-004000,2024-11-16,2024-11-21,CUST-00016,PROD-00059,5,0.0,545.2,374.15,171.05
ORD-004001,2025-09-13,2025-09-14,CUST-00545,PROD-00182,5,0.0,1370.7,1122.95,247.75
ORD-004002,2024-11-03,2024-11-04,CUST-00467,PROD-00016,7,0.0,4768.75,2781.73,1987.02
ORD-004003,2024-02-06,2024-02-12,CUST-00459,PROD-00052,5,0.3,748.12,759.25,-11.13
ORD-004004,2024-05-15,2024-05-18,CUST-00521,PROD-00145,3,0.0,275.61,197.4,78.21
ORD-004005,2025-12-10,2025-12-12,CUST-00172,PROD-00123,3,0.3,932.27,1126.38,-194.11
ORD-004006,2024-02-24,2024-02-29,CUST-00252,PROD-00153,7,0.05,3368.42,2637.25,731.17
ORD-004007,2024-10-17,2024-10-22,CUST-00440,PROD-00079,6,0.0,1474.14,1065.24,408.9
ORD-004008,2025-01-02,2025-01-04,CUST-00308,PROD-00161,7,0.05,1310.45,802.2,508.25
ORD-004009,2024-12-28,2024-12-30,CUST-00168,PROD-00087,6,0.1,1118.72,768.3,350.42
ORD-004010,2024-01-04,2024-01-05,CUST-00023,PROD-00098,6,0.15,2929.08,1894.38,1034.7
ORD-004011,2025-01-01,2025-01-02,CUST-00534,PROD-00052,7,0.1,1346.62,1062.95,283.67
ORD-004012,2024-11-05,2024-11-10,CUST-00214,PROD-00080,6,0.2,1003.44,701.28,302.16
ORD-004013,2025-12-18,2025-12-22,CUST-00053,PROD-00183,7,0.05,2220.24,1534.19,686.05
ORD-004014,2024-05-02,2024-05-08,CUST-00482,PROD-00120,1,0.0,170.31,109.31,61.0
ORD-004015,2024-10-17,2024-10-19,CUST-00338,PROD-00155,7,0.15,1688.07,1313.27,374.8
ORD-004016,2024-11-23,2024-11-28,CUST-00394,PROD-00203,1,0.2,494.93,362.9,132.03
ORD-004017,2024-11-09,2024-11-11,CUST-00014,PROD-00077,3,0.05,520.58,456.21,64.37
ORD-004018,2025-05-07,2025-05-10,CUST-00220,PROD-00177,6,0.0,2906.16,1944.66,961.5
ORD-004019,2024-06-20,2024-06-24,CUST-00140,PROD-00220,2,0.0,132.48,110.28,22.2
ORD-004020,2024-06-26,2024-06-27,CUST-00530,PROD-00164,4,0.05,864.27,526.2,338.07
ORD-004021,2025-07-05,2025-07-10,CUST-00404,PROD-00161,6,0.0,1182.36,687.6,494.76
ORD-004022,2024-12-31,2025-01-03,CUST-00373,PROD-00106,2,0.1,60.48,43.88,16.6
ORD-004023,2024-11-20,2024-11-26,CUST-00353,PROD-00101,1,0.3,389.07,314.22,74.85
ORD-004024,2024-05-09,2024-05-10,CUST-00509,PROD-00186,6,0.2,2422.66,1912.8,509.86
ORD-004025,2024-05-23,2024-05-27,CUST-00008,PROD-00064,3,0.0,1131.66,739.59,392.07
ORD-004026,2024-01-09,2024-01-15,CUST-00561,PROD-00166,2,0.3,715.78,707.6,8.18
ORD-004027,2024-03-11,2024-03-14,CUST-00321,PROD-00177,3,0.3,1017.16,972.33,44.83
ORD-004028,2025-02-13,2025-02-15,CUST-00285,PROD-00033,4,0.0,670.92,459.48,211.44
ORD-004029,2025-11-10,2025-11-15,CUST-00370,PROD-00029,3,0.0,1139.31,793.92,345.39
ORD-004030,2024-08-26,2024-09-01,CUST-00360,PROD-00214,3,0.0,589.38,472.77,116.61
ORD-004031,2024-09-26,2024-09-28,CUST-00167,PROD-00111,3,0.1,296.97,265.89,31.08
ORD-004032,2024-03-29,2024-04-01,CUST-00535,PROD-00189,3,0.0,1888.2,1032.03,856.17
ORD-004033,2024-11-08,2024-11-11,CUST-00443,PROD-00200,2,0.0,533.38,376.06,157.32
ORD-004034,2024-01-29,2024-02-01,CUST-00471,PROD-00174,2,0.1,397.85,352.04,45.81
ORD-004035,2025-11-22,2025-11-23,CUST-00463,PROD-00038,4,0.0,58.68,36.04,22.64
ORD-004036,2025-05-13,2025-05-16,CUST-00499,PROD-00178,5,0.2,1140.28,1014.6,125.68
ORD-004037,2025-12-27,2025-12-30,CUST-00596,PROD-00139,7,0.0,1625.68,1119.79,505.89
ORD-004038,2025-11-05,2025-11-10,CUST-00135,PROD-00188,2,0.0,575.46,366.92,208.54
ORD-004039,2024-12-18,2024-12-24,CUST-00400,PROD-00118,4,0.0,288.84,222.52,66.32
ORD-004040,2025-01-15,2025-01-19,CUST-00417,PROD-00207,5,0.2,1403.96,1376.05,27.91
ORD-004041,2024-05-26,2024-05-27,CUST-00293,PROD-00113,7,0.1,1052.54,940.17,112.37
ORD-004042,2024-12-13,2024-12-14,CUST-00452,PROD-00003,1,0.0,95.56,78.56,17.0
ORD-004043,2025-11-15,2025-11-18,CUST-00030,PROD-00071,6,0.05,3482.93,2089.68,1393.25
ORD-004044,2024-02-09,2024-02-11,CUST-00238,PROD-00219,7,0.1,1345.62,828.52,517.1
ORD-004045,2025-10-24,2025-10-30,CUST-00207,PROD-00190,7,0.0,1994.3,1697.22,297.08
ORD-004046,2024-10-07,2024-10-09,CUST-00460,PROD-00136,1,0.05,215.18,152.38,62.8
ORD-004047,2025-11-13,2025-11-19,CUST-00351,PROD-00017,7,0.1,3389.97,2082.29,1307.68
ORD-004048,2025-12-03,2025-12-08,CUST-00244,PROD-00095,1,0.2,265.52,186.12,79.4
ORD-004049,2025-05-11,2025-05-15,CUST-00420,PROD-00035,3,0.05,1002.52,857.85,144.67
ORD-004050,2025-05-06,2025-05-08,CUST-00207,PROD-00205,7,0.0,4043.76,2268.21,1775.55
ORD-004051,2024-12-09,2024-12-12,CUST-00549,PROD-00213,7,0.1,1769.04,1593.83,175.21
ORD-004052,2025-10-03,2025-10-05,CUST-00377,PROD-00209,3,0.05,1299.46,1042.86,256.6
ORD-004053,2025-12-13,2025-12-19,CUST-00423,PROD-00184,6,0.05,1527.54,1110.42,417.12
ORD-004054,2025-08-17,2025-08-23,CUST-00147,PROD-00026,7,0.0,2971.78,1724.1,1247.68
ORD-004055,2025-04-04,2025-04-07,CUST-00573,PROD-00195,4,0.1,2317.75,1568.28,749.47
ORD-004056,2025-03-23,2025-03-27,CUST-00049,PROD-00107,5,0.1,1130.08,725.4,404.68
ORD-004057,2025-10-14,2025-10-16,CUST-00314,PROD-00011,7,0.1,1133.75,1083.04,50.71
ORD-004058,2025-02-01,2025-02-06,CUST-00361,PROD-00171,1,0.05,67.66,42.83,24.83
ORD-004059,2025-09-09,2025-09-15,CUST-00561,PROD-00155,4,0.1,1021.36,750.44,270.92
ORD-004060,2025-01-07,2025-01-09,CUST-00300,PROD-00175,7,0.2,2265.2,1891.82,373.38
ORD-004061,2024-02-17,2024-02-18,CUST-00509,PROD-00108,4,0.0,858.52,588.4,270.12
ORD-004062,2024-11-06,2024-11-10,CUST-00082,PROD-00148,7,0.1,2473.32,1805.44,667.88
ORD-004063,2024-12-05,2024-12-09,CUST-00495,PROD-00170,3,0.0,279.06,239.22,39.84
ORD-004064,2024-04-18,2024-04-20,CUST-00434,PROD-00034,3,0.0,303.09,168.9,134.19
ORD-004065,2024-03-19,2024-03-21,CUST-00367,PROD-00106,2,0.1,60.48,43.88,16.6
ORD-004066,2025-01-27,2025-01-28,CUST-00524,PROD-00168,7,0.1,691.8,453.81,237.99
ORD-004067,2024-03-06,2024-03-07,CUST-00411,PROD-00008,1,0.1,194.44,128.71,65.73
ORD-004068,2024-09-07,2024-09-10,CUST-00057,PROD-00135,6,0.1,2743.2,2028.3,714.9
ORD-004069,2025-07-22,2025-07-26,CUST-00026,PROD-00187,2,0.2,479.55,326.44,153.11
ORD-004070,2025-12-14,2025-12-20,CUST-00163,PROD-00158,2,0.0,172.42,118.98,53.44
ORD-004071,2025-06-23,2025-06-26,CUST-00212,PROD-00054,3,0.0,1051.35,776.85,274.5
ORD-004072,2025-12-28,2026-01-02,CUST-00431,PROD-00215,6,0.0,1230.96,1041.84,189.12
ORD-004073,2025-06-02,2025-06-04,CUST-00089,PROD-00079,3,0.0,737.07,532.62,204.45
ORD-004074,2024-08-31,2024-09-02,CUST-00113,PROD-00172,3,0.3,296.39,291.42,4.97
ORD-004075,2025-05-12,2025-05-17,CUST-00525,PROD-00174,5,0.05,1049.89,880.1,169.79
ORD-004076,2025-06-06,2025-06-11,CUST-00104,PROD-00130,7,0.05,1924.78,1157.73,767.05
ORD-004077,2024-10-30,2024-11-03,CUST-00290,PROD-00202,3,0.1,1097.79,995.34,102.45
ORD-004078,2024-01-14,2024-01-16,CUST-00200,PROD-00070,1,0.0,94.54,53.62,40.92
ORD-004079,2025-06-07,2025-06-10,CUST-00117,PROD-00118,4,0.0,288.84,222.52,66.32
ORD-004080,2024-01-17,2024-01-22,CUST-00151,PROD-00212,1,0.0,590.28,360.35,229.93
ORD-004081,2025-04-11,2025-04-12,CUST-00172,PROD-00115,5,0.15,348.88,347.0,1.88
ORD-004082,2024-05-05,2024-05-06,CUST-00256,PROD-00164,6,0.05,1296.41,789.3,507.11
ORD-004083,2025-02-19,2025-02-23,CUST-00378,PROD-00150,2,0.0,991.02,761.04,229.98
ORD-004084,2025-01-03,2025-01-08,CUST-00597,PROD-00095,2,0.15,564.23,372.24,191.99
ORD-004085,2024-01-11,2024-01-16,CUST-00219,PROD-00030,1,0.0,178.81,145.84,32.97
ORD-004086,2024-10-23,2024-10-26,CUST-00410,PROD-00198,1,0.05,577.26,344.41,232.85
ORD-004087,2025-03-19,2025-03-24,CUST-00207,PROD-00152,5,0.0,1990.35,1189.5,800.85
ORD-004088,2025-10-13,2025-10-17,CUST-00430,PROD-00180,1,0.0,338.87,266.57,72.3
ORD-004089,2025-11-08,2025-11-10,CUST-00138,PROD-00098,1,0.05,545.61,315.73,229.88
ORD-004090,2024-12-23,2024-12-27,CUST-00238,PROD-00018,4,0.1,1704.82,1078.8,626.02
ORD-004091,2025-07-05,2025-07-11,CUST-00316,PROD-00037,4,0.05,1005.21,894.76,110.45
ORD-004092,2024-09-18,2024-09-19,CUST-00286,PROD-00119,6,0.15,3348.3,2382.18,966.12
ORD-004093,2024-10-07,2024-10-10,CUST-00586,PROD-00037,3,0.0,793.59,671.07,122.52
ORD-004094,2024-05-29,2024-06-03,CUST-00307,PROD-00093,7,0.0,1350.93,717.85,633.08
ORD-004095,2025-02-17,2025-02-22,CUST-00215,PROD-00191,2,0.0,912.88,659.18,253.7
ORD-004096,2024-09-16,2024-09-20,CUST-00105,PROD-00141,5,0.05,1733.94,1138.9,595.04
ORD-004097,2024-03-05,2024-03-10,CUST-00505,PROD-00193,2,0.0,504.26,266.62,237.64
ORD-004098,2025-05-22,2025-05-26,CUST-00574,PROD-00024,4,0.15,778.53,783.36,-4.83
ORD-004099,2025-06-12,2025-06-17,CUST-00180,PROD-00220,7,0.0,463.68,385.98,77.7
ORD-004100,2024-10-21,2024-10-27,CUST-00593,PROD-00126,1,0.0,521.17,305.21,215.96
ORD-004101,2024-02-28,2024-03-05,CUST-00459,PROD-00036,1,0.1,486.02,367.76,118.26
ORD-004102,2024-11-26,2024-12-02,CUST-00060,PROD-00163,2,0.0,119.16,65.12,54.04
ORD-004103,2024-12-04,2024-12-06,CUST-00557,PROD-00197,4,0.2,414.08,360.88,53.2
ORD-004104,2025-05-09,2025-05-14,CUST-00260,PROD-00091,5,0.1,1349.5,860.4,489.1
ORD-004105,2024-09-17,2024-09-18,CUST-00160,PROD-00166,7,0.05,3399.95,2476.6,923.35
ORD-004106,2025-05-20,2025-05-24,CUST-00432,PROD-00158,3,0.0,258.63,178.47,80.16
ORD-004107,2025-10-30,2025-11-02,CUST-00100,PROD-00107,2,0.1,452.03,290.16,161.87
ORD-004108,2024-07-14,2024-07-17,CUST-00493,PROD-00043,7,0.05,2500.4,1767.85,732.55
ORD-004109,2025-12-21,2025-12-26,CUST-00304,PROD-00005,3,0.15,821.2,830.7,-9.5
ORD-004110,2024-11-07,2024-11-12,CUST-00400,PROD-00083,1,0.0,490.31,303.67,186.64
ORD-004111,2024-08-11,2024-08-12,CUST-00383,PROD-00091,2,0.0,599.78,344.16,255.62
ORD-004112,2024-11-24,2024-11-25,CUST-00410,PROD-00070,3,0.0,283.62,160.86,122.76
ORD-004113,2024-03-13,2024-03-16,CUST-00065,PROD-00063,2,0.05,628.6,542.5,86.1
ORD-004114,2024-04-06,2024-04-09,CUST-00411,PROD-00124,7,0.2,1888.32,1936.48,-48.16
ORD-004115,2024-11-20,2024-11-23,CUST-00379,PROD-00087,5,0.05,984.06,640.25,343.81
ORD-004116,2025-08-08,2025-08-10,CUST-00313,PROD-00159,5,0.1,2071.12,1914.95,156.17
ORD-004117,2025-11-14,2025-11-18,CUST-00231,PROD-00157,1,0.1,456.16,293.97,162.19
ORD-004118,2025-05-07,2025-05-09,CUST-00365,PROD-00157,5,0.2,2027.36,1469.85,557.51
ORD-004119,2024-03-21,2024-03-23,CUST-00265,PROD-00015,4,0.05,1801.92,1599.08,202.84
ORD-004120,2025-05-12,2025-05-17,CUST-00387,PROD-00180,7,0.0,2372.09,1865.99,506.1
ORD-004121,2025-04-14,2025-04-15,CUST-00295,PROD-00171,6,0.05,405.95,256.98,148.97
ORD-004122,2025-09-10,2025-09-11,CUST-00240,PROD-00165,7,0.05,181.35,115.85,65.5
ORD-004123,2025-09-25,2025-09-28,CUST-00022,PROD-00078,5,0.2,479.92,495.8,-15.88
ORD-004124,2025-10-28,2025-10-29,CUST-00353,PROD-00115,7,0.1,517.17,485.8,31.37
ORD-004125,2024-11-20,2024-11-25,CUST-00556,PROD-00041,4,0.1,630.04,403.4,226.64
ORD-004126,2025-06-01,2025-06-07,CUST-00213,PROD-00018,3,0.1,1278.61,809.1,469.51
ORD-004127,2024-08-12,2024-08-13,CUST-00449,PROD-00182,5,0.2,1096.56,1122.95,-26.39
ORD-004128,2025-12-31,2026-01-03,CUST-00189,PROD-00190,7,0.2,1595.44,1697.22,-101.78
ORD-004129,2024-05-14,2024-05-19,CUST-00224,PROD-00005,1,0.0,322.04,276.9,45.14
ORD-004130,2024-01-08,2024-01-13,CUST-00230,PROD-00101,1,0.05,528.02,314.22,213.8
ORD-004131,2024-04-24,2024-04-30,CUST-00034,PROD-00040,5,0.0,1366.75,747.1,619.65
ORD-004132,2025-08-18,2025-08-21,CUST-00127,PROD-00142,4,0.3,797.55,976.16,-178.61
ORD-004133,2024-12-06,2024-12-08,CUST-00350,PROD-00012,7,0.0,3850.63,2440.27,1410.36
ORD-004134,2024-12-06,2024-12-10,CUST-00233,PROD-00002,1,0.0,442.49,375.15,67.34
ORD-004135,2025-12-10,2025-12-12,CUST-00418,PROD-00192,4,0.3,206.58,162.88,43.7
ORD-004136,2025-11-23,2025-11-25,CUST-00277,PROD-00010,5,0.0,2234.15,1741.55,492.6
ORD-004137,2024-09-14,2024-09-16,CUST-00198,PROD-00014,5,0.05,2025.92,1347.25,678.67
ORD-004138,2024-06-13,2024-06-19,CUST-00542,PROD-00201,6,0.05,3105.87,2117.34,988.53
ORD-004139,2025-10-13,2025-10-19,CUST-00401,PROD-00062,2,0.1,1318.79,794.1,524.69
ORD-004140,2025-11-16,2025-11-22,CUST-00309,PROD-00160,4,0.05,114.57,88.88,25.69
ORD-004141,2025-02-01,2025-02-05,CUST-00422,PROD-00178,7,0.05,1895.72,1420.44,475.28
ORD-004142,2025-04-09,2025-04-15,CUST-00233,PROD-00168,1,0.0,109.81,64.83,44.98
ORD-004143,2024-08-03,2024-08-05,CUST-00436,PROD-00079,4,0.1,884.48,710.16,174.32
ORD-004144,2025-09-06,2025-09-12,CUST-00088,PROD-00055,3,0.1,815.99,650.76,165.23
ORD-004145,2025-04-11,2025-04-17,CUST-00514,PROD-00178,1,0.0,285.07,202.92,82.15
ORD-004146,2025-01-03,2025-01-09,CUST-00017,PROD-00187,1,0.0,299.72,163.22,136.5
ORD-004147,2024-02-16,2024-02-19,CUST-00249,PROD-00198,1,0.2,486.11,344.41,141.7
ORD-004148,2025-11-21,2025-11-23,CUST-00357,PROD-00035,7,0.0,2462.32,2001.65,460.67
ORD-004149,2025-03-30,2025-03-31,CUST-00010,PROD-00218,7,0.15,3887.08,2697.94,1189.14
ORD-004150,2024-05-27,2024-05-28,CUST-00450,PROD-00220,2,0.0,132.48,110.28,22.2
ORD-004151,2025-03-23,2025-03-29,CUST-00381,PROD-00157,7,0.1,3193.09,2057.79,1135.3
ORD-004152,2025-05-16,2025-05-17,CUST-00510,PROD-00116,3,0.0,411.81,288.15,123.66
ORD-004153,2025-01-20,2025-01-22,CUST-00370,PROD-00069,6,0.0,4259.64,2381.58,1878.06
ORD-004154,2025-06-23,2025-06-28,CUST-00600,PROD-00083,4,0.3,1372.87,1214.68,158.19
ORD-004155,2025-03-04,2025-03-05,CUST-00348,PROD-00016,3,0.15,1737.19,1192.17,545.02
ORD-004156,2025-12-06,2025-12-11,CUST-00389,PROD-00203,3,0.15,1577.58,1088.7,488.88
ORD-004157,2024-02-11,2024-02-14,CUST-00361,PROD-00065,7,0.15,181.71,155.19,26.52
ORD-004158,2024-03-22,2024-03-24,CUST-00531,PROD-00016,5,0.05,3235.94,1986.95,1248.99
ORD-004159,2024-05-13,2024-05-16,CUST-00068,PROD-00078,6,0.0,719.88,594.96,124.92
ORD-004160,2025-05-26,2025-05-30,CUST-00022,PROD-00175,6,0.0,2427.0,1621.56,805.44
ORD-004161,2025-04-22,2025-04-28,CUST-00410,PROD-00049,5,0.05,2347.64,1982.85,364.79
ORD-004162,2025-11-10,2025-11-12,CUST-00181,PROD-00034,2,0.05,191.96,112.6,79.36
ORD-004163,2025-07-09,2025-07-11,CUST-00028,PROD-00003,5,0.0,477.8,392.8,85.0
ORD-004164,2025-01-06,2025-01-10,CUST-00035,PROD-00180,2,0.15,576.08,533.14,42.94
ORD-004165,2025-12-28,2025-12-31,CUST-00047,PROD-00182,4,0.2,877.25,898.36,-21.11
ORD-004166,2024-08-10,2024-08-14,CUST-00035,PROD-00103,7,0.0,1866.83,1478.54,388.29
ORD-004167,2025-10-01,2025-10-06,CUST-00272,PROD-00144,3,0.05,455.03,270.78,184.25
ORD-004168,2024-11-26,2024-12-01,CUST-00566,PROD-00148,4,0.0,1570.36,1031.68,538.68
ORD-004169,2025-04-24,2025-04-28,CUST-00576,PROD-00058,6,0.05,2800.47,2300.34,500.13
ORD-004170,2025-07-03,2025-07-09,CUST-00084,PROD-00132,6,0.1,1382.4,883.86,498.54
ORD-004171,2025-04-13,2025-04-14,CUST-00421,PROD-00092,3,0.15,339.02,247.08,91.94
ORD-004172,2024-04-17,2024-04-22,CUST-00152,PROD-00010,6,0.0,2680.98,2089.86,591.12
ORD-004173,2024-12-04,2024-12-09,CUST-00544,PROD-00212,6,0.0,3541.68,2162.1,1379.58
ORD-004174,2025-02-16,2025-02-18,CUST-00522,PROD-00118,3,0.05,205.8,166.89,38.91
ORD-004175,2025-10-13,2025-10-16,CUST-00409,PROD-00007,6,0.0,1322.88,853.92,468.96
ORD-004176,2024-12-04,2024-12-06,CUST-00594,PROD-00131,1,0.0,526.64,299.0,227.64
ORD-004177,2025-11-23,2025-11-24,CUST-00571,PROD-00072,6,0.0,2747.1,1973.64,773.46
ORD-004178,2024-12-03,2024-12-09,CUST-00462,PROD-00017,1,0.05,511.19,297.47,213.72
ORD-004179,2025-02-06,2025-02-11,CUST-00596,PROD-00177,4,0.2,1549.95,1296.44,253.51
ORD-004180,2025-09-03,2025-09-05,CUST-00112,PROD-00172,3,0.15,359.91,291.42,68.49
ORD-004181,2025-03-05,2025-03-07,CUST-00319,PROD-00082,3,0.0,889.89,687.78,202.11
ORD-004182,2025-12-12,2025-12-13,CUST-00249,PROD-00131,3,0.1,1421.93,897.0,524.93
ORD-004183,2025-05-03,2025-05-07,CUST-00363,PROD-00040,4,0.1,984.06,597.68,386.38
ORD-004184,2025-01-17,2025-01-21,CUST-00133,PROD-00039,7,0.1,803.31,681.87,121.44
ORD-004185,2024-01-19,2024-01-23,CUST-00033,PROD-00118,5,0.1,324.94,278.15,46.79
ORD-004186,2024-11-20,2024-11-21,CUST-00305,PROD-00025,4,0.05,389.84,265.6,124.24
ORD-004187,2024-09-05,2024-09-10,CUST-00230,PROD-00102,2,0.3,340.93,368.9,-27.97
ORD-004188,2025-07-26,2025-07-28,CUST-00362,PROD-00164,1,0.0,227.44,131.55,95.89
ORD-004189,2024-06-12,2024-06-14,CUST-00595,PROD-00017,1,0.1,484.28,297.47,186.81
ORD-004190,2024-06-08,2024-06-14,CUST-00490,PROD-00020,1,0.1,199.68,136.73,62.95
ORD-004191,2024-05-25,2024-05-31,CUST-00535,PROD-00170,4,0.3,260.46,318.96,-58.5
ORD-004192,2024-04-06,2024-04-07,CUST-00273,PROD-00075,3,0.1,1512.65,1109.16,403.49
ORD-004193,2024-09-14,2024-09-18,CUST-00149,PROD-00150,1,0.1,445.96,380.52,65.44
ORD-004194,2025-11-07,2025-11-13,CUST-00082,PROD-00007,6,0.1,1190.59,853.92,336.67
ORD-004195,2025-08-17,2025-08-23,CUST-00478,PROD-00183,2,0.0,667.74,438.34,229.4
ORD-004196,2025-07-12,2025-07-14,CUST-00300,PROD-00169,1,0.2,285.4,189.86,95.54
ORD-004197,2025-09-04,2025-09-09,CUST-00343,PROD-00140,6,0.2,1494.67,1558.74,-64.07
ORD-004198,2024-08-13,2024-08-16,CUST-00355,PROD-00047,7,0.15,2944.83,2766.47,178.36
ORD-004199,2025-11-08,2025-11-13,CUST-00079,PROD-00191,3,0.1,1232.39,988.77,243.62
ORD-004200,2024-04-15,2024-04-16,CUST-00543,PROD-00158,2,0.05,163.8,118.98,44.82
ORD-004201,2024-10-03,2024-10-09,CUST-00022,PROD-00126,3,0.15,1328.98,915.63,413.35
ORD-004202,2025-03-08,2025-03-14,CUST-00157,PROD-00074,6,0.0,3545.1,2241.78,1303.32
ORD-004203,2024-03-19,2024-03-25,CUST-00465,PROD-00164,4,0.1,818.78,526.2,292.58
ORD-004204,2025-07-06,2025-07-07,CUST-00242,PROD-00064,7,0.0,2640.54,1725.71,914.83
ORD-004205,2024-11-07,2024-11-12,CUST-00302,PROD-00216,3,0.1,1300.75,1160.31,140.44
ORD-004206,2025-08-25,2025-08-29,CUST-00259,PROD-00030,2,0.1,321.86,291.68,30.18
ORD-004207,2024-12-28,2024-12-29,CUST-00035,PROD-00147,2,0.1,1329.71,798.7,531.01
ORD-004208,2024-05-18,2024-05-19,CUST-00057,PROD-00101,1,0.0,555.81,314.22,241.59
ORD-004209,2025-07-12,2025-07-14,CUST-00361,PROD-00157,7,0.3,2483.52,2057.79,425.73
ORD-004210,2024-07-30,2024-08-05,CUST-00226,PROD-00068,1,0.1,400.87,350.35,50.52
ORD-004211,2024-12-27,2024-12-31,CUST-00555,PROD-00095,5,0.15,1410.58,930.6,479.98
ORD-004212,2024-02-27,2024-02-28,CUST-00153,PROD-00083,4,0.05,1863.18,1214.68,648.5
ORD-004213,2025-03-31,2025-04-03,CUST-00119,PROD-00214,5,0.0,982.3,787.95,194.35
ORD-004214,2025-05-07,2025-05-10,CUST-00565,PROD-00146,5,0.05,873.24,768.0,105.24
ORD-004215,2024-11-03,2024-11-08,CUST-00042,PROD-00139,7,0.0,1625.68,1119.79,505.89
ORD-004216,2025-12-10,2025-12-15,CUST-00599,PROD-00097,1,0.15,236.85,194.6,42.25
ORD-004217,2025-11-01,2025-11-06,CUST-00051,PROD-00038,3,0.2,35.21,27.03,8.18
ORD-004218,2025-06-12,2025-06-17,CUST-00223,PROD-00209,3,0.1,1231.06,1042.86,188.2
ORD-004219,2025-06-18,2025-06-23,CUST-00311,PROD-00173,2,0.0,535.56,442.14,93.42
ORD-004220,2024-07-30,2024-08-03,CUST-00505,PROD-00073,4,0.0,1581.08,1121.68,459.4
ORD-004221,2025-04-30,2025-05-04,CUST-00562,PROD-00122,1,0.2,32.37,29.11,3.26
ORD-004222,2024-06-01,2024-06-05,CUST-00040,PROD-00060,6,0.0,1426.92,865.5,561.42
ORD-004223,2024-04-20,2024-04-26,CUST-00002,PROD-00213,2,0.0,561.6,455.38,106.22
ORD-004224,2025-12-31,2026-01-05,CUST-00210,PROD-00058,4,0.0,1965.24,1533.56,431.68
ORD-004225,2025-04-04,2025-04-05,CUST-00489,PROD-00048,6,0.0,1616.88,1089.3,527.58
ORD-004226,2024-11-28,2024-11-30,CUST-00389,PROD-00198,2,0.1,1093.75,688.82,404.93
ORD-004227,2024-08-27,2024-08-31,CUST-00327,PROD-00132,5,0.0,1280.0,736.55,543.45
ORD-004228,2025-03-21,2025-03-25,CUST-00468,PROD-00106,6,0.0,201.6,131.64,69.96
ORD-004229,2024-02-08,2024-02-10,CUST-00047,PROD-00106,1,0.0,33.6,21.94,11.66
ORD-004230,2024-03-13,2024-03-17,CUST-00487,PROD-00079,3,0.0,737.07,532.62,204.45
ORD-004231,2024-01-26,2024-01-29,CUST-00178,PROD-00115,7,0.0,574.63,485.8,88.83
ORD-004232,2024-12-31,2025-01-01,CUST-00197,PROD-00145,6,0.1,496.1,394.8,101.3
ORD-004233,2025-03-18,2025-03-23,CUST-00076,PROD-00170,7,0.15,553.47,558.18,-4.71
ORD-004234,2024-02-17,2024-02-23,CUST-00294,PROD-00041,6,0.15,892.55,605.1,287.45
ORD-004235,2025-06-27,2025-06-30,CUST-00431,PROD-00022,6,0.0,1269.3,1093.26,176.04
ORD-004236,2024-07-06,2024-07-11,CUST-00317,PROD-00074,3,0.0,1772.55,1120.89,651.66
ORD-004237,2025-05-22,2025-05-26,CUST-00072,PROD-00020,7,0.0,1553.09,957.11,595.98
ORD-004238,2025-12-23,2025-12-25,CUST-00089,PROD-00154,1,0.1,209.74,155.75,53.99
ORD-004239,2025-05-27,2025-05-29,CUST-00154,PROD-00078,6,0.15,611.9,594.96,16.94
ORD-004240,2025-11-05,2025-11-08,CUST-00339,PROD-00117,5,0.1,918.41,801.75,116.66
ORD-004241,2025-12-07,2025-12-11,CUST-00526,PROD-00025,7,0.0,718.13,464.8,253.33
ORD-004242,2024-12-25,2024-12-27,CUST-00203,PROD-00101,1,0.0,555.81,314.22,241.59
ORD-004243,2025-06-06,2025-06-11,CUST-00178,PROD-00020,2,0.05,421.55,273.46,148.09
ORD-004244,2025-10-15,2025-10-18,CUST-00525,PROD-00145,1,0.0,91.87,65.8,26.07
ORD-004245,2024-10-19,2024-10-24,CUST-00422,PROD-00014,5,0.05,2025.92,1347.25,678.67
ORD-004246,2024-08-06,2024-08-11,CUST-00324,PROD-00055,7,0.0,2115.54,1518.44,597.1
ORD-004247,2025-12-06,2025-12-10,CUST-00498,PROD-00144,2,0.0,319.32,180.52,138.8
ORD-004248,2025-07-02,2025-07-05,CUST-00145,PROD-00180,6,0.05,1931.56,1599.42,332.14
ORD-004249,2024-06-24,2024-06-30,CUST-00167,PROD-00105,2,0.1,625.91,577.6,48.31
ORD-004250,2024-12-07,2024-12-12,CUST-00082,PROD-00094,3,0.0,105.9,74.13,31.77
ORD-004251,2025-09-03,2025-09-08,CUST-00361,PROD-00063,2,0.0,661.68,542.5,119.18
ORD-004252,2025-02-05,2025-02-09,CUST-00401,PROD-00171,7,0.0,498.54,299.81,198.73
ORD-004253,2025-04-25,2025-04-27,CUST-00034,PROD-00001,7,0.1,254.84,149.8,105.04
ORD-004254,2025-08-01,2025-08-04,CUST-00588,PROD-00027,3,0.2,1066.82,865.41,201.41
ORD-004255,2025-04-04,2025-04-09,CUST-00491,PROD-00068,1,0.1,400.87,350.35,50.52
ORD-004256,2025-01-31,2025-02-01,CUST-00371,PROD-00153,5,0.15,2152.75,1883.75,269.0
ORD-004257,2025-07-28,2025-08-03,CUST-00337,PROD-00062,1,0.15,622.76,397.05,225.71
ORD-004258,2025-07-04,2025-07-08,CUST-00088,PROD-00207,3,0.0,1052.97,825.63,227.34
ORD-004259,2025-04-10,2025-04-11,CUST-00211,PROD-00197,1,0.05,122.93,90.22,32.71
ORD-004260,2024-10-21,2024-10-24,CUST-00290,PROD-00112,6,0.0,2418.24,1562.46,855.78
ORD-004261,2024-11-16,2024-11-22,CUST-00412,PROD-00099,5,0.3,1730.33,1331.05,399.28
ORD-004262,2025-12-17,2025-12-18,CUST-00068,PROD-00136,4,0.05,860.74,609.52,251.22
ORD-004263,2024-03-27,2024-04-02,CUST-00541,PROD-00193,2,0.0,504.26,266.62,237.64
ORD-004264,2024-08-12,2024-08-13,CUST-00200,PROD-00219,2,0.0,427.18,236.72,190.46
ORD-004265,2024-12-28,2025-01-02,CUST-00462,PROD-00044,7,0.0,3734.29,2077.95,1656.34
ORD-004266,2025-10-04,2025-10-08,CUST-00337,PROD-00074,3,0.1,1595.3,1120.89,474.41
ORD-004267,2024-05-05,2024-05-11,CUST-00554,PROD-00110,1,0.1,374.15,314.73,59.42
ORD-004268,2024-08-18,2024-08-22,CUST-00273,PROD-00105,1,0.1,312.96,288.8,24.16
ORD-004269,2024-02-20,2024-02-24,CUST-00100,PROD-00090,6,0.0,1794.9,958.38,836.52
ORD-004270,2025-06-10,2025-06-13,CUST-00081,PROD-00115,4,0.0,328.36,277.6,50.76
ORD-004271,2024-07-15,2024-07-19,CUST-00309,PROD-00049,5,0.2,1976.96,1982.85,-5.89
ORD-004272,2024-11-08,2024-11-10,CUST-00291,PROD-00030,6,0.1,965.57,875.04,90.53
ORD-004273,2024-12-04,2024-12-10,CUST-00405,PROD-00180,5,0.05,1609.63,1332.85,276.78
ORD-004274,2025-11-09,2025-11-10,CUST-00343,PROD-00158,3,0.05,245.7,178.47,67.23
ORD-004275,2024-11-19,2024-11-21,CUST-00142,PROD-00149,2,0.0,600.46,337.36,263.1
ORD-004276,2024-04-21,2024-04-27,CUST-00365,PROD-00095,4,0.0,1327.6,744.48,583.12
ORD-004277,2025-01-19,2025-01-22,CUST-00176,PROD-00132,2,0.1,460.8,294.62,166.18
ORD-004278,2025-12-14,2025-12-17,CUST-00413,PROD-00133,2,0.0,720.74,612.62,108.12
ORD-004279,2025-03-24,2025-03-27,CUST-00213,PROD-00211,5,0.15,2561.69,1747.55,814.14
ORD-004280,2025-12-24,2025-12-29,CUST-00524,PROD-00175,2,0.15,687.65,540.52,147.13
ORD-004281,2025-10-07,2025-10-10,CUST-00467,PROD-00091,6,0.0,1799.34,1032.48,766.86
ORD-004282,2024-01-28,2024-02-02,CUST-00259,PROD-00087,6,0.2,994.42,768.3,226.12
ORD-004283,2025-05-02,2025-05-07,CUST-00516,PROD-00057,6,0.1,1383.43,1097.82,285.61
ORD-004284,2024-08-26,2024-08-27,CUST-00200,PROD-00184,5,0.1,1205.96,925.35,280.61
ORD-004285,2025-02-15,2025-02-16,CUST-00158,PROD-00104,3,0.2,517.3,545.28,-27.98
ORD-004286,2024-08-20,2024-08-26,CUST-00021,PROD-00127,3,0.3,172.77,202.26,-29.49
ORD-004287,2024-10-13,2024-10-16,CUST-00385,PROD-00182,2,0.1,493.45,449.18,44.27
ORD-004288,2025-11-25,2025-11-28,CUST-00452,PROD-00083,5,0.0,2451.55,1518.35,933.2
ORD-004289,2024-06-10,2024-06-11,CUST-00392,PROD-00062,7,0.2,4102.9,2779.35,1323.55
ORD-004290,2025-11-01,2025-11-04,CUST-00600,PROD-00154,2,0.0,466.1,311.5,154.6
ORD-004291,2024-01-24,2024-01-30,CUST-00413,PROD-00043,7,0.3,1842.4,1767.85,74.55
ORD-004292,2024-03-10,2024-03-11,CUST-00261,PROD-00178,6,0.2,1368.34,1217.52,150.82
ORD-004293,2025-10-18,2025-10-22,CUST-00165,PROD-00072,7,0.15,2724.21,2302.58,421.63
ORD-004294,2025-04-10,2025-04-15,CUST-00161,PROD-00134,3,0.0,1640.82,1150.68,490.14
ORD-004295,2025-07-25,2025-07-30,CUST-00092,PROD-00135,1,0.0,508.0,338.05,169.95
ORD-004296,2024-06-13,2024-06-14,CUST-00403,PROD-00117,6,0.05,1163.31,962.1,201.21
ORD-004297,2025-01-28,2025-01-31,CUST-00595,PROD-00114,4,0.0,1548.36,975.76,572.6
ORD-004298,2025-07-14,2025-07-16,CUST-00485,PROD-00187,2,0.05,569.47,326.44,243.03
ORD-004299,2025-04-08,2025-04-13,CUST-00250,PROD-00054,2,0.0,700.9,517.9,183.0
ORD-004300,2024-12-18,2024-12-19,CUST-00153,PROD-00032,1,0.0,286.94,235.73,51.21
ORD-004301,2025-12-12,2025-12-16,CUST-00146,PROD-00075,3,0.0,1680.72,1109.16,571.56
ORD-004302,2025-05-15,2025-05-17,CUST-00141,PROD-00088,3,0.2,258.05,177.72,80.33
ORD-004303,2025-11-17,2025-11-22,CUST-00355,PROD-00021,6,0.2,1177.54,942.72,234.82
ORD-004304,2025-07-06,2025-07-12,CUST-00087,PROD-00180,5,0.1,1524.92,1332.85,192.07
ORD-004305,2025-07-12,2025-07-15,CUST-00113,PROD-00220,3,0.0,198.72,165.42,33.3
ORD-004306,2024-03-02,2024-03-08,CUST-00237,PROD-00187,3,0.1,809.24,489.66,319.58
ORD-004307,2024-10-21,2024-10-23,CUST-00220,PROD-00032,7,0.0,2008.58,1650.11,358.47
ORD-004308,2025-10-20,2025-10-24,CUST-00233,PROD-00185,7,0.3,2464.6,2702.49,-237.89
ORD-004309,2024-07-08,2024-07-10,CUST-00210,PROD-00210,2,0.0,57.9,42.02,15.88
ORD-004310,2024-03-29,2024-03-31,CUST-00178,PROD-00011,3,0.1,485.89,464.16,21.73
ORD-004311,2024-09-25,2024-09-29,CUST-00520,PROD-00200,3,0.0,800.07,564.09,235.98
ORD-004312,2024-06-25,2024-06-26,CUST-00053,PROD-00044,6,0.2,2560.66,1781.1,779.56
ORD-004313,2025-11-26,2025-11-28,CUST-00489,PROD-00051,1,0.0,75.7,41.58,34.12
ORD-004314,2025-10-28,2025-11-03,CUST-00006,PROD-00166,4,0.1,1840.57,1415.2,425.37
ORD-004315,2024-12-31,2025-01-05,CUST-00334,PROD-00192,2,0.1,132.8,81.44,51.36
ORD-004316,2024-02-17,2024-02-22,CUST-00065,PROD-00166,6,0.05,2914.24,2122.8,791.44
ORD-004317,2025-06-19,2025-06-24,CUST-00329,PROD-00134,6,0.1,2953.48,2301.36,652.12
ORD-004318,2025-04-05,2025-04-07,CUST-00313,PROD-00053,6,0.05,1447.29,1268.82,178.47
ORD-004319,2025-12-17,2025-12-20,CUST-00189,PROD-00209,2,0.05,866.3,695.24,171.06
ORD-004320,2025-02-14,2025-02-15,CUST-00445,PROD-00118,6,0.0,433.26,333.78,99.48
ORD-004321,2024-10-03,2024-10-07,CUST-00535,PROD-00036,6,0.0,3240.12,2206.56,1033.56
ORD-004322,2025-01-15,2025-01-16,CUST-00593,PROD-00160,1,0.15,25.63,22.22,3.41
ORD-004323,2025-12-22,2025-12-27,CUST-00185,PROD-00027,3,0.0,1333.53,865.41,468.12
ORD-004324,2025-05-31,2025-06-06,CUST-00014,PROD-00122,5,0.1,182.07,145.55,36.52
ORD-004325,2025-05-12,2025-05-15,CUST-00473,PROD-00051,6,0.15,386.07,249.48,136.59
ORD-004326,2024-07-17,2024-07-19,CUST-00540,PROD-00183,5,0.05,1585.88,1095.85,490.03
ORD-004327,2025-07-21,2025-07-25,CUST-00384,PROD-00070,4,0.05,359.25,214.48,144.77
ORD-004328,2025-07-29,2025-07-30,CUST-00189,PROD-00162,7,0.05,953.21,791.77,161.44
ORD-004329,2024-09-18,2024-09-23,CUST-00301,PROD-00112,7,0.1,2539.15,1822.87,716.28
ORD-004330,2024-12-23,2024-12-28,CUST-00501,PROD-00209,6,0.05,2598.91,2085.72,513.19
ORD-004331,2024-09-01,2024-09-02,CUST-00442,PROD-00089,4,0.2,725.66,587.44,138.22
ORD-004332,2024-08-04,2024-08-06,CUST-00326,PROD-00189,2,0.0,1258.8,688.02,570.78
ORD-004333,2024-01-20,2024-01-23,CUST-00031,PROD-00131,7,0.05,3502.16,2093.0,1409.16
ORD-004334,2024-08-25,2024-08-30,CUST-00286,PROD-00035,6,0.15,1793.98,1715.7,78.28
ORD-004335,2025-02-10,2025-02-13,CUST-00471,PROD-00170,7,0.1,586.03,558.18,27.85
ORD-004336,2024-01-02,2024-01-07,CUST-00346,PROD-00078,3,0.1,323.95,297.48,26.47
ORD-004337,2024-08-23,2024-08-27,CUST-00201,PROD-00077,1,0.1,164.39,152.07,12.32
ORD-004338,2025-11-05,2025-11-11,CUST-00302,PROD-00037,6,0.0,1587.18,1342.14,245.04
ORD-004339,2025-03-13,2025-03-17,CUST-00494,PROD-00011,5,0.0,899.8,773.6,126.2
ORD-004340,2025-03-24,2025-03-26,CUST-00368,PROD-00105,1,0.1,312.96,288.8,24.16
ORD-004341,2024-11-15,2024-11-18,CUST-00061,PROD-00090,4,0.1,1076.94,638.92,438.02
ORD-004342,2025-05-15,2025-05-18,CUST-00074,PROD-00107,2,0.0,502.26,290.16,212.1
ORD-004343,2024-05-25,2024-05-26,CUST-00436,PROD-00039,7,0.15,758.68,681.87,76.81
ORD-004344,2025-09-20,2025-09-23,CUST-00556,PROD-00188,1,0.0,287.73,183.46,104.27
ORD-004345,2024-03-30,2024-04-04,CUST-00416,PROD-00036,6,0.1,2916.11,2206.56,709.55
ORD-004346,2025-04-30,2025-05-04,CUST-00367,PROD-00080,5,0.15,888.46,584.4,304.06
ORD-004347,2024-10-07,2024-10-10,CUST-00574,PROD-00153,7,0.1,3191.14,2637.25,553.89
ORD-004348,2025-07-25,2025-07-30,CUST-00342,PROD-00086,3,0.0,1015.89,768.63,247.26
ORD-004349,2025-02-07,2025-02-11,CUST-00416,PROD-00103,1,0.15,226.69,211.22,15.47
ORD-004350,2024-12-08,2024-12-09,CUST-00391,PROD-00166,6,0.15,2607.48,2122.8,484.68
ORD-004351,2024-05-10,2024-05-16,CUST-00158,PROD-00150,2,0.1,891.92,761.04,130.88
ORD-004352,2025-04-15,2025-04-16,CUST-00243,PROD-00046,1,0.0,142.76,98.92,43.84
ORD-004353,2025-12-19,2025-12-22,CUST-00015,PROD-00147,2,0.0,1477.46,798.7,678.76
ORD-004354,2025-09-25,2025-10-01,CUST-00333,PROD-00174,7,0.0,1547.21,1232.14,315.07
ORD-004355,2024-02-16,2024-02-21,CUST-00145,PROD-00141,2,0.0,730.08,455.56,274.52
ORD-004356,2024-11-02,2024-11-05,CUST-00388,PROD-00094,3,0.1,95.31,74.13,21.18
ORD-004357,2025-11-26,2025-11-29,CUST-00552,PROD-00215,1,0.05,194.9,173.64,21.26
ORD-004358,2025-01-02,2025-01-06,CUST-00490,PROD-00001,1,0.05,38.43,21.4,17.03
ORD-004359,2025-05-04,2025-05-05,CUST-00144,PROD-00094,6,0.1,190.62,148.26,42.36
ORD-004360,2025-11-20,2025-11-25,CUST-00179,PROD-00022,3,0.0,634.65,546.63,88.02
ORD-004361,2025-11-01,2025-11-05,CUST-00331,PROD-00014,7,0.05,2836.29,1886.15,950.14
ORD-004362,2025-01-01,2025-01-04,CUST-00404,PROD-00212,7,0.15,3512.17,2522.45,989.72
ORD-004363,2024-12-01,2024-12-06,CUST-00559,PROD-00010,5,0.0,2234.15,1741.55,492.6
ORD-004364,2024-10-06,2024-10-07,CUST-00303,PROD-00162,6,0.1,774.04,678.66,95.38
ORD-004365,2025-06-24,2025-06-29,CUST-00292,PROD-00191,4,0.2,1460.61,1318.36,142.25
ORD-004366,2024-08-26,2024-08-27,CUST-00340,PROD-00080,6,0.15,1066.16,701.28,364.88
ORD-004367,2024-07-27,2024-07-28,CUST-00043,PROD-00205,6,0.05,3292.78,1944.18,1348.6
ORD-004368,2024-10-18,2024-10-20,CUST-00149,PROD-00082,3,0.0,889.89,687.78,202.11
ORD-004369,2024-05-16,2024-05-19,CUST-00084,PROD-00043,2,0.3,526.4,505.1,21.3
ORD-004370,2025-05-30,2025-06-03,CUST-00135,PROD-00086,4,0.0,1354.52,1024.84,329.68
ORD-004371,2025-03-30,2025-04-04,CUST-00020,PROD-00035,1,0.0,351.76,285.95,65.81
ORD-004372,2024-12-23,2024-12-28,CUST-00270,PROD-00150,4,0.3,1387.43,1522.08,-134.65
ORD-004373,2024-11-09,2024-11-14,CUST-00548,PROD-00042,5,0.1,2542.32,1708.3,834.02
ORD-004374,2025-11-18,2025-11-23,CUST-00142,PROD-00134,1,0.05,519.59,383.56,136.03
ORD-004375,2024-01-23,2024-01-24,CUST-00245,PROD-00108,5,0.15,912.18,735.5,176.68
ORD-004376,2025-08-13,2025-08-16,CUST-00266,PROD-00187,3,0.0,899.16,489.66,409.5
ORD-004377,2025-11-14,2025-11-19,CUST-00521,PROD-00194,4,0.3,1228.44,1079.28,149.16
ORD-004378,2024-12-05,2024-12-06,CUST-00577,PROD-00176,6,0.0,2476.44,1810.32,666.12
ORD-004379,2025-02-08,2025-02-11,CUST-00203,PROD-00033,4,0.0,670.92,459.48,211.44
ORD-004380,2025-12-05,2025-12-11,CUST-00110,PROD-00168,1,0.15,93.34,64.83,28.51
ORD-004381,2024-06-16,2024-06-18,CUST-00091,PROD-00038,1,0.0,14.67,9.01,5.66
ORD-004382,2025-01-15,2025-01-18,CUST-00316,PROD-00172,6,0.05,804.5,582.84,221.66
ORD-004383,2024-12-19,2024-12-20,CUST-00495,PROD-00055,7,0.0,2115.54,1518.44,597.1
ORD-004384,2024-08-04,2024-08-10,CUST-00259,PROD-00010,7,0.05,2971.42,2438.17,533.25
ORD-004385,2025-09-20,2025-09-23,CUST-00502,PROD-00104,1,0.1,193.99,181.76,12.23
ORD-004386,2025-11-13,2025-11-15,CUST-00109,PROD-00140,5,0.1,1401.26,1298.95,102.31
ORD-004387,2025-08-23,2025-08-24,CUST-00353,PROD-00160,4,0.05,114.57,88.88,25.69
ORD-004388,2024-05-29,2024-06-04,CUST-00465,PROD-00147,4,0.1,2659.43,1597.4,1062.03
ORD-004389,2024-03-07,2024-03-12,CUST-00194,PROD-00170,4,0.2,297.66,318.96,-21.3
ORD-004390,2025-03-22,2025-03-23,CUST-00232,PROD-00188,5,0.2,1150.92,917.3,233.62
ORD-004391,2024-02-13,2024-02-19,CUST-00546,PROD-00140,4,0.0,1245.56,1039.16,206.4
ORD-004392,2025-05-13,2025-05-17,CUST-00019,PROD-00012,1,0.1,495.08,348.61,146.47
ORD-004393,2025-01-23,2025-01-25,CUST-00259,PROD-00024,4,0.1,824.33,783.36,40.97
ORD-004394,2025-05-05,2025-05-07,CUST-00456,PROD-00001,3,0.1,109.22,64.2,45.02
ORD-004395,2025-03-10,2025-03-16,CUST-00148,PROD-00131,5,0.1,2369.88,1495.0,874.88
ORD-004396,2024-11-24,2024-11-25,CUST-00037,PROD-00149,2,0.1,540.41,337.36,203.05
ORD-004397,2024-06-04,2024-06-06,CUST-00232,PROD-00099,2,0.05,939.32,532.42,406.9
ORD-004398,2024-09-09,2024-09-12,CUST-00278,PROD-00125,5,0.05,1744.68,1031.45,713.23
ORD-004399,2025-01-19,2025-01-25,CUST-00482,PROD-00082,3,0.15,756.41,687.78,68.63
ORD-004400,2025-04-27,2025-04-28,CUST-00395,PROD-00005,2,0.15,547.47,553.8,-6.33
ORD-004401,2025-08-21,2025-08-26,CUST-00458,PROD-00208,2,0.1,822.49,672.24,150.25
ORD-004402,2025-08-11,2025-08-12,CUST-00014,PROD-00072,1,0.0,457.85,328.94,128.91
ORD-004403,2025-12-18,2025-12-23,CUST-00426,PROD-00198,7,0.0,4253.48,2410.87,1842.61
ORD-004404,2024-08-25,2024-08-30,CUST-00069,PROD-00040,5,0.2,1093.4,747.1,346.3
ORD-004405,2024-02-24,2024-02-25,CUST-00581,PROD-00052,1,0.15,181.69,151.85,29.84
ORD-004406,2024-10-10,2024-10-13,CUST-00406,PROD-00213,3,0.3,589.68,683.07,-93.39
ORD-004407,2025-07-21,2025-07-23,CUST-00504,PROD-00111,6,0.15,560.95,531.78,29.17
ORD-004408,2024-12-01,2024-12-02,CUST-00234,PROD-00140,5,0.15,1323.41,1298.95,24.46
ORD-004409,2025-09-19,2025-09-22,CUST-00333,PROD-00130,2,0.1,520.99,330.78,190.21
ORD-004410,2025-02-07,2025-02-08,CUST-00101,PROD-00196,2,0.3,492.09,454.84,37.25
ORD-004411,2025-11-28,2025-12-01,CUST-00008,PROD-00136,2,0.1,407.72,304.76,102.96
ORD-004412,2025-12-06,2025-12-10,CUST-00458,PROD-00137,1,0.15,86.85,62.03,24.82
ORD-004413,2024-02-23,2024-02-29,CUST-00232,PROD-00101,3,0.0,1667.43,942.66,724.77
ORD-004414,2024-12-10,2024-12-16,CUST-00104,PROD-00080,6,0.15,1066.16,701.28,364.88
ORD-004415,2025-03-25,2025-03-26,CUST-00517,PROD-00161,3,0.15,502.5,343.8,158.7
ORD-004416,2024-08-02,2024-08-08,CUST-00088,PROD-00117,4,0.05,775.54,641.4,134.14
ORD-004417,2024-11-17,2024-11-21,CUST-00295,PROD-00208,5,0.0,2284.7,1680.6,604.1
ORD-004418,2025-05-16,2025-05-18,CUST-00156,PROD-00180,1,0.0,338.87,266.57,72.3
ORD-004419,2024-07-02,2024-07-04,CUST-00087,PROD-00150,4,0.0,1982.04,1522.08,459.96
ORD-004420,2025-03-19,2025-03-22,CUST-00064,PROD-00119,7,0.0,4595.71,2779.21,1816.5
ORD-004421,2025-06-01,2025-06-02,CUST-00505,PROD-00037,2,0.0,529.06,447.38,81.68
ORD-004422,2024-03-10,2024-03-13,CUST-00400,PROD-00143,5,0.1,195.08,154.75,40.33
ORD-004423,2024-12-30,2025-01-03,CUST-00240,PROD-00055,1,0.05,287.11,216.92,70.19
ORD-004424,2024-08-08,2024-08-09,CUST-00414,PROD-00066,2,0.1,399.2,314.64,84.56
ORD-004425,2025-06-30,2025-07-01,CUST-00119,PROD-00030,2,0.0,357.62,291.68,65.94
ORD-004426,2024-05-25,2024-05-29,CUST-00160,PROD-00120,6,0.2,817.49,655.86,161.63
ORD-004427,2025-11-10,2025-11-15,CUST-00114,PROD-00022,4,0.05,803.89,728.84,75.05
ORD-004428,2024-11-28,2024-12-01,CUST-00286,PROD-00005,1,0.1,289.84,276.9,12.94
ORD-004429,2024-05-31,2024-06-05,CUST-00499,PROD-00020,3,0.1,599.05,410.19,188.86
ORD-004430,2024-12-01,2024-12-07,CUST-00358,PROD-00138,5,0.0,74.75,46.3,28.45
ORD-004431,2024-11-17,2024-11-18,CUST-00336,PROD-00058,1,0.05,466.74,383.39,83.35
ORD-004432,2024-11-27,2024-12-03,CUST-00371,PROD-00037,2,0.1,476.15,447.38,28.77
ORD-004433,2025-03-07,2025-03-13,CUST-00230,PROD-00037,6,0.1,1428.46,1342.14,86.32
ORD-004434,2025-01-16,2025-01-17,CUST-00225,PROD-00033,1,0.0,167.73,114.87,52.86
ORD-004435,2024-04-24,2024-04-28,CUST-00375,PROD-00042,6,0.1,3050.78,2049.96,1000.82
ORD-004436,2024-02-20,2024-02-26,CUST-00290,PROD-00062,6,0.1,3956.36,2382.3,1574.06
ORD-004437,2025-07-06,2025-07-07,CUST-00309,PROD-00130,5,0.3,1013.04,826.95,186.09
ORD-004438,2025-02-15,2025-02-17,CUST-00378,PROD-00177,3,0.05,1380.43,972.33,408.1
ORD-004439,2024-10-20,2024-10-26,CUST-00072,PROD-00061,5,0.05,930.24,789.75,140.49
ORD-004440,2025-09-12,2025-09-13,CUST-00304,PROD-00168,7,0.0,768.67,453.81,314.86
ORD-004441,2024-11-07,2024-11-11,CUST-00185,PROD-00179,1,0.1,212.45,137.44,75.01
ORD-004442,2025-09-02,2025-09-06,CUST-00576,PROD-00094,6,0.0,211.8,148.26,63.54
ORD-004443,2024-09-09,2024-09-15,CUST-00156,PROD-00036,3,0.1,1458.05,1103.28,354.77
ORD-004444,2024-02-25,2024-02-26,CUST-00154,PROD-00146,4,0.1,661.82,614.4,47.42
ORD-004445,2025-11-29,2025-12-02,CUST-00112,PROD-00207,4,0.0,1403.96,1100.84,303.12
ORD-004446,2024-11-11,2024-11-17,CUST-00158,PROD-00044,6,0.05,3040.78,1781.1,1259.68
ORD-004447,2025-08-31,2025-09-03,CUST-00307,PROD-00099,1,0.1,444.94,266.21,178.73
ORD-004448,2024-08-20,2024-08-22,CUST-00230,PROD-00139,6,0.0,1393.44,959.82,433.62
ORD-004449,2025-04-22,2025-04-24,CUST-00432,PROD-00156,3,0.1,135.92,82.62,53.3
ORD-004450,2025-11-01,2025-11-05,CUST-00517,PROD-00077,4,0.15,621.04,608.28,12.76
ORD-004451,2024-02-01,2024-02-03,CUST-00339,PROD-00093,7,0.05,1283.38,717.85,565.53
ORD-004452,2025-09-29,2025-10-02,CUST-00473,PROD-00080,1,0.15,177.69,116.88,60.81
ORD-004453,2025-02-24,2025-03-01,CUST-00305,PROD-00005,1,0.05,305.94,276.9,29.04
ORD-004454,2025-03-23,2025-03-29,CUST-00132,PROD-00044,1,0.0,533.47,296.85,236.62
ORD-004455,2025-01-18,2025-01-20,CUST-00216,PROD-00031,4,0.05,627.76,478.68,149.08
ORD-004456,2025-11-01,2025-11-05,CUST-00156,PROD-00166,7,0.05,3399.95,2476.6,923.35
ORD-004457,2024-02-03,2024-02-04,CUST-00562,PROD-00007,7,0.15,1311.86,996.24,315.62
ORD-004458,2024-08-06,2024-08-08,CUST-00181,PROD-00037,1,0.0,264.53,223.69,40.84
ORD-004459,2025-11-02,2025-11-06,CUST-00439,PROD-00203,7,0.0,4330.62,2540.3,1790.32
ORD-004460,2025-07-31,2025-08-01,CUST-00349,PROD-00089,3,0.0,680.31,440.58,239.73
ORD-004461,2024-01-14,2024-01-18,CUST-00146,PROD-00003,2,0.0,191.12,157.12,34.0
ORD-004462,2025-01-13,2025-01-16,CUST-00081,PROD-00153,2,0.2,810.45,753.5,56.95
ORD-004463,2025-01-23,2025-01-27,CUST-00067,PROD-00089,7,0.1,1428.65,1028.02,400.63
ORD-004464,2024-11-14,2024-11-16,CUST-00179,PROD-00083,7,0.2,2745.74,2125.69,620.05
ORD-004465,2024-09-03,2024-09-04,CUST-00165,PROD-00028,5,0.05,85.17,54.8,30.37
ORD-004466,2025-05-19,2025-05-20,CUST-00155,PROD-00123,7,0.15,2641.44,2628.22,13.22
ORD-004467,2024-06-11,2024-06-16,CUST-00070,PROD-00024,2,0.2,366.37,391.68,-25.31
ORD-004468,2025-09-05,2025-09-08,CUST-00354,PROD-00072,2,0.05,869.92,657.88,212.04
ORD-004469,2025-09-08,2025-09-14,CUST-00345,PROD-00131,5,0.0,2633.2,1495.0,1138.2
ORD-004470,2024-11-21,2024-11-25,CUST-00434,PROD-00085,1,0.0,79.47,47.61,31.86
ORD-004471,2024-08-23,2024-08-28,CUST-00516,PROD-00090,7,0.0,2094.05,1118.11,975.94
ORD-004472,2024-08-24,2024-08-29,CUST-00544,PROD-00169,7,0.1,2247.52,1329.02,918.5
ORD-004473,2024-12-23,2024-12-24,CUST-00364,PROD-00108,6,0.0,1287.78,882.6,405.18
ORD-004474,2025-06-25,2025-06-26,CUST-00510,PROD-00160,1,0.0,30.15,22.22,7.93
ORD-004475,2024-10-20,2024-10-25,CUST-00415,PROD-00194,2,0.15,745.84,539.64,206.2
ORD-004476,2025-03-25,2025-03-28,CUST-00429,PROD-00152,3,0.2,955.37,713.7,241.67
ORD-004477,2024-11-05,2024-11-11,CUST-00223,PROD-00010,6,0.1,2412.88,2089.86,323.02
ORD-004478,2024-09-09,2024-09-15,CUST-00457,PROD-00210,3,0.15,73.82,63.03,10.79
ORD-004479,2024-01-20,2024-01-22,CUST-00143,PROD-00180,6,0.05,1931.56,1599.42,332.14
ORD-004480,2024-01-04,2024-01-07,CUST-00403,PROD-00040,5,0.3,956.72,747.1,209.62
ORD-004481,2024-07-03,2024-07-05,CUST-00558,PROD-00142,5,0.15,1210.57,1220.2,-9.63
ORD-004482,2024-11-16,2024-11-19,CUST-00177,PROD-00207,5,0.15,1491.71,1376.05,115.66
ORD-004483,2025-10-15,2025-10-20,CUST-00451,PROD-00067,3,0.05,527.19,383.31,143.88
ORD-004484,2025-09-04,2025-09-05,CUST-00370,PROD-00198,6,0.0,3645.84,2066.46,1579.38
ORD-004485,2024-08-11,2024-08-17,CUST-00525,PROD-00029,1,0.1,341.79,264.64,77.15
ORD-004486,2024-07-22,2024-07-28,CUST-00058,PROD-00057,2,0.05,486.76,365.94,120.82
ORD-004487,2024-07-03,2024-07-05,CUST-00076,PROD-00115,3,0.15,209.33,208.2,1.13
ORD-004488,2024-10-05,2024-10-11,CUST-00183,PROD-00154,5,0.1,1048.73,778.75,269.98
ORD-004489,2024-12-30,2025-01-05,CUST-00340,PROD-00107,7,0.05,1670.01,1015.56,654.45
ORD-004490,2024-12-02,2024-12-03,CUST-00343,PROD-00111,4,0.0,439.96,354.52,85.44
ORD-004491,2024-06-23,2024-06-27,CUST-00518,PROD-00151,2,0.0,325.46,278.26,47.2
ORD-004492,2024-04-10,2024-04-11,CUST-00542,PROD-00070,5,0.1,425.43,268.1,157.33
ORD-004493,2024-01-10,2024-01-11,CUST-00473,PROD-00077,6,0.15,931.57,912.42,19.15
ORD-004494,2024-04-28,2024-05-04,CUST-00344,PROD-00012,4,0.0,2200.36,1394.44,805.92
ORD-004495,2025-06-09,2025-06-14,CUST-00157,PROD-00174,7,0.3,1083.05,1232.14,-149.09
ORD-004496,2024-07-21,2024-07-24,CUST-00281,PROD-00053,6,0.2,1218.77,1268.82,-50.05
ORD-004497,2024-12-16,2024-12-22,CUST-00221,PROD-00082,7,0.0,2076.41,1604.82,471.59
ORD-004498,2025-03-11,2025-03-16,CUST-00495,PROD-00035,7,0.05,2339.2,2001.65,337.55
ORD-004499,2025-11-07,2025-11-13,CUST-00387,PROD-00197,3,0.1,349.38,270.66,78.72
ORD-004500,2025-11-08,2025-11-14,CUST-00489,PROD-00096,2,0.05,197.71,115.72,81.99
ORD-004501,2025-07-24,2025-07-29,CUST-00578,PROD-00153,4,0.1,1823.51,1507.0,316.51
ORD-004502,2024-01-27,2024-01-29,CUST-00413,PROD-00018,3,0.15,1207.58,809.1,398.48
ORD-004503,2025-02-27,2025-03-01,CUST-00355,PROD-00026,7,0.0,2971.78,1724.1,1247.68
ORD-004504,2025-08-26,2025-09-01,CUST-00523,PROD-00147,4,0.2,2363.94,1597.4,766.54
ORD-004505,2024-01-14,2024-01-16,CUST-00033,PROD-00024,5,0.0,1144.9,979.2,165.7
ORD-004506,2025-02-07,2025-02-12,CUST-00133,PROD-00008,5,0.2,864.16,643.55,220.61
ORD-004507,2025-10-20,2025-10-22,CUST-00269,PROD-00083,5,0.15,2083.82,1518.35,565.47
ORD-004508,2024-12-19,2024-12-24,CUST-00069,PROD-00032,6,0.0,1721.64,1414.38,307.26
ORD-004509,2024-01-04,2024-01-07,CUST-00481,PROD-00179,3,0.2,566.54,412.32,154.22
ORD-004510,2024-01-09,2024-01-10,CUST-00584,PROD-00111,1,0.2,87.99,88.63,-0.64
ORD-004511,2024-11-21,2024-11-27,CUST-00173,PROD-00129,3,0.0,1623.18,896.25,726.93
ORD-004512,2024-04-28,2024-05-04,CUST-00052,PROD-00181,2,0.0,698.42,369.78,328.64
ORD-004513,2025-05-06,2025-05-12,CUST-00559,PROD-00075,3,0.0,1680.72,1109.16,571.56
ORD-004514,2025-06-13,2025-06-19,CUST-00430,PROD-00095,2,0.0,663.8,372.24,291.56
ORD-004515,2024-05-16,2024-05-19,CUST-00370,PROD-00148,7,0.0,2748.13,1805.44,942.69
ORD-004516,2025-11-08,2025-11-10,CUST-00543,PROD-00102,2,0.1,438.34,368.9,69.44
ORD-004517,2024-12-03,2024-12-08,CUST-00183,PROD-00046,6,0.05,813.73,593.52,220.21
ORD-004518,2024-04-19,2024-04-22,CUST-00089,PROD-00037,1,0.3,185.17,223.69,-38.52
ORD-004519,2025-08-09,2025-08-11,CUST-00130,PROD-00140,5,0.15,1323.41,1298.95,24.46
ORD-004520,2025-08-29,2025-09-04,CUST-00165,PROD-00036,2,0.1,972.04,735.52,236.52
ORD-004521,2025-04-17,2025-04-18,CUST-00169,PROD-00033,5,0.05,796.72,574.35,222.37
ORD-004522,2025-10-17,2025-10-21,CUST-00194,PROD-00008,7,0.05,1436.67,900.97,535.7
ORD-004523,2025-07-14,2025-07-15,CUST-00521,PROD-00151,7,0.0,1139.11,973.91,165.2
ORD-004524,2025-11-05,2025-11-10,CUST-00302,PROD-00062,2,0.3,1025.72,794.1,231.62
ORD-004525,2024-11-29,2024-12-02,CUST-00466,PROD-00172,5,0.2,564.56,485.7,78.86
ORD-004526,2025-07-26,2025-07-27,CUST-00517,PROD-00093,7,0.2,1080.74,717.85,362.89
ORD-004527,2025-12-31,2026-01-05,CUST-00587,PROD-00101,5,0.0,2779.05,1571.1,1207.95
ORD-004528,2025-07-01,2025-07-04,CUST-00555,PROD-00136,2,0.0,453.02,304.76,148.26
ORD-004529,2024-03-28,2024-03-30,CUST-00156,PROD-00039,2,0.05,242.27,194.82,47.45
ORD-004530,2025-01-14,2025-01-17,CUST-00544,PROD-00046,4,0.3,399.73,395.68,4.05
ORD-004531,2025-03-08,2025-03-11,CUST-00450,PROD-00022,2,0.0,423.1,364.42,58.68
ORD-004532,2024-05-13,2024-05-17,CUST-00046,PROD-00178,5,0.0,1425.35,1014.6,410.75
ORD-004533,2025-12-14,2025-12-16,CUST-00238,PROD-00167,4,0.3,522.93,439.92,83.01
ORD-004534,2024-05-14,2024-05-19,CUST-00232,PROD-00190,4,0.1,1025.64,969.84,55.8
ORD-004535,2024-05-16,2024-05-18,CUST-00087,PROD-00018,7,0.05,3149.17,1887.9,1261.27
ORD-004536,2025-11-21,2025-11-24,CUST-00349,PROD-00182,4,0.0,1096.56,898.36,198.2
ORD-004537,2024-12-14,2024-12-20,CUST-00322,PROD-00082,2,0.1,533.93,458.52,75.41
ORD-004538,2024-02-18,2024-02-21,CUST-00566,PROD-00207,1,0.05,333.44,275.21,58.23
ORD-004539,2025-03-16,2025-03-22,CUST-00270,PROD-00219,3,0.0,640.77,355.08,285.69
ORD-004540,2025-03-19,2025-03-23,CUST-00308,PROD-00072,1,0.15,389.17,328.94,60.23
ORD-004541,2024-02-19,2024-02-20,CUST-00589,PROD-00118,6,0.1,389.93,333.78,56.15
ORD-004542,2025-12-18,2025-12-20,CUST-00539,PROD-00148,6,0.1,2119.99,1547.52,572.47
ORD-004543,2025-02-03,2025-02-08,CUST-00598,PROD-00101,2,0.3,778.13,628.44,149.69
ORD-004544,2025-02-15,2025-02-20,CUST-00181,PROD-00040,1,0.0,273.35,149.42,123.93
ORD-004545,2025-01-15,2025-01-21,CUST-00168,PROD-00158,2,0.05,163.8,118.98,44.82
ORD-004546,2025-03-26,2025-03-28,CUST-00089,PROD-00089,3,0.05,646.29,440.58,205.71
ORD-004547,2024-08-09,2024-08-10,CUST-00536,PROD-00163,6,0.0,357.48,195.36,162.12
ORD-004548,2024-08-26,2024-08-31,CUST-00558,PROD-00219,1,0.1,192.23,118.36,73.87
ORD-004549,2025-01-09,2025-01-15,CUST-00448,PROD-00030,4,0.05,679.48,583.36,96.12
ORD-004550,2025-09-11,2025-09-14,CUST-00092,PROD-00096,4,0.0,416.24,231.44,184.8
ORD-004551,2024-02-08,2024-02-10,CUST-00102,PROD-00140,3,0.0,934.17,779.37,154.8
ORD-004552,2025-03-20,2025-03-21,CUST-00342,PROD-00061,7,0.1,1233.79,1105.65,128.14
ORD-004553,2025-09-11,2025-09-13,CUST-00336,PROD-00142,6,0.15,1452.68,1464.24,-11.56
ORD-004554,2024-04-30,2024-05-02,CUST-00010,PROD-00174,4,0.0,884.12,704.08,180.04
ORD-004555,2024-01-12,2024-01-14,CUST-00580,PROD-00052,2,0.1,384.75,303.7,81.05
ORD-004556,2024-09-15,2024-09-20,CUST-00456,PROD-00022,4,0.2,676.96,728.84,-51.88
ORD-004557,2025-03-09,2025-03-12,CUST-00359,PROD-00115,4,0.0,328.36,277.6,50.76
ORD-004558,2024-04-16,2024-04-21,CUST-00154,PROD-00050,2,0.0,512.86,280.38,232.48
ORD-004559,2024-11-26,2024-11-29,CUST-00097,PROD-00172,2,0.2,225.82,194.28,31.54
ORD-004560,2025-02-09,2025-02-15,CUST-00599,PROD-00166,2,0.1,920.29,707.6,212.69
ORD-004561,2025-03-17,2025-03-22,CUST-00301,PROD-00031,7,0.1,1040.76,837.69,203.07
ORD-004562,2024-08-16,2024-08-20,CUST-00493,PROD-00060,5,0.2,951.28,721.25,230.03
ORD-004563,2024-11-13,2024-11-14,CUST-00332,PROD-00209,6,0.15,2325.34,2085.72,239.62
ORD-004564,2025-08-20,2025-08-24,CUST-00230,PROD-00088,3,0.15,274.18,177.72,96.46
ORD-004565,2025-12-03,2025-12-09,CUST-00437,PROD-00172,3,0.05,402.25,291.42,110.83
ORD-004566,2025-10-23,2025-10-24,CUST-00044,PROD-00110,1,0.1,374.15,314.73,59.42
ORD-004567,2025-02-18,2025-02-21,CUST-00071,PROD-00197,5,0.2,517.6,451.1,66.5
ORD-004568,2024-11-18,2024-11-20,CUST-00025,PROD-00082,7,0.0,2076.41,1604.82,471.59
ORD-004569,2024-09-30,2024-10-06,CUST-00075,PROD-00138,6,0.1,80.73,55.56,25.17
ORD-004570,2024-04-05,2024-04-10,CUST-00387,PROD-00216,6,0.0,2890.56,2320.62,569.94
ORD-004571,2024-03-22,2024-03-24,CUST-00540,PROD-00163,2,0.0,119.16,65.12,54.04
ORD-004572,2025-05-25,2025-05-27,CUST-00055,PROD-00018,7,0.0,3314.92,1887.9,1427.02
ORD-004573,2024-08-05,2024-08-11,CUST-00388,PROD-00171,3,0.05,202.98,128.49,74.49
ORD-004574,2024-08-01,2024-08-06,CUST-00148,PROD-00031,3,0.05,470.82,359.01,111.81
ORD-004575,2025-12-31,2026-01-04,CUST-00047,PROD-00162,3,0.05,408.52,339.33,69.19
ORD-004576,2024-05-24,2024-05-27,CUST-00158,PROD-00161,3,0.0,591.18,343.8,247.38
ORD-004577,2024-04-23,2024-04-29,CUST-00054,PROD-00068,5,0.05,2115.7,1751.75,363.95
ORD-004578,2024-03-16,2024-03-18,CUST-00552,PROD-00188,6,0.15,1467.42,1100.76,366.66
ORD-004579,2025-03-02,2025-03-05,CUST-00292,PROD-00210,4,0.05,110.01,84.04,25.97
ORD-004580,2025-04-08,2025-04-13,CUST-00388,PROD-00140,4,0.0,1245.56,1039.16,206.4
ORD-004581,2024-10-25,2024-10-27,CUST-00124,PROD-00068,3,0.1,1202.61,1051.05,151.56
ORD-004582,2025-01-27,2025-01-29,CUST-00521,PROD-00010,5,0.0,2234.15,1741.55,492.6
ORD-004583,2025-08-28,2025-08-31,CUST-00328,PROD-00074,6,0.0,3545.1,2241.78,1303.32
ORD-004584,2025-09-19,2025-09-24,CUST-00095,PROD-00103,2,0.0,533.38,422.44,110.94
ORD-004585,2025-12-11,2025-12-12,CUST-00487,PROD-00166,3,0.1,1380.43,1061.4,319.03
ORD-004586,2025-09-24,2025-09-26,CUST-00005,PROD-00120,3,0.05,485.38,327.93,157.45
ORD-004587,2025-02-19,2025-02-21,CUST-00555,PROD-00188,6,0.0,1726.38,1100.76,625.62
ORD-004588,2024-05-17,2024-05-21,CUST-00130,PROD-00021,3,0.2,588.77,471.36,117.41
ORD-004589,2024-03-17,2024-03-19,CUST-00073,PROD-00087,2,0.0,414.34,256.1,158.24
ORD-004590,2024-02-11,2024-02-15,CUST-00522,PROD-00113,2,0.0,334.14,268.62,65.52
ORD-004591,2025-05-08,2025-05-13,CUST-00202,PROD-00056,6,0.05,3732.19,2386.2,1345.99
ORD-004592,2025-09-11,2025-09-16,CUST-00169,PROD-00048,6,0.1,1455.19,1089.3,365.89
ORD-004593,2025-01-07,2025-01-12,CUST-00117,PROD-00115,3,0.1,221.64,208.2,13.44
ORD-004594,2024-02-11,2024-02-15,CUST-00468,PROD-00037,6,0.15,1349.1,1342.14,6.96
ORD-004595,2025-01-27,2025-01-31,CUST-00205,PROD-00180,1,0.1,304.98,266.57,38.41
ORD-004596,2025-12-01,2025-12-02,CUST-00190,PROD-00180,1,0.05,321.93,266.57,55.36
ORD-004597,2025-03-16,2025-03-17,CUST-00007,PROD-00094,2,0.15,60.01,49.42,10.59
ORD-004598,2025-09-13,2025-09-18,CUST-00570,PROD-00131,2,0.0,1053.28,598.0,455.28
ORD-004599,2025-09-06,2025-09-11,CUST-00261,PROD-00026,5,0.0,2122.7,1231.5,891.2
ORD-004600,2025-11-29,2025-12-03,CUST-00499,PROD-00066,3,0.15,565.54,471.96,93.58
ORD-004601,2025-08-14,2025-08-16,CUST-00504,PROD-00027,1,0.05,422.28,288.47,133.81
ORD-004602,2025-07-26,2025-07-27,CUST-00303,PROD-00202,4,0.15,1382.41,1327.12,55.29
ORD-004603,2024-07-10,2024-07-15,CUST-00014,PROD-00020,4,0.3,621.24,546.92,74.32
ORD-004604,2024-02-15,2024-02-19,CUST-00445,PROD-00155,2,0.0,567.42,375.22,192.2
ORD-004605,2025-01-14,2025-01-19,CUST-00580,PROD-00037,2,0.3,370.34,447.38,-77.04
ORD-004606,2024-04-05,2024-04-07,CUST-00394,PROD-00137,4,0.2,326.98,248.12,78.86
ORD-004607,2025-12-13,2025-12-16,CUST-00584,PROD-00215,2,0.05,389.8,347.28,42.52
ORD-004608,2024-08-28,2024-08-31,CUST-00146,PROD-00038,2,0.0,29.34,18.02,11.32
ORD-004609,2025-10-16,2025-10-22,CUST-00564,PROD-00161,5,0.2,788.24,573.0,215.24
ORD-004610,2024-11-07,2024-11-13,CUST-00059,PROD-00002,1,0.0,442.49,375.15,67.34
ORD-004611,2024-09-23,2024-09-25,CUST-00025,PROD-00167,4,0.2,597.63,439.92,157.71
ORD-004612,2025-11-30,2025-12-04,CUST-00369,PROD-00027,2,0.0,889.02,576.94,312.08
ORD-004613,2024-10-24,2024-10-27,CUST-00564,PROD-00153,2,0.05,962.41,753.5,208.91
ORD-004614,2024-11-09,2024-11-10,CUST-00580,PROD-00121,5,0.05,3182.31,1957.65,1224.66
ORD-004615,2024-03-22,2024-03-23,CUST-00330,PROD-00064,6,0.05,2150.15,1479.18,670.97
ORD-004616,2025-05-11,2025-05-16,CUST-00542,PROD-00010,6,0.0,2680.98,2089.86,591.12
ORD-004617,2024-08-28,2024-09-03,CUST-00570,PROD-00149,7,0.05,1996.53,1180.76,815.77
ORD-004618,2025-03-07,2025-03-08,CUST-00403,PROD-00132,4,0.1,921.6,589.24,332.36
ORD-004619,2025-03-11,2025-03-12,CUST-00186,PROD-00070,4,0.0,378.16,214.48,163.68
ORD-004620,2025-06-24,2025-06-26,CUST-00014,PROD-00119,2,0.0,1313.06,794.06,519.0
ORD-004621,2025-07-23,2025-07-27,CUST-00246,PROD-00090,6,0.1,1615.41,958.38,657.03
ORD-004622,2025-01-11,2025-01-15,CUST-00353,PROD-00176,7,0.0,2889.18,2112.04,777.14
ORD-004623,2024-09-29,2024-10-05,CUST-00470,PROD-00155,3,0.1,766.02,562.83,203.19
ORD-004624,2025-10-04,2025-10-08,CUST-00026,PROD-00170,1,0.05,88.37,79.74,8.63
ORD-004625,2024-09-13,2024-09-15,CUST-00323,PROD-00180,6,0.1,1829.9,1599.42,230.48
ORD-004626,2025-01-06,2025-01-12,CUST-00550,PROD-00124,5,0.2,1348.8,1383.2,-34.4
ORD-004627,2024-11-14,2024-11-16,CUST-00049,PROD-00091,4,0.0,1199.56,688.32,511.24
ORD-004628,2025-10-18,2025-10-23,CUST-00253,PROD-00102,3,0.0,730.56,553.35,177.21
ORD-004629,2024-11-29,2024-12-02,CUST-00157,PROD-00086,6,0.0,2031.78,1537.26,494.52
ORD-004630,2024-11-07,2024-11-11,CUST-00035,PROD-00023,5,0.0,2331.15,1528.3,802.85
ORD-004631,2025-05-26,2025-05-31,CUST-00314,PROD-00053,4,0.05,964.86,845.88,118.98
ORD-004632,2025-03-20,2025-03-25,CUST-00349,PROD-00124,5,0.0,1686.0,1383.2,302.8
ORD-004633,2024-03-23,2024-03-27,CUST-00559,PROD-00164,3,0.1,614.09,394.65,219.44
ORD-004634,2025-01-06,2025-01-11,CUST-00482,PROD-00005,2,0.0,644.08,553.8,90.28
ORD-004635,2025-07-12,2025-07-14,CUST-00303,PROD-00215,4,0.1,738.58,694.56,44.02
ORD-004636,2025-12-28,2025-12-30,CUST-00537,PROD-00007,2,0.05,418.91,284.64,134.27
ORD-004637,2025-04-09,2025-04-15,CUST-00036,PROD-00002,1,0.3,309.74,375.15,-65.41
ORD-004638,2024-10-29,2024-10-30,CUST-00597,PROD-00140,3,0.0,934.17,779.37,154.8
ORD-004639,2024-07-01,2024-07-06,CUST-00488,PROD-00086,6,0.1,1828.6,1537.26,291.34
ORD-004640,2025-10-31,2025-11-05,CUST-00082,PROD-00044,4,0.1,1920.49,1187.4,733.09
ORD-004641,2025-09-17,2025-09-18,CUST-00415,PROD-00105,5,0.0,1738.65,1444.0,294.65
ORD-004642,2024-07-10,2024-07-12,CUST-00072,PROD-00161,5,0.0,985.3,573.0,412.3
ORD-004643,2024-06-03,2024-06-08,CUST-00461,PROD-00125,3,0.2,881.52,618.87,262.65
ORD-004644,2025-06-20,2025-06-22,CUST-00027,PROD-00207,6,0.1,1895.35,1651.26,244.09
ORD-004645,2024-09-17,2024-09-20,CUST-00315,PROD-00208,5,0.1,2056.23,1680.6,375.63
ORD-004646,2024-09-10,2024-09-14,CUST-00573,PROD-00122,7,0.1,254.9,203.77,51.13
ORD-004647,2024-04-26,2024-04-28,CUST-00550,PROD-00072,7,0.1,2884.46,2302.58,581.88
ORD-004648,2024-08-08,2024-08-10,CUST-00211,PROD-00197,6,0.05,737.58,541.32,196.26
ORD-004649,2024-11-26,2024-11-27,CUST-00490,PROD-00120,7,0.0,1192.17,765.17,427.0
ORD-004650,2025-07-09,2025-07-15,CUST-00475,PROD-00065,4,0.2,97.73,88.68,9.05
ORD-004651,2024-10-03,2024-10-04,CUST-00576,PROD-00210,1,0.0,28.95,21.01,7.94
ORD-004652,2024-09-27,2024-10-01,CUST-00226,PROD-00143,4,0.15,147.39,123.8,23.59
ORD-004653,2024-08-24,2024-08-27,CUST-00489,PROD-00077,2,0.1,328.79,304.14,24.65
ORD-004654,2024-12-21,2024-12-22,CUST-00500,PROD-00112,1,0.1,362.74,260.41,102.33
ORD-004655,2024-05-18,2024-05-19,CUST-00408,PROD-00023,5,0.0,2331.15,1528.3,802.85
ORD-004656,2024-12-24,2024-12-28,CUST-00228,PROD-00127,6,0.0,493.62,404.52,89.1
ORD-004657,2025-06-08,2025-06-09,CUST-00487,PROD-00036,3,0.15,1377.05,1103.28,273.77
ORD-004658,2024-01-23,2024-01-27,CUST-00019,PROD-00169,2,0.3,499.45,379.72,119.73
ORD-004659,2024-01-08,2024-01-12,CUST-00102,PROD-00076,5,0.0,1235.0,662.35,572.65
ORD-004660,2024-02-27,2024-02-29,CUST-00066,PROD-00047,6,0.05,2821.1,2371.26,449.84
ORD-004661,2025-01-27,2025-01-30,CUST-00437,PROD-00022,5,0.0,1057.75,911.05,146.7
ORD-004662,2025-10-17,2025-10-19,CUST-00098,PROD-00009,7,0.05,924.08,572.81,351.27
ORD-004663,2024-01-04,2024-01-06,CUST-00427,PROD-00075,1,0.0,560.24,369.72,190.52
ORD-004664,2025-12-01,2025-12-06,CUST-00238,PROD-00125,7,0.05,2442.54,1444.03,998.51
ORD-004665,2024-03-22,2024-03-28,CUST-00254,PROD-00052,6,0.0,1282.5,911.1,371.4
ORD-004666,2025-10-08,2025-10-14,CUST-00050,PROD-00022,4,0.0,846.2,728.84,117.36
ORD-004667,2024-12-23,2024-12-24,CUST-00543,PROD-00102,6,0.0,1461.12,1106.7,354.42
ORD-004668,2025-05-02,2025-05-05,CUST-00579,PROD-00192,3,0.3,154.94,122.16,32.78
ORD-004669,2025-01-08,2025-01-12,CUST-00184,PROD-00056,3,0.05,1866.09,1193.1,672.99
ORD-004670,2024-12-20,2024-12-24,CUST-00128,PROD-00205,6,0.0,3466.08,1944.18,1521.9
ORD-004671,2025-10-02,2025-10-03,CUST-00584,PROD-00216,2,0.2,770.82,773.54,-2.72
ORD-004672,2025-08-03,2025-08-07,CUST-00575,PROD-00120,7,0.0,1192.17,765.17,427.0
ORD-004673,2024-12-23,2024-12-28,CUST-00002,PROD-00161,4,0.1,709.42,458.4,251.02
ORD-004674,2024-03-26,2024-03-28,CUST-00125,PROD-00169,5,0.0,1783.75,949.3,834.45
ORD-004675,2024-03-29,2024-04-03,CUST-00324,PROD-00151,5,0.05,772.97,695.65,77.32
ORD-004676,2025-09-07,2025-09-12,CUST-00149,PROD-00072,7,0.0,3204.95,2302.58,902.37
ORD-004677,2025-01-23,2025-01-28,CUST-00380,PROD-00150,7,0.0,3468.57,2663.64,804.93
ORD-004678,2024-12-22,2024-12-24,CUST-00050,PROD-00190,7,0.2,1595.44,1697.22,-101.78
ORD-004679,2025-05-19,2025-05-25,CUST-00011,PROD-00040,6,0.0,1640.1,896.52,743.58
ORD-004680,2025-10-21,2025-10-26,CUST-00167,PROD-00209,7,0.3,2234.15,2433.34,-199.19
ORD-004681,2025-04-09,2025-04-13,CUST-00359,PROD-00042,5,0.2,2259.84,1708.3,551.54
ORD-004682,2025-08-08,2025-08-14,CUST-00444,PROD-00132,4,0.2,819.2,589.24,229.96
ORD-004683,2025-08-10,2025-08-15,CUST-00554,PROD-00128,1,0.05,369.64,306.36,63.28
ORD-004684,2024-10-18,2024-10-19,CUST-00588,PROD-00042,7,0.1,3559.25,2391.62,1167.63
ORD-004685,2024-08-16,2024-08-22,CUST-00064,PROD-00186,3,0.0,1514.16,956.4,557.76
ORD-004686,2025-09-06,2025-09-12,CUST-00216,PROD-00097,4,0.05,1058.87,778.4,280.47
ORD-004687,2024-11-02,2024-11-06,CUST-00592,PROD-00194,5,0.2,1754.92,1349.1,405.82
ORD-004688,2025-11-15,2025-11-16,CUST-00270,PROD-00042,3,0.0,1694.88,1024.98,669.9
ORD-004689,2024-02-23,2024-02-24,CUST-00408,PROD-00065,1,0.15,25.96,22.17,3.79
ORD-004690,2024-02-14,2024-02-20,CUST-00237,PROD-00126,6,0.1,2814.32,1831.26,983.06
ORD-004691,2025-11-26,2025-11-30,CUST-00388,PROD-00161,7,0.0,1379.42,802.2,577.22
ORD-004692,2025-04-24,2025-04-28,CUST-00205,PROD-00073,7,0.15,2351.86,1962.94,388.92
ORD-004693,2024-11-03,2024-11-09,CUST-00171,PROD-00152,5,0.05,1890.83,1189.5,701.33
ORD-004694,2025-08-02,2025-08-06,CUST-00282,PROD-00132,4,0.1,921.6,589.24,332.36
ORD-004695,2025-05-12,2025-05-18,CUST-00173,PROD-00216,4,0.1,1734.34,1547.08,187.26
ORD-004696,2025-01-24,2025-01-28,CUST-00052,PROD-00094,5,0.0,176.5,123.55,52.95
ORD-004697,2024-03-16,2024-03-17,CUST-00352,PROD-00025,3,0.0,307.77,199.2,108.57
ORD-004698,2025-09-15,2025-09-20,CUST-00539,PROD-00180,7,0.0,2372.09,1865.99,506.1
ORD-004699,2025-10-26,2025-10-29,CUST-00038,PROD-00163,6,0.05,339.61,195.36,144.25
ORD-004700,2024-05-12,2024-05-13,CUST-00525,PROD-00174,7,0.15,1315.13,1232.14,82.99
ORD-004701,2025-10-14,2025-10-18,CUST-00207,PROD-00062,7,0.0,5128.62,2779.35,2349.27
ORD-004702,2025-11-03,2025-11-05,CUST-00105,PROD-00206,7,0.1,600.33,402.5,197.83
ORD-004703,2025-02-07,2025-02-08,CUST-00586,PROD-00135,6,0.05,2895.6,2028.3,867.3
ORD-004704,2025-04-30,2025-05-02,CUST-00079,PROD-00118,1,0.05,68.6,55.63,12.97
ORD-004705,2024-11-05,2024-11-09,CUST-00208,PROD-00054,5,0.05,1664.64,1294.75,369.89
ORD-004706,2024-08-22,2024-08-27,CUST-00438,PROD-00103,4,0.05,1013.42,844.88,168.54
ORD-004707,2025-06-27,2025-07-03,CUST-00108,PROD-00012,3,0.05,1567.76,1045.83,521.93
ORD-004708,2025-10-23,2025-10-27,CUST-00327,PROD-00214,4,0.0,785.84,630.36,155.48
ORD-004709,2025-04-28,2025-05-03,CUST-00180,PROD-00124,5,0.15,1433.1,1383.2,49.9
ORD-004710,2025-01-09,2025-01-11,CUST-00450,PROD-00005,7,0.0,2254.28,1938.3,315.98
ORD-004711,2024-05-01,2024-05-04,CUST-00154,PROD-00074,5,0.15,2511.11,1868.15,642.96
ORD-004712,2024-02-11,2024-02-17,CUST-00053,PROD-00076,4,0.0,988.0,529.88,458.12
ORD-004713,2024-12-05,2024-12-10,CUST-00496,PROD-00005,2,0.0,644.08,553.8,90.28
ORD-004714,2024-02-07,2024-02-11,CUST-00452,PROD-00029,3,0.3,797.52,793.92,3.6
ORD-004715,2025-02-22,2025-02-28,CUST-00137,PROD-00001,7,0.0,283.15,149.8,133.35
ORD-004716,2024-11-05,2024-11-11,CUST-00461,PROD-00049,7,0.1,3113.71,2775.99,337.72
ORD-004717,2025-08-04,2025-08-08,CUST-00040,PROD-00187,7,0.0,2098.04,1142.54,955.5
ORD-004718,2024-09-09,2024-09-15,CUST-00324,PROD-00135,7,0.05,3378.2,2366.35,1011.85
ORD-004719,2025-03-12,2025-03-13,CUST-00319,PROD-00174,7,0.1,1392.49,1232.14,160.35
ORD-004720,2025-01-29,2025-02-03,CUST-00562,PROD-00067,4,0.1,665.93,511.08,154.85
ORD-004721,2024-01-04,2024-01-05,CUST-00406,PROD-00027,2,0.0,889.02,576.94,312.08
ORD-004722,2024-02-25,2024-03-01,CUST-00017,PROD-00112,5,0.0,2015.2,1302.05,713.15
ORD-004723,2024-08-29,2024-08-31,CUST-00415,PROD-00043,1,0.1,338.4,252.55,85.85
ORD-004724,2025-11-05,2025-11-09,CUST-00187,PROD-00132,3,0.1,691.2,441.93,249.27
ORD-004725,2024-04-22,2024-04-27,CUST-00457,PROD-00134,2,0.15,929.8,767.12,162.68
ORD-004726,2025-06-15,2025-06-18,CUST-00269,PROD-00026,6,0.05,2419.88,1477.8,942.08
ORD-004727,2025-12-19,2025-12-22,CUST-00464,PROD-00175,4,0.0,1618.0,1081.04,536.96
ORD-004728,2025-08-29,2025-09-01,CUST-00442,PROD-00010,4,0.15,1519.22,1393.24,125.98
ORD-004729,2024-07-20,2024-07-26,CUST-00600,PROD-00050,7,0.15,1525.76,981.33,544.43
ORD-004730,2025-11-18,2025-11-24,CUST-00072,PROD-00190,4,0.3,797.72,969.84,-172.12
ORD-004731,2024-03-12,2024-03-13,CUST-00156,PROD-00104,3,0.05,614.29,545.28,69.01
ORD-004732,2024-12-16,2024-12-21,CUST-00085,PROD-00069,1,0.1,638.95,396.93,242.02
ORD-004733,2025-11-08,2025-11-13,CUST-00592,PROD-00220,6,0.1,357.7,330.84,26.86
ORD-004734,2025-04-18,2025-04-24,CUST-00164,PROD-00103,1,0.05,253.36,211.22,42.14
ORD-004735,2024-11-20,2024-11-24,CUST-00368,PROD-00098,7,0.0,4020.31,2210.11,1810.2
ORD-004736,2024-08-31,2024-09-01,CUST-00120,PROD-00129,7,0.05,3598.05,2091.25,1506.8
ORD-004737,2024-11-01,2024-11-07,CUST-00003,PROD-00144,4,0.2,510.91,361.04,149.87
ORD-004738,2025-01-07,2025-01-10,CUST-00182,PROD-00013,5,0.15,2499.81,1599.2,900.61
ORD-004739,2024-09-20,2024-09-21,CUST-00010,PROD-00188,1,0.05,273.34,183.46,89.88
ORD-004740,2025-12-17,2025-12-19,CUST-00152,PROD-00016,1,0.0,681.25,397.39,283.86
ORD-004741,2025-11-29,2025-12-01,CUST-00177,PROD-00132,2,0.0,512.0,294.62,217.38
ORD-004742,2025-10-30,2025-11-03,CUST-00310,PROD-00002,5,0.0,2212.45,1875.75,336.7
ORD-004743,2024-11-24,2024-11-29,CUST-00572,PROD-00112,3,0.3,846.38,781.23,65.15
ORD-004744,2025-05-27,2025-06-02,CUST-00063,PROD-00024,4,0.0,915.92,783.36,132.56
ORD-004745,2025-11-15,2025-11-16,CUST-00590,PROD-00217,4,0.1,2000.2,1327.24,672.96
ORD-004746,2025-10-14,2025-10-15,CUST-00445,PROD-00040,4,0.15,929.39,597.68,331.71
ORD-004747,2024-11-20,2024-11-24,CUST-00585,PROD-00068,7,0.0,3117.87,2452.45,665.42
ORD-004748,2024-03-27,2024-03-29,CUST-00047,PROD-00179,2,0.1,424.91,274.88,150.03
ORD-004749,2024-02-28,2024-03-01,CUST-00444,PROD-00147,7,0.15,4395.44,2795.45,1599.99
ORD-004750,2025-02-28,2025-03-01,CUST-00239,PROD-00027,2,0.15,755.67,576.94,178.73
ORD-004751,2025-04-19,2025-04-22,CUST-00375,PROD-00174,4,0.05,839.91,704.08,135.83
ORD-004752,2025-10-14,2025-10-18,CUST-00167,PROD-00007,6,0.15,1124.45,853.92,270.53
ORD-004753,2024-08-30,2024-09-02,CUST-00153,PROD-00043,5,0.1,1692.0,1262.75,429.25
ORD-004754,2024-05-08,2024-05-13,CUST-00548,PROD-00066,1,0.1,199.6,157.32,42.28
ORD-004755,2024-11-03,2024-11-08,CUST-00533,PROD-00178,2,0.0,570.14,405.84,164.3
ORD-004756,2024-10-16,2024-10-17,CUST-00481,PROD-00098,6,0.1,3101.38,1894.38,1207.0
ORD-004757,2024-04-11,2024-04-14,CUST-00578,PROD-00059,7,0.15,648.79,523.81,124.98
ORD-004758,2025-05-12,2025-05-14,CUST-00571,PROD-00030,3,0.0,536.43,437.52,98.91
ORD-004759,2025-01-07,2025-01-10,CUST-00350,PROD-00002,2,0.1,796.48,750.3,46.18
ORD-004760,2025-06-27,2025-07-02,CUST-00543,PROD-00063,7,0.05,2200.09,1898.75,301.34
ORD-004761,2024-10-16,2024-10-18,CUST-00127,PROD-00036,7,0.0,3780.14,2574.32,1205.82
ORD-004762,2024-09-25,2024-10-01,CUST-00470,PROD-00156,3,0.0,151.02,82.62,68.4
ORD-004763,2024-12-18,2024-12-19,CUST-00554,PROD-00024,3,0.3,480.86,587.52,-106.66
ORD-004764,2025-11-03,2025-11-08,CUST-00083,PROD-00093,6,0.0,1157.94,615.3,542.64
ORD-004765,2024-01-31,2024-02-01,CUST-00208,PROD-00158,5,0.1,387.94,297.45,90.49
ORD-004766,2025-09-09,2025-09-15,CUST-00370,PROD-00139,4,0.2,743.17,639.88,103.29
ORD-004767,2024-10-28,2024-10-29,CUST-00360,PROD-00051,7,0.1,476.91,291.06,185.85
ORD-004768,2025-10-18,2025-10-19,CUST-00131,PROD-00128,4,0.0,1556.36,1225.44,330.92
ORD-004769,2025-09-07,2025-09-10,CUST-00124,PROD-00113,7,0.15,994.07,940.17,53.9
ORD-004770,2024-10-13,2024-10-15,CUST-00100,PROD-00219,5,0.0,1067.95,591.8,476.15
ORD-004771,2025-05-29,2025-06-03,CUST-00203,PROD-00021,6,0.3,1030.34,942.72,87.62
ORD-004772,2024-05-02,2024-05-08,CUST-00183,PROD-00028,1,0.05,17.03,10.96,6.07
ORD-004773,2025-11-12,2025-11-13,CUST-00300,PROD-00089,6,0.0,1360.62,881.16,479.46
ORD-004774,2024-11-15,2024-11-20,CUST-00118,PROD-00174,3,0.1,596.78,528.06,68.72
ORD-004775,2024-12-10,2024-12-14,CUST-00088,PROD-00140,6,0.3,1307.84,1558.74,-250.9
ORD-004776,2025-06-10,2025-06-11,CUST-00083,PROD-00193,5,0.1,1134.58,666.55,468.03
ORD-004777,2025-09-22,2025-09-25,CUST-00347,PROD-00022,1,0.05,200.97,182.21,18.76
ORD-004778,2024-07-13,2024-07-15,CUST-00145,PROD-00002,6,0.3,1858.46,2250.9,-392.44
ORD-004779,2025-05-04,2025-05-09,CUST-00437,PROD-00214,7,0.05,1306.46,1103.13,203.33
ORD-004780,2024-11-09,2024-11-11,CUST-00507,PROD-00215,5,0.0,1025.8,868.2,157.6
ORD-004781,2024-10-28,2024-10-31,CUST-00166,PROD-00126,5,0.05,2475.56,1526.05,949.51
ORD-004782,2025-05-26,2025-05-30,CUST-00274,PROD-00045,5,0.2,431.6,389.75,41.85
ORD-004783,2024-11-07,2024-11-08,CUST-00007,PROD-00091,7,0.0,2099.23,1204.56,894.67
ORD-004784,2024-10-10,2024-10-14,CUST-00277,PROD-00029,5,0.15,1614.02,1323.2,290.82
ORD-004785,2025-10-03,2025-10-09,CUST-00360,PROD-00131,7,0.15,3133.51,2093.0,1040.51
ORD-004786,2024-03-18,2024-03-19,CUST-00046,PROD-00194,6,0.05,2500.76,1618.92,881.84
ORD-004787,2025-05-15,2025-05-19,CUST-00122,PROD-00207,3,0.0,1052.97,825.63,227.34
ORD-004788,2024-07-26,2024-07-29,CUST-00169,PROD-00048,6,0.1,1455.19,1089.3,365.89
ORD-004789,2024-01-12,2024-01-18,CUST-00559,PROD-00205,5,0.0,2888.4,1620.15,1268.25
ORD-004790,2024-05-08,2024-05-09,CUST-00317,PROD-00195,6,0.1,3476.63,2352.42,1124.21
ORD-004791,2025-03-23,2025-03-24,CUST-00096,PROD-00152,5,0.0,1990.35,1189.5,800.85
ORD-004792,2025-06-13,2025-06-17,CUST-00178,PROD-00129,2,0.0,1082.12,597.5,484.62
ORD-004793,2024-01-17,2024-01-21,CUST-00350,PROD-00133,3,0.05,1027.05,918.93,108.12
ORD-004794,2024-01-28,2024-01-30,CUST-00109,PROD-00072,1,0.15,389.17,328.94,60.23
ORD-004795,2025-11-15,2025-11-16,CUST-00262,PROD-00066,5,0.1,998.01,786.6,211.41
ORD-004796,2024-02-26,2024-03-03,CUST-00098,PROD-00096,5,0.0,520.3,289.3,231.0
ORD-004797,2025-11-11,2025-11-15,CUST-00031,PROD-00152,7,0.0,2786.49,1665.3,1121.19
ORD-004798,2024-07-04,2024-07-09,CUST-00489,PROD-00127,4,0.2,263.26,269.68,-6.42
ORD-004799,2025-07-17,2025-07-20,CUST-00599,PROD-00199,1,0.0,578.21,305.76,272.45
ORD-004800,2024-09-13,2024-09-19,CUST-00260,PROD-00124,2,0.05,640.68,553.28,87.4
ORD-004801,2025-10-21,2025-10-27,CUST-00507,PROD-00059,5,0.05,517.94,374.15,143.79
ORD-004802,2025-06-04,2025-06-08,CUST-00146,PROD-00030,7,0.1,1126.5,1020.88,105.62
ORD-004803,2024-11-14,2024-11-18,CUST-00165,PROD-00071,6,0.0,3666.24,2089.68,1576.56
ORD-004804,2024-02-28,2024-02-29,CUST-00565,PROD-00105,5,0.05,1651.72,1444.0,207.72
ORD-004805,2025-07-09,2025-07-12,CUST-00049,PROD-00111,2,0.15,186.98,177.26,9.72
ORD-004806,2025-03-31,2025-04-05,CUST-00155,PROD-00140,7,0.0,2179.73,1818.53,361.2
ORD-004807,2024-01-03,2024-01-05,CUST-00455,PROD-00093,4,0.05,733.36,410.2,323.16
ORD-004808,2024-01-08,2024-01-10,CUST-00144,PROD-00107,2,0.1,452.03,290.16,161.87
ORD-004809,2025-09-12,2025-09-13,CUST-00479,PROD-00168,6,0.15,560.03,388.98,171.05
ORD-004810,2024-08-05,2024-08-07,CUST-00006,PROD-00145,3,0.05,261.83,197.4,64.43
ORD-004811,2025-04-14,2025-04-15,CUST-00119,PROD-00171,2,0.0,142.44,85.66,56.78
ORD-004812,2024-12-09,2024-12-15,CUST-00187,PROD-00063,7,0.0,2315.88,1898.75,417.13
ORD-004813,2025-10-24,2025-10-30,CUST-00210,PROD-00193,6,0.0,1512.78,799.86,712.92
ORD-004814,2025-11-22,2025-11-26,CUST-00560,PROD-00054,6,0.0,2102.7,1553.7,549.0
ORD-004815,2025-12-30,2026-01-05,CUST-00250,PROD-00135,7,0.1,3200.4,2366.35,834.05
ORD-004816,2024-04-27,2024-04-28,CUST-00173,PROD-00111,1,0.2,87.99,88.63,-0.64
ORD-004817,2025-10-24,2025-10-28,CUST-00243,PROD-00082,2,0.0,593.26,458.52,134.74
ORD-004818,2024-08-10,2024-08-14,CUST-00194,PROD-00056,5,0.05,3110.16,1988.5,1121.66
ORD-004819,2025-03-11,2025-03-16,CUST-00487,PROD-00096,5,0.15,442.25,289.3,152.95
ORD-004820,2025-01-04,2025-01-09,CUST-00329,PROD-00061,6,0.2,940.03,947.7,-7.67
ORD-004821,2024-01-14,2024-01-18,CUST-00260,PROD-00063,6,0.3,1389.53,1627.5,-237.97
ORD-004822,2025-11-29,2025-12-02,CUST-00008,PROD-00051,5,0.1,340.65,207.9,132.75
ORD-004823,2024-03-01,2024-03-03,CUST-00350,PROD-00031,6,0.0,991.2,718.02,273.18
ORD-004824,2025-05-24,2025-05-29,CUST-00214,PROD-00200,5,0.0,1333.45,940.15,393.3
ORD-004825,2025-08-25,2025-08-30,CUST-00320,PROD-00153,6,0.1,2735.26,2260.5,474.76
ORD-004826,2025-09-02,2025-09-08,CUST-00026,PROD-00022,5,0.15,899.09,911.05,-11.96
ORD-004827,2024-04-14,2024-04-17,CUST-00491,PROD-00092,1,0.05,126.3,82.36,43.94
ORD-004828,2024-12-06,2024-12-11,CUST-00170,PROD-00090,5,0.3,1047.02,798.65,248.37
ORD-004829,2025-09-28,2025-10-01,CUST-00203,PROD-00190,6,0.1,1538.46,1454.76,83.7
ORD-004830,2024-09-07,2024-09-08,CUST-00126,PROD-00216,5,0.0,2408.8,1933.85,474.95
ORD-004831,2024-12-16,2024-12-17,CUST-00387,PROD-00007,6,0.1,1190.59,853.92,336.67
ORD-004832,2024-08-15,2024-08-16,CUST-00451,PROD-00075,6,0.0,3361.44,2218.32,1143.12
ORD-004833,2024-12-14,2024-12-17,CUST-00342,PROD-00001,4,0.0,161.8,85.6,76.2
ORD-004834,2025-11-08,2025-11-11,CUST-00462,PROD-00049,3,0.15,1260.31,1189.71,70.6
ORD-004835,2024-12-10,2024-12-11,CUST-00368,PROD-00031,3,0.0,495.6,359.01,136.59
ORD-004836,2025-02-12,2025-02-13,CUST-00063,PROD-00056,2,0.0,1309.54,795.4,514.14
ORD-004837,2024-11-15,2024-11-18,CUST-00413,PROD-00077,4,0.0,730.64,608.28,122.36
ORD-004838,2024-12-12,2024-12-17,CUST-00592,PROD-00153,2,0.1,911.75,753.5,158.25
ORD-004839,2024-01-12,2024-01-15,CUST-00284,PROD-00061,4,0.1,705.02,631.8,73.22
ORD-004840,2024-08-24,2024-08-29,CUST-00264,PROD-00122,7,0.05,269.06,203.77,65.29
ORD-004841,2024-12-01,2024-12-04,CUST-00267,PROD-00017,4,0.15,1829.51,1189.88,639.63
ORD-004842,2025-04-13,2025-04-14,CUST-00285,PROD-00057,2,0.0,512.38,365.94,146.44
ORD-004843,2024-12-07,2024-12-11,CUST-00112,PROD-00210,5,0.0,144.75,105.05,39.7
ORD-004844,2024-10-04,2024-10-06,CUST-00461,PROD-00044,7,0.0,3734.29,2077.95,1656.34
ORD-004845,2024-11-08,2024-11-14,CUST-00586,PROD-00204,1,0.0,425.33,263.25,162.08
ORD-004846,2024-07-19,2024-07-24,CUST-00467,PROD-00109,1,0.05,18.66,16.21,2.45
ORD-004847,2025-11-25,2025-11-27,CUST-00214,PROD-00028,4,0.05,68.13,43.84,24.29
ORD-004848,2025-01-17,2025-01-19,CUST-00528,PROD-00154,4,0.05,885.59,623.0,262.59
ORD-004849,2024-01-11,2024-01-15,CUST-00589,PROD-00087,7,0.15,1232.66,896.35,336.31
ORD-004850,2024-01-15,2024-01-21,CUST-00315,PROD-00106,7,0.15,199.92,153.58,46.34
ORD-004851,2025-12-19,2025-12-21,CUST-00331,PROD-00194,2,0.2,701.97,539.64,162.33
ORD-004852,2024-06-26,2024-06-29,CUST-00001,PROD-00203,5,0.05,2938.64,1814.5,1124.14
ORD-004853,2025-09-10,2025-09-14,CUST-00116,PROD-00073,4,0.0,1581.08,1121.68,459.4
ORD-004854,2024-02-14,2024-02-15,CUST-00300,PROD-00144,7,0.0,1117.62,631.82,485.8
ORD-004855,2025-11-24,2025-11-25,CUST-00407,PROD-00171,4,0.05,270.64,171.32,99.32
ORD-004856,2025-11-01,2025-11-07,CUST-00582,PROD-00031,1,0.2,132.16,119.67,12.49
ORD-004857,2025-02-24,2025-02-26,CUST-00448,PROD-00132,4,0.0,1024.0,589.24,434.76
ORD-004858,2024-01-07,2024-01-11,CUST-00416,PROD-00213,5,0.05,1333.8,1138.45,195.35
ORD-004859,2024-08-04,2024-08-08,CUST-00319,PROD-00009,7,0.15,826.81,572.81,254.0
ORD-004860,2024-11-16,2024-11-21,CUST-00010,PROD-00139,7,0.05,1544.4,1119.79,424.61
ORD-004861,2024-12-12,2024-12-17,CUST-00445,PROD-00070,1,0.0,94.54,53.62,40.92
ORD-004862,2024-09-03,2024-09-04,CUST-00319,PROD-00130,4,0.0,1157.76,661.56,496.2
ORD-004863,2024-01-26,2024-01-28,CUST-00335,PROD-00020,2,0.0,443.74,273.46,170.28
ORD-004864,2025-03-10,2025-03-12,CUST-00470,PROD-00093,7,0.2,1080.74,717.85,362.89
ORD-004865,2025-01-19,2025-01-20,CUST-00386,PROD-00174,5,0.2,884.12,880.1,4.02
ORD-004866,2024-08-23,2024-08-29,CUST-00099,PROD-00143,7,0.0,303.45,216.65,86.8
ORD-004867,2024-01-30,2024-01-31,CUST-00435,PROD-00145,6,0.0,551.22,394.8,156.42
ORD-004868,2025-12-29,2026-01-02,CUST-00496,PROD-00149,3,0.1,810.62,506.04,304.58
ORD-004869,2024-12-23,2024-12-24,CUST-00207,PROD-00104,3,0.1,581.96,545.28,36.68
ORD-004870,2025-08-03,2025-08-05,CUST-00553,PROD-00182,4,0.05,1041.73,898.36,143.37
ORD-004871,2024-12-08,2024-12-14,CUST-00512,PROD-00084,3,0.0,270.99,224.7,46.29
ORD-004872,2024-02-03,2024-02-09,CUST-00012,PROD-00212,1,0.0,590.28,360.35,229.93
ORD-004873,2024-09-12,2024-09-16,CUST-00025,PROD-00026,7,0.05,2823.19,1724.1,1099.09
ORD-004874,2024-09-21,2024-09-22,CUST-00060,PROD-00027,3,0.1,1200.18,865.41,334.77
ORD-004875,2025-10-05,2025-10-06,CUST-00594,PROD-00010,3,0.15,1139.42,1044.93,94.49
ORD-004876,2025-04-28,2025-04-30,CUST-00310,PROD-00004,7,0.05,203.82,170.1,33.72
ORD-004877,2024-08-17,2024-08-19,CUST-00065,PROD-00124,5,0.05,1601.7,1383.2,218.5
ORD-004878,2025-12-16,2025-12-17,CUST-00273,PROD-00159,5,0.0,2301.25,1914.95,386.3
ORD-004879,2024-09-22,2024-09-25,CUST-00079,PROD-00071,6,0.0,3666.24,2089.68,1576.56
ORD-004880,2025-12-31,2026-01-04,CUST-00355,PROD-00124,3,0.0,1011.6,829.92,181.68
ORD-004881,2025-12-30,2026-01-04,CUST-00514,PROD-00189,3,0.1,1699.38,1032.03,667.35
ORD-004882,2024-05-26,2024-05-30,CUST-00232,PROD-00030,6,0.05,1019.22,875.04,144.18
ORD-004883,2024-09-15,2024-09-20,CUST-00476,PROD-00184,3,0.0,803.97,555.21,248.76
ORD-004884,2024-12-24,2024-12-30,CUST-00125,PROD-00080,7,0.1,1317.02,818.16,498.86
ORD-004885,2025-05-06,2025-05-12,CUST-00089,PROD-00003,1,0.2,76.45,78.56,-2.11
ORD-004886,2025-01-22,2025-01-25,CUST-00071,PROD-00188,3,0.0,863.19,550.38,312.81
ORD-004887,2025-12-17,2025-12-18,CUST-00130,PROD-00145,5,0.0,459.35,329.0,130.35
ORD-004888,2025-06-30,2025-07-04,CUST-00452,PROD-00043,2,0.3,526.4,505.1,21.3
ORD-004889,2024-06-16,2024-06-20,CUST-00122,PROD-00152,4,0.0,1592.28,951.6,640.68
ORD-004890,2024-03-21,2024-03-27,CUST-00099,PROD-00009,6,0.0,833.76,490.98,342.78
ORD-004891,2025-05-25,2025-05-28,CUST-00152,PROD-00138,2,0.1,26.91,18.52,8.39
ORD-004892,2024-05-01,2024-05-02,CUST-00119,PROD-00211,4,0.15,2049.35,1398.04,651.31
ORD-004893,2025-08-27,2025-08-28,CUST-00329,PROD-00017,2,0.15,914.75,594.94,319.81
ORD-004894,2024-09-14,2024-09-16,CUST-00084,PROD-00007,4,0.05,837.82,569.28,268.54
ORD-004895,2024-09-26,2024-09-30,CUST-00409,PROD-00081,5,0.0,2054.25,1254.4,799.85
ORD-004896,2024-01-09,2024-01-13,CUST-00388,PROD-00044,6,0.15,2720.7,1781.1,939.6
ORD-004897,2025-06-04,2025-06-10,CUST-00008,PROD-00114,5,0.1,1741.9,1219.7,522.2
ORD-004898,2024-03-27,2024-03-31,CUST-00073,PROD-00092,1,0.0,132.95,82.36,50.59
ORD-004899,2025-08-16,2025-08-19,CUST-00234,PROD-00066,6,0.05,1264.15,943.92,320.23
ORD-004900,2024-12-27,2025-01-02,CUST-00051,PROD-00147,7,0.0,5171.11,2795.45,2375.66
ORD-004901,2025-08-25,2025-08-27,CUST-00173,PROD-00199,1,0.0,578.21,305.76,272.45
ORD-004902,2025-03-05,2025-03-10,CUST-00129,PROD-00054,6,0.0,2102.7,1553.7,549.0
ORD-004903,2024-03-04,2024-03-09,CUST-00215,PROD-00169,5,0.1,1605.38,949.3,656.08
ORD-004904,2025-08-10,2025-08-15,CUST-00381,PROD-00183,3,0.05,951.53,657.51,294.02
ORD-004905,2024-02-23,2024-02-29,CUST-00368,PROD-00159,6,0.05,2623.42,2297.94,325.48
ORD-004906,2024-12-21,2024-12-23,CUST-00373,PROD-00050,1,0.05,243.61,140.19,103.42
ORD-004907,2024-05-12,2024-05-13,CUST-00329,PROD-00097,7,0.0,1950.55,1362.2,588.35
ORD-004908,2025-07-31,2025-08-06,CUST-00163,PROD-00110,6,0.0,2494.32,1888.38,605.94
ORD-004909,2025-11-19,2025-11-23,CUST-00365,PROD-00129,7,0.0,3787.42,2091.25,1696.17
ORD-004910,2025-02-11,2025-02-14,CUST-00469,PROD-00065,7,0.15,181.71,155.19,26.52
ORD-004911,2025-01-21,2025-01-24,CUST-00486,PROD-00129,6,0.05,3084.04,1792.5,1291.54
ORD-004912,2025-08-09,2025-08-11,CUST-00274,PROD-00077,4,0.0,730.64,608.28,122.36
ORD-004913,2024-01-04,2024-01-06,CUST-00270,PROD-00052,5,0.05,1015.31,759.25,256.06
ORD-004914,2025-11-22,2025-11-28,CUST-00475,PROD-00017,4,0.0,2152.36,1189.88,962.48
ORD-004915,2024-05-31,2024-06-04,CUST-00289,PROD-00001,6,0.0,242.7,128.4,114.3
ORD-004916,2025-12-24,2025-12-28,CUST-00205,PROD-00186,4,0.1,1816.99,1275.2,541.79
ORD-004917,2025-07-13,2025-07-19,CUST-00218,PROD-00056,7,0.05,4354.22,2783.9,1570.32
ORD-004918,2025-08-17,2025-08-18,CUST-00125,PROD-00090,2,0.0,598.3,319.46,278.84
ORD-004919,2025-04-30,2025-05-06,CUST-00186,PROD-00115,1,0.3,57.46,69.4,-11.94
ORD-004920,2024-12-18,2024-12-22,CUST-00336,PROD-00003,5,0.1,430.02,392.8,37.22
ORD-004921,2025-02-24,2025-03-02,CUST-00402,PROD-00182,3,0.05,781.3,673.77,107.53
ORD-004922,2024-02-05,2024-02-09,CUST-00588,PROD-00061,4,0.05,744.19,631.8,112.39
ORD-004923,2025-04-05,2025-04-10,CUST-00509,PROD-00172,4,0.2,451.65,388.56,63.09
ORD-004924,2025-04-07,2025-04-12,CUST-00090,PROD-00029,4,0.05,1443.13,1058.56,384.57
ORD-004925,2025-11-09,2025-11-13,CUST-00171,PROD-00138,2,0.1,26.91,18.52,8.39
ORD-004926,2025-01-04,2025-01-06,CUST-00026,PROD-00021,4,0.1,883.15,628.48,254.67
ORD-004927,2024-02-29,2024-03-03,CUST-00030,PROD-00133,2,0.0,720.74,612.62,108.12
ORD-004928,2024-09-10,2024-09-13,CUST-00191,PROD-00135,3,0.0,1524.0,1014.15,509.85
ORD-004929,2025-04-29,2025-05-02,CUST-00369,PROD-00041,4,0.05,665.04,403.4,261.64
ORD-004930,2024-07-16,2024-07-21,CUST-00080,PROD-00191,5,0.05,2168.09,1647.95,520.14
ORD-004931,2024-08-21,2024-08-22,CUST-00121,PROD-00055,5,0.1,1359.99,1084.6,275.39
ORD-004932,2025-09-21,2025-09-25,CUST-00110,PROD-00075,5,0.05,2661.14,1848.6,812.54
ORD-004933,2025-03-06,2025-03-07,CUST-00435,PROD-00194,1,0.3,307.11,269.82,37.29
ORD-004934,2025-01-07,2025-01-11,CUST-00590,PROD-00207,3,0.15,895.02,825.63,69.39
ORD-004935,2024-09-19,2024-09-20,CUST-00320,PROD-00064,6,0.05,2150.15,1479.18,670.97
ORD-004936,2025-07-07,2025-07-10,CUST-00090,PROD-00185,3,0.15,1282.6,1158.21,124.39
ORD-004937,2024-08-27,2024-09-02,CUST-00312,PROD-00053,5,0.05,1206.07,1057.35,148.72
ORD-004938,2025-07-14,2025-07-16,CUST-00426,PROD-00115,6,0.05,467.91,416.4,51.51
ORD-004939,2024-02-23,2024-02-29,CUST-00285,PROD-00052,6,0.2,1026.0,911.1,114.9
ORD-004940,2025-10-25,2025-10-27,CUST-00447,PROD-00144,1,0.0,159.66,90.26,69.4
ORD-004941,2024-12-31,2025-01-06,CUST-00336,PROD-00211,5,0.0,3013.75,1747.55,1266.2
ORD-004942,2024-12-02,2024-12-06,CUST-00377,PROD-00162,5,0.05,680.86,565.55,115.31
ORD-004943,2025-03-26,2025-03-31,CUST-00491,PROD-00023,4,0.0,1864.92,1222.64,642.28
ORD-004944,2025-04-05,2025-04-10,CUST-00146,PROD-00069,4,0.1,2555.78,1587.72,968.06
ORD-004945,2024-04-11,2024-04-13,CUST-00593,PROD-00096,7,0.1,655.58,405.02,250.56
ORD-004946,2025-08-03,2025-08-08,CUST-00524,PROD-00146,4,0.15,625.06,614.4,10.66
ORD-004947,2024-08-18,2024-08-20,CUST-00187,PROD-00087,3,0.0,621.51,384.15,237.36
ORD-004948,2025-11-16,2025-11-18,CUST-00199,PROD-00154,7,0.1,1468.22,1090.25,377.97
ORD-004949,2025-09-19,2025-09-21,CUST-00359,PROD-00046,7,0.05,949.35,692.44,256.91
ORD-004950,2024-10-11,2024-10-15,CUST-00328,PROD-00016,5,0.0,3406.25,1986.95,1419.3
ORD-004951,2025-09-12,2025-09-14,CUST-00018,PROD-00151,5,0.0,813.65,695.65,118.0
ORD-004952,2024-10-18,2024-10-23,CUST-00426,PROD-00103,4,0.1,960.08,844.88,115.2
ORD-004953,2024-03-18,2024-03-24,CUST-00129,PROD-00007,5,0.0,1102.4,711.6,390.8
ORD-004954,2025-12-13,2025-12-14,CUST-00363,PROD-00066,7,0.05,1474.84,1101.24,373.6
ORD-004955,2025-04-27,2025-04-29,CUST-00319,PROD-00014,2,0.0,853.02,538.9,314.12
ORD-004956,2024-12-10,2024-12-14,CUST-00353,PROD-00098,4,0.0,2297.32,1262.92,1034.4
ORD-004957,2024-11-12,2024-11-15,CUST-00442,PROD-00086,4,0.0,1354.52,1024.84,329.68
ORD-004958,2024-09-24,2024-09-27,CUST-00045,PROD-00163,3,0.1,160.87,97.68,63.19
ORD-004959,2025-12-23,2025-12-25,CUST-00539,PROD-00130,6,0.0,1736.64,992.34,744.3
ORD-004960,2024-04-13,2024-04-18,CUST-00360,PROD-00212,7,0.2,3305.57,2522.45,783.12
ORD-004961,2024-09-16,2024-09-17,CUST-00247,PROD-00049,6,0.15,2520.62,2379.42,141.2
ORD-004962,2024-12-24,2024-12-29,CUST-00417,PROD-00035,6,0.15,1793.98,1715.7,78.28
ORD-004963,2024-12-21,2024-12-27,CUST-00260,PROD-00110,4,0.05,1579.74,1258.92,320.82
ORD-004964,2024-12-17,2024-12-20,CUST-00024,PROD-00175,3,0.05,1152.82,810.78,342.04
ORD-004965,2024-05-14,2024-05-19,CUST-00394,PROD-00167,2,0.1,336.17,219.96,116.21
ORD-004966,2024-04-21,2024-04-24,CUST-00563,PROD-00060,3,0.05,677.79,432.75,245.04
ORD-004967,2024-08-01,2024-08-05,CUST-00540,PROD-00164,1,0.0,227.44,131.55,95.89
ORD-004968,2025-11-20,2025-11-24,CUST-00519,PROD-00065,1,0.05,29.01,22.17,6.84
ORD-004969,2024-03-27,2024-03-30,CUST-00478,PROD-00073,6,0.15,2015.88,1682.52,333.36
ORD-004970,2025-08-04,2025-08-09,CUST-00511,PROD-00005,1,0.05,305.94,276.9,29.04
ORD-004971,2025-08-04,2025-08-08,CUST-00529,PROD-00127,3,0.0,246.81,202.26,44.55
ORD-004972,2025-09-13,2025-09-16,CUST-00381,PROD-00219,1,0.1,192.23,118.36,73.87
ORD-004973,2025-11-07,2025-11-08,CUST-00565,PROD-00141,2,0.1,657.07,455.56,201.51
ORD-004974,2024-08-08,2024-08-13,CUST-00561,PROD-00122,6,0.3,169.93,174.66,-4.73
ORD-004975,2024-06-30,2024-07-06,CUST-00121,PROD-00139,7,0.1,1463.11,1119.79,343.32
ORD-004976,2024-12-15,2024-12-20,CUST-00360,PROD-00045,6,0.15,550.29,467.7,82.59
ORD-004977,2024-08-09,2024-08-12,CUST-00425,PROD-00119,5,0.2,2626.12,1985.15,640.97
ORD-004978,2025-07-11,2025-07-14,CUST-00039,PROD-00135,7,0.1,3200.4,2366.35,834.05
ORD-004979,2025-04-14,2025-04-17,CUST-00428,PROD-00197,4,0.05,491.72,360.88,130.84
ORD-004980,2025-11-02,2025-11-06,CUST-00137,PROD-00061,4,0.0,783.36,631.8,151.56
ORD-004981,2024-03-04,2024-03-06,CUST-00238,PROD-00028,1,0.3,12.55,10.96,1.59
ORD-004982,2025-11-21,2025-11-27,CUST-00595,PROD-00142,1,0.0,284.84,244.04,40.8
ORD-004983,2024-08-31,2024-09-06,CUST-00188,PROD-00067,2,0.05,351.46,255.54,95.92
ORD-004984,2024-12-27,2024-12-28,CUST-00485,PROD-00180,7,0.2,1897.67,1865.99,31.68
ORD-004985,2024-12-02,2024-12-03,CUST-00180,PROD-00095,7,0.0,2323.3,1302.84,1020.46
ORD-004986,2025-08-06,2025-08-11,CUST-00139,PROD-00019,6,0.1,1287.52,794.04,493.48
ORD-004987,2024-11-23,2024-11-28,CUST-00018,PROD-00165,6,0.2,130.9,99.3,31.6
ORD-004988,2025-12-04,2025-12-05,CUST-00508,PROD-00089,4,0.1,816.37,587.44,228.93
ORD-004989,2025-11-15,2025-11-19,CUST-00399,PROD-00018,6,0.1,2557.22,1618.2,939.02
ORD-004990,2025-10-31,2025-11-04,CUST-00150,PROD-00204,1,0.0,425.33,263.25,162.08
ORD-004991,2024-02-24,2024-02-25,CUST-00221,PROD-00194,2,0.0,877.46,539.64,337.82
ORD-004992,2025-10-17,2025-10-23,CUST-00131,PROD-00030,3,0.0,536.43,437.52,98.91
ORD-004993,2025-08-22,2025-08-27,CUST-00147,PROD-00127,2,0.05,156.31,134.84,21.47
ORD-004994,2024-03-20,2024-03-22,CUST-00518,PROD-00051,6,0.1,408.78,249.48,159.3
ORD-004995,2024-03-23,2024-03-29,CUST-00502,PROD-00018,1,0.1,426.2,269.7,156.5
ORD-004996,2024-03-18,2024-03-19,CUST-00419,PROD-00194,4,0.05,1667.17,1079.28,587.89
ORD-004997,2024-01-09,2024-01-14,CUST-00476,PROD-00072,5,0.0,2289.25,1644.7,644.55
ORD-004998,2025-02-06,2025-02-10,CUST-00519,PROD-00021,5,0.1,1103.94,785.6,318.34
ORD-004999,2025-12-19,2025-12-23,CUST-00062,PROD-00206,5,0.2,381.16,287.5,93.66
ORD-005000,2024-12-02,2024-12-03,CUST-00342,PROD-00184,3,0.2,643.18,555.21,87.97
ORD-005001,2025-01-31,2025-02-05,CUST-00208,PROD-00016,7,0.05,4530.31,2781.73,1748.58
ORD-005002,2025-12-16,2025-12-18,CUST-00167,PROD-00018,3,0.1,1278.61,809.1,469.51
ORD-005003,2024-08-02,2024-08-05,CUST-00296,PROD-00158,2,0.05,163.8,118.98,44.82
ORD-005004,2025-10-20,2025-10-21,CUST-00181,PROD-00040,5,0.0,1366.75,747.1,619.65
ORD-005005,2025-02-05,2025-02-10,CUST-00166,PROD-00114,1,0.05,367.74,243.94,123.8
ORD-005006,2025-02-22,2025-02-23,CUST-00263,PROD-00124,6,0.2,1618.56,1659.84,-41.28
ORD-005007,2024-10-08,2024-10-13,CUST-00090,PROD-00139,3,0.15,592.21,479.91,112.3
ORD-005008,2025-02-16,2025-02-22,CUST-00093,PROD-00134,4,0.0,2187.76,1534.24,653.52
ORD-005009,2024-02-26,2024-03-03,CUST-00038,PROD-00201,6,0.0,3269.34,2117.34,1152.0
ORD-005010,2025-08-09,2025-08-10,CUST-00224,PROD-00168,3,0.2,263.54,194.49,69.05
ORD-005011,2024-08-24,2024-08-27,CUST-00307,PROD-00167,6,0.15,952.48,659.88,292.6
ORD-005012,2025-11-08,2025-11-14,CUST-00171,PROD-00069,6,0.0,4259.64,2381.58,1878.06
ORD-005013,2024-10-27,2024-11-02,CUST-00376,PROD-00025,1,0.05,97.46,66.4,31.06
ORD-005014,2024-04-19,2024-04-24,CUST-00486,PROD-00079,6,0.1,1326.73,1065.24,261.49
ORD-005015,2025-05-30,2025-06-01,CUST-00075,PROD-00093,7,0.05,1283.38,717.85,565.53
ORD-005016,2024-05-06,2024-05-12,CUST-00157,PROD-00079,1,0.1,221.12,177.54,43.58
ORD-005017,2025-08-01,2025-08-07,CUST-00447,PROD-00177,7,0.0,3390.52,2268.77,1121.75
ORD-005018,2025-12-16,2025-12-20,CUST-00473,PROD-00054,6,0.15,1787.29,1553.7,233.59
ORD-005019,2025-08-21,2025-08-27,CUST-00486,PROD-00058,2,0.0,982.62,766.78,215.84
ORD-005020,2024-01-18,2024-01-21,CUST-00438,PROD-00073,5,0.05,1877.53,1402.1,475.43
ORD-005021,2025-03-18,2025-03-19,CUST-00094,PROD-00179,7,0.2,1321.94,962.08,359.86
ORD-005022,2025-05-30,2025-05-31,CUST-00430,PROD-00030,1,0.0,178.81,145.84,32.97
ORD-005023,2025-09-25,2025-10-01,CUST-00177,PROD-00056,1,0.1,589.29,397.7,191.59
ORD-005024,2024-02-12,2024-02-18,CUST-00077,PROD-00165,4,0.0,109.08,66.2,42.88
ORD-005025,2024-12-22,2024-12-23,CUST-00167,PROD-00185,5,0.15,2137.66,1930.35,207.31
ORD-005026,2025-01-27,2025-01-29,CUST-00426,PROD-00125,1,0.2,293.84,206.29,87.55
ORD-005027,2024-05-09,2024-05-11,CUST-00427,PROD-00188,4,0.1,1035.83,733.84,301.99
ORD-005028,2024-09-22,2024-09-25,CUST-00447,PROD-00119,4,0.0,2626.12,1588.12,1038.0
ORD-005029,2024-12-03,2024-12-09,CUST-00297,PROD-00122,2,0.05,76.87,58.22,18.65
ORD-005030,2025-10-01,2025-10-05,CUST-00020,PROD-00184,4,0.0,1071.96,740.28,331.68
ORD-005031,2025-11-28,2025-11-30,CUST-00262,PROD-00220,6,0.0,397.44,330.84,66.6
ORD-005032,2025-04-09,2025-04-15,CUST-00022,PROD-00085,6,0.0,476.82,285.66,191.16
ORD-005033,2024-11-11,2024-11-15,CUST-00178,PROD-00044,3,0.0,1600.41,890.55,709.86
ORD-005034,2024-08-01,2024-08-05,CUST-00443,PROD-00069,3,0.15,1810.35,1190.79,619.56
ORD-005035,2025-12-23,2025-12-28,CUST-00365,PROD-00120,5,0.0,851.55,546.55,305.0
ORD-005036,2025-12-23,2025-12-29,CUST-00194,PROD-00115,6,0.1,443.29,416.4,26.89
ORD-005037,2025-11-26,2025-11-29,CUST-00025,PROD-00103,6,0.1,1440.13,1267.32,172.81
ORD-005038,2025-08-26,2025-08-31,CUST-00094,PROD-00068,7,0.0,3117.87,2452.45,665.42
ORD-005039,2024-09-25,2024-10-01,CUST-00567,PROD-00072,2,0.05,869.92,657.88,212.04
ORD-005040,2025-09-19,2025-09-22,CUST-00021,PROD-00001,6,0.1,218.43,128.4,90.03
ORD-005041,2024-11-17,2024-11-19,CUST-00398,PROD-00207,2,0.1,631.78,550.42,81.36
ORD-005042,2024-09-26,2024-09-27,CUST-00383,PROD-00053,2,0.0,507.82,422.94,84.88
ORD-005043,2025-07-23,2025-07-24,CUST-00310,PROD-00163,4,0.0,238.32,130.24,108.08
ORD-005044,2024-03-02,2024-03-05,CUST-00041,PROD-00073,4,0.0,1581.08,1121.68,459.4
ORD-005045,2024-02-07,2024-02-13,CUST-00446,PROD-00174,3,0.0,663.09,528.06,135.03
ORD-005046,2024-12-06,2024-12-07,CUST-00154,PROD-00104,3,0.1,581.96,545.28,36.68
ORD-005047,2024-12-05,2024-12-09,CUST-00596,PROD-00106,1,0.05,31.92,21.94,9.98
ORD-005048,2025-11-11,2025-11-14,CUST-00330,PROD-00180,1,0.0,338.87,266.57,72.3
ORD-005049,2024-04-06,2024-04-12,CUST-00168,PROD-00213,6,0.0,1684.8,1366.14,318.66
ORD-005050,2024-04-04,2024-04-08,CUST-00190,PROD-00215,2,0.05,389.8,347.28,42.52
ORD-005051,2024-04-23,2024-04-27,CUST-00168,PROD-00012,1,0.05,522.59,348.61,173.98
ORD-005052,2024-01-23,2024-01-25,CUST-00339,PROD-00023,7,0.2,2610.89,2139.62,471.27
ORD-005053,2024-02-25,2024-03-01,CUST-00392,PROD-00089,2,0.0,453.54,293.72,159.82
ORD-005054,2025-05-03,2025-05-05,CUST-00513,PROD-00079,7,0.05,1633.84,1242.78,391.06
ORD-005055,2024-11-28,2024-12-04,CUST-00232,PROD-00046,5,0.0,713.8,494.6,219.2
ORD-005056,2025-08-09,2025-08-15,CUST-00265,PROD-00020,4,0.05,843.11,546.92,296.19
ORD-005057,2025-12-28,2025-12-29,CUST-00212,PROD-00163,7,0.0,417.06,227.92,189.14
ORD-005058,2025-05-02,2025-05-08,CUST-00053,PROD-00182,6,0.0,1644.84,1347.54,297.3
ORD-005059,2024-02-08,2024-02-12,CUST-00044,PROD-00091,4,0.0,1199.56,688.32,511.24
ORD-005060,2024-03-21,2024-03-25,CUST-00438,PROD-00081,7,0.0,2875.95,1756.16,1119.79
ORD-005061,2025-11-04,2025-11-06,CUST-00264,PROD-00105,1,0.3,243.41,288.8,-45.39
ORD-005062,2025-01-21,2025-01-24,CUST-00115,PROD-00123,3,0.05,1265.23,1126.38,138.85
ORD-005063,2025-09-25,2025-09-30,CUST-00230,PROD-00217,2,0.05,1055.66,663.62,392.04
ORD-005064,2025-10-19,2025-10-24,CUST-00462,PROD-00193,5,0.0,1260.65,666.55,594.1
ORD-005065,2025-11-27,2025-12-03,CUST-00333,PROD-00123,6,0.15,2264.09,2252.76,11.33
ORD-005066,2025-12-07,2025-12-12,CUST-00593,PROD-00188,7,0.0,2014.11,1284.22,729.89
ORD-005067,2025-02-11,2025-02-14,CUST-00411,PROD-00069,1,0.3,496.96,396.93,100.03
ORD-005068,2024-10-07,2024-10-11,CUST-00097,PROD-00123,6,0.05,2530.46,2252.76,277.7
ORD-005069,2025-12-13,2025-12-15,CUST-00503,PROD-00032,6,0.05,1635.56,1414.38,221.18
ORD-005070,2025-02-05,2025-02-11,CUST-00597,PROD-00159,3,0.0,1380.75,1148.97,231.78
ORD-005071,2024-02-19,2024-02-25,CUST-00418,PROD-00121,5,0.3,2344.86,1957.65,387.21
ORD-005072,2025-04-20,2025-04-21,CUST-00406,PROD-00056,4,0.1,2357.17,1590.8,766.37
ORD-005073,2025-03-08,2025-03-14,CUST-00094,PROD-00134,3,0.05,1558.78,1150.68,408.1
ORD-005074,2025-11-12,2025-11-14,CUST-00369,PROD-00168,6,0.1,592.97,388.98,203.99
ORD-005075,2025-04-28,2025-05-01,CUST-00207,PROD-00040,3,0.0,820.05,448.26,371.79
ORD-005076,2024-10-13,2024-10-17,CUST-00395,PROD-00167,3,0.0,560.28,329.94,230.34
ORD-005077,2025-12-15,2025-12-16,CUST-00214,PROD-00199,6,0.2,2775.41,1834.56,940.85
ORD-005078,2025-09-07,2025-09-10,CUST-00153,PROD-00175,3,0.0,1213.5,810.78,402.72
ORD-005079,2025-04-10,2025-04-16,CUST-00284,PROD-00216,1,0.1,433.58,386.77,46.81
ORD-005080,2024-08-31,2024-09-01,CUST-00034,PROD-00215,2,0.1,369.29,347.28,22.01
ORD-005081,2024-11-01,2024-11-03,CUST-00322,PROD-00115,6,0.15,418.66,416.4,2.26
ORD-005082,2025-05-10,2025-05-16,CUST-00360,PROD-00029,5,0.2,1519.08,1323.2,195.88
ORD-005083,2024-02-25,2024-02-29,CUST-00342,PROD-00215,3,0.2,492.38,520.92,-28.54
ORD-005084,2024-08-03,2024-08-09,CUST-00222,PROD-00133,2,0.05,684.7,612.62,72.08
ORD-005085,2025-06-19,2025-06-25,CUST-00358,PROD-00138,1,0.15,12.71,9.26,3.45
ORD-005086,2024-12-22,2024-12-24,CUST-00273,PROD-00164,6,0.0,1364.64,789.3,575.34
ORD-005087,2024-11-14,2024-11-17,CUST-00234,PROD-00197,3,0.2,310.56,270.66,39.9
ORD-005088,2024-04-26,2024-04-29,CUST-00147,PROD-00062,3,0.0,2197.98,1191.15,1006.83
ORD-005089,2024-12-03,2024-12-06,CUST-00390,PROD-00111,3,0.0,329.97,265.89,64.08
ORD-005090,2025-08-14,2025-08-19,CUST-00584,PROD-00091,5,0.1,1349.5,860.4,489.1
ORD-005091,2024-08-08,2024-08-13,CUST-00080,PROD-00163,5,0.0,297.9,162.8,135.1
ORD-005092,2024-01-05,2024-01-09,CUST-00022,PROD-00078,6,0.0,719.88,594.96,124.92
ORD-005093,2025-05-09,2025-05-14,CUST-00148,PROD-00150,6,0.0,2973.06,2283.12,689.94
ORD-005094,2025-12-18,2025-12-19,CUST-00530,PROD-00063,6,0.05,1885.79,1627.5,258.29
ORD-005095,2025-03-23,2025-03-24,CUST-00254,PROD-00187,1,0.0,299.72,163.22,136.5
ORD-005096,2024-04-02,2024-04-07,CUST-00171,PROD-00059,6,0.1,588.82,448.98,139.84
ORD-005097,2024-09-21,2024-09-23,CUST-00320,PROD-00219,4,0.05,811.64,473.44,338.2
ORD-005098,2025-10-28,2025-11-02,CUST-00031,PROD-00065,5,0.15,129.79,110.85,18.94
ORD-005099,2024-07-08,2024-07-11,CUST-00325,PROD-00177,7,0.0,3390.52,2268.77,1121.75
ORD-005100,2025-03-24,2025-03-29,CUST-00501,PROD-00205,4,0.0,2310.72,1296.12,1014.6
ORD-005101,2024-11-14,2024-11-19,CUST-00166,PROD-00161,6,0.1,1064.12,687.6,376.52
ORD-005102,2024-06-11,2024-06-12,CUST-00532,PROD-00100,5,0.0,960.05,539.15,420.9
ORD-005103,2025-09-16,2025-09-19,CUST-00227,PROD-00059,4,0.0,436.16,299.32,136.84
ORD-005104,2025-07-20,2025-07-22,CUST-00471,PROD-00129,1,0.0,541.06,298.75,242.31
ORD-005105,2025-05-04,2025-05-10,CUST-00502,PROD-00167,2,0.0,373.52,219.96,153.56
ORD-005106,2024-07-13,2024-07-14,CUST-00520,PROD-00162,1,0.0,143.34,113.11,30.23
ORD-005107,2024-03-16,2024-03-18,CUST-00585,PROD-00209,3,0.0,1367.85,1042.86,324.99
ORD-005108,2025-02-27,2025-02-28,CUST-00543,PROD-00080,7,0.15,1243.85,818.16,425.69
ORD-005109,2025-02-10,2025-02-15,CUST-00310,PROD-00179,4,0.1,849.82,549.76,300.06
ORD-005110,2024-05-24,2024-05-30,CUST-00395,PROD-00190,6,0.15,1452.99,1454.76,-1.77
ORD-005111,2024-02-13,2024-02-15,CUST-00326,PROD-00066,7,0.0,1552.46,1101.24,451.22
ORD-005112,2024-03-02,2024-03-08,CUST-00266,PROD-00132,1,0.0,256.0,147.31,108.69
ORD-005113,2025-12-28,2025-12-31,CUST-00365,PROD-00171,2,0.0,142.44,85.66,56.78
ORD-005114,2025-08-24,2025-08-29,CUST-00196,PROD-00099,2,0.15,840.45,532.42,308.03
ORD-005115,2025-11-24,2025-11-27,CUST-00321,PROD-00191,1,0.1,410.8,329.59,81.21
ORD-005116,2024-05-29,2024-05-31,CUST-00177,PROD-00115,5,0.1,369.4,347.0,22.4
ORD-005117,2025-12-13,2025-12-19,CUST-00243,PROD-00030,6,0.1,965.57,875.04,90.53
ORD-005118,2024-04-19,2024-04-23,CUST-00549,PROD-00048,6,0.15,1374.35,1089.3,285.05
ORD-005119,2025-01-07,2025-01-10,CUST-00416,PROD-00059,6,0.15,556.1,448.98,107.12
ORD-005120,2025-09-28,2025-10-04,CUST-00207,PROD-00105,4,0.05,1321.37,1155.2,166.17
ORD-005121,2024-10-13,2024-10-17,CUST-00233,PROD-00157,2,0.0,1013.68,587.94,425.74
ORD-005122,2024-11-25,2024-11-26,CUST-00485,PROD-00057,7,0.0,1793.33,1280.79,512.54
ORD-005123,2024-04-08,2024-04-12,CUST-00180,PROD-00162,5,0.3,501.69,565.55,-63.86
ORD-005124,2024-04-04,2024-04-06,CUST-00292,PROD-00156,1,0.1,45.31,27.54,17.77
ORD-005125,2025-04-02,2025-04-06,CUST-00098,PROD-00147,4,0.3,2068.44,1597.4,471.04
ORD-005126,2025-05-15,2025-05-20,CUST-00084,PROD-00217,1,0.2,444.49,331.81,112.68
ORD-005127,2025-08-19,2025-08-24,CUST-00254,PROD-00152,7,0.1,2507.84,1665.3,842.54
ORD-005128,2025-02-13,2025-02-15,CUST-00314,PROD-00085,3,0.0,238.41,142.83,95.58
ORD-005129,2025-04-22,2025-04-26,CUST-00251,PROD-00152,2,0.3,557.3,475.8,81.5
ORD-005130,2024-01-11,2024-01-16,CUST-00046,PROD-00094,3,0.1,95.31,74.13,21.18
ORD-005131,2024-05-04,2024-05-07,CUST-00438,PROD-00177,1,0.05,460.14,324.11,136.03
ORD-005132,2025-12-24,2025-12-28,CUST-00402,PROD-00188,1,0.0,287.73,183.46,104.27
ORD-005133,2024-02-28,2024-03-04,CUST-00221,PROD-00145,2,0.0,183.74,131.6,52.14
ORD-005134,2025-05-17,2025-05-23,CUST-00388,PROD-00056,7,0.0,4583.39,2783.9,1799.49
ORD-005135,2024-05-15,2024-05-20,CUST-00560,PROD-00048,3,0.0,808.44,544.65,263.79
ORD-005136,2025-06-22,2025-06-27,CUST-00417,PROD-00100,5,0.3,672.04,539.15,132.89
ORD-005137,2025-06-10,2025-06-12,CUST-00345,PROD-00074,2,0.0,1181.7,747.26,434.44
ORD-005138,2024-07-10,2024-07-15,CUST-00570,PROD-00098,7,0.2,3216.25,2210.11,1006.14
ORD-005139,2024-08-13,2024-08-15,CUST-00352,PROD-00201,7,0.0,3814.23,2470.23,1344.0
ORD-005140,2025-04-29,2025-05-03,CUST-00169,PROD-00098,7,0.15,3417.26,2210.11,1207.15
ORD-005141,2024-11-08,2024-11-12,CUST-00098,PROD-00026,1,0.15,360.86,246.3,114.56
ORD-005142,2024-05-29,2024-06-03,CUST-00340,PROD-00019,4,0.15,810.66,529.36,281.3
ORD-005143,2025-07-08,2025-07-09,CUST-00377,PROD-00128,6,0.1,2101.09,1838.16,262.93
ORD-005144,2024-04-28,2024-05-01,CUST-00180,PROD-00018,5,0.0,2367.8,1348.5,1019.3
ORD-005145,2025-10-18,2025-10-24,CUST-00594,PROD-00196,4,0.1,1265.36,909.68,355.68
ORD-005146,2025-01-11,2025-01-16,CUST-00538,PROD-00198,3,0.15,1549.48,1033.23,516.25
ORD-005147,2024-03-22,2024-03-27,CUST-00191,PROD-00206,2,0.2,152.46,115.0,37.46
ORD-005148,2025-05-29,2025-06-01,CUST-00175,PROD-00164,4,0.0,909.76,526.2,383.56
ORD-005149,2025-01-15,2025-01-21,CUST-00532,PROD-00150,7,0.1,3121.71,2663.64,458.07
ORD-005150,2024-09-04,2024-09-05,CUST-00556,PROD-00196,3,0.15,896.3,682.26,214.04
ORD-005151,2024-11-24,2024-11-25,CUST-00059,PROD-00132,5,0.0,1280.0,736.55,543.45
ORD-005152,2024-09-04,2024-09-10,CUST-00263,PROD-00175,4,0.1,1456.2,1081.04,375.16
ORD-005153,2024-08-08,2024-08-13,CUST-00047,PROD-00053,6,0.2,1218.77,1268.82,-50.05
ORD-005154,2024-05-05,2024-05-10,CUST-00316,PROD-00077,6,0.2,876.77,912.42,-35.65
ORD-005155,2024-10-23,2024-10-25,CUST-00568,PROD-00078,6,0.05,683.89,594.96,88.93
ORD-005156,2024-07-29,2024-07-30,CUST-00416,PROD-00193,5,0.1,1134.58,666.55,468.03
ORD-005157,2025-05-21,2025-05-24,CUST-00350,PROD-00025,4,0.0,410.36,265.6,144.76
ORD-005158,2025-05-21,2025-05-27,CUST-00468,PROD-00206,2,0.05,181.05,115.0,66.05
ORD-005159,2025-01-01,2025-01-02,CUST-00504,PROD-00128,1,0.0,389.09,306.36,82.73
ORD-005160,2025-08-20,2025-08-25,CUST-00392,PROD-00056,4,0.05,2488.13,1590.8,897.33
ORD-005161,2025-10-07,2025-10-08,CUST-00347,PROD-00010,7,0.0,3127.81,2438.17,689.64
ORD-005162,2025-03-02,2025-03-07,CUST-00339,PROD-00203,4,0.05,2350.91,1451.6,899.31
ORD-005163,2025-04-01,2025-04-04,CUST-00498,PROD-00133,2,0.15,612.63,612.62,0.01
ORD-005164,2024-08-23,2024-08-25,CUST-00107,PROD-00113,2,0.05,317.43,268.62,48.81
ORD-005165,2025-11-11,2025-11-16,CUST-00121,PROD-00103,5,0.0,1333.45,1056.1,277.35
ORD-005166,2024-01-19,2024-01-23,CUST-00306,PROD-00167,4,0.3,522.93,439.92,83.01
ORD-005167,2024-10-12,2024-10-14,CUST-00071,PROD-00128,1,0.3,272.36,306.36,-34.0
ORD-005168,2025-06-27,2025-07-03,CUST-00387,PROD-00205,5,0.0,2888.4,1620.15,1268.25
ORD-005169,2024-03-02,2024-03-08,CUST-00539,PROD-00111,1,0.0,109.99,88.63,21.36
ORD-005170,2024-05-20,2024-05-23,CUST-00538,PROD-00043,3,0.1,1015.2,757.65,257.55
ORD-005171,2025-03-10,2025-03-12,CUST-00059,PROD-00048,4,0.15,916.23,726.2,190.03
ORD-005172,2025-02-15,2025-02-17,CUST-00114,PROD-00040,2,0.0,546.7,298.84,247.86
ORD-005173,2025-07-16,2025-07-19,CUST-00504,PROD-00036,3,0.0,1620.06,1103.28,516.78
ORD-005174,2025-09-15,2025-09-20,CUST-00486,PROD-00016,3,0.05,1941.56,1192.17,749.39
ORD-005175,2024-04-08,2024-04-09,CUST-00159,PROD-00160,5,0.1,135.68,111.1,24.58
ORD-005176,2024-01-15,2024-01-20,CUST-00278,PROD-00143,4,0.0,173.4,123.8,49.6
ORD-005177,2025-05-26,2025-05-31,CUST-00369,PROD-00215,7,0.15,1220.7,1215.48,5.22
ORD-005178,2024-09-06,2024-09-10,CUST-00327,PROD-00037,2,0.0,529.06,447.38,81.68
ORD-005179,2025-04-07,2025-04-09,CUST-00369,PROD-00166,6,0.1,2760.86,2122.8,638.06
ORD-005180,2024-04-25,2024-05-01,CUST-00075,PROD-00212,5,0.2,2361.12,1801.75,559.37
ORD-005181,2024-12-16,2024-12-22,CUST-00099,PROD-00009,1,0.0,138.96,81.83,57.13
ORD-005182,2025-01-03,2025-01-05,CUST-00184,PROD-00037,1,0.0,264.53,223.69,40.84
ORD-005183,2025-03-06,2025-03-07,CUST-00469,PROD-00140,7,0.0,2179.73,1818.53,361.2
ORD-005184,2025-01-10,2025-01-11,CUST-00408,PROD-00218,1,0.05,620.63,385.42,235.21
ORD-005185,2024-12-29,2024-12-30,CUST-00300,PROD-00130,2,0.0,578.88,330.78,248.1
ORD-005186,2024-09-30,2024-10-06,CUST-00378,PROD-00191,6,0.0,2738.64,1977.54,761.1
ORD-005187,2024-02-24,2024-02-28,CUST-00494,PROD-00198,1,0.0,607.64,344.41,263.23
ORD-005188,2024-03-09,2024-03-10,CUST-00358,PROD-00053,6,0.15,1294.94,1268.82,26.12
ORD-005189,2024-11-29,2024-12-01,CUST-00072,PROD-00044,5,0.1,2400.62,1484.25,916.37
ORD-005190,2024-10-18,2024-10-24,CUST-00514,PROD-00136,5,0.2,906.04,761.9,144.14
ORD-005191,2025-01-12,2025-01-14,CUST-00094,PROD-00007,6,0.0,1322.88,853.92,468.96
ORD-005192,2024-09-09,2024-09-14,CUST-00278,PROD-00211,3,0.05,1717.84,1048.53,669.31
ORD-005193,2025-05-24,2025-05-26,CUST-00396,PROD-00011,4,0.15,611.86,618.88,-7.02
ORD-005194,2025-10-25,2025-10-27,CUST-00270,PROD-00033,7,0.05,1115.4,804.09,311.31
ORD-005195,2024-09-04,2024-09-09,CUST-00398,PROD-00216,1,0.15,409.5,386.77,22.73
ORD-005196,2024-05-28,2024-06-03,CUST-00586,PROD-00128,2,0.05,739.27,612.72,126.55
ORD-005197,2024-03-30,2024-04-01,CUST-00438,PROD-00192,6,0.1,398.41,244.32,154.09
ORD-005198,2025-03-30,2025-04-04,CUST-00283,PROD-00170,4,0.0,372.08,318.96,53.12
ORD-005199,2024-12-04,2024-12-09,CUST-00164,PROD-00109,1,0.15,16.69,16.21,0.48
ORD-005200,2024-05-24,2024-05-26,CUST-00148,PROD-00045,7,0.1,679.77,545.65,134.12
ORD-005201,2025-04-28,2025-04-30,CUST-00021,PROD-00179,1,0.05,224.26,137.44,86.82
ORD-005202,2024-04-23,2024-04-24,CUST-00557,PROD-00180,1,0.15,288.04,266.57,21.47
ORD-005203,2025-02-11,2025-02-17,CUST-00386,PROD-00177,5,0.3,1695.26,1620.55,74.71
ORD-005204,2025-01-21,2025-01-23,CUST-00499,PROD-00187,6,0.0,1798.32,979.32,819.0
ORD-005205,2025-07-11,2025-07-13,CUST-00337,PROD-00214,2,0.3,275.04,315.18,-40.14
ORD-005206,2024-02-12,2024-02-17,CUST-00371,PROD-00018,4,0.2,1515.39,1078.8,436.59
ORD-005207,2025-11-08,2025-11-10,CUST-00296,PROD-00006,7,0.15,3089.36,2437.54,651.82
ORD-005208,2025-06-07,2025-06-09,CUST-00361,PROD-00091,6,0.05,1709.37,1032.48,676.89
ORD-005209,2024-06-20,2024-06-26,CUST-00567,PROD-00206,7,0.1,600.33,402.5,197.83
ORD-005210,2024-05-20,2024-05-23,CUST-00367,PROD-00146,5,0.15,781.32,768.0,13.32
ORD-005211,2024-11-28,2024-12-02,CUST-00325,PROD-00117,2,0.0,408.18,320.7,87.48
ORD-005212,2025-09-19,2025-09-24,CUST-00422,PROD-00013,1,0.0,588.19,319.84,268.35
ORD-005213,2025-10-09,2025-10-13,CUST-00152,PROD-00129,4,0.05,2056.03,1195.0,861.03
ORD-005214,2025-01-16,2025-01-19,CUST-00032,PROD-00177,7,0.2,2712.42,2268.77,443.65
ORD-005215,2025-10-22,2025-10-25,CUST-00497,PROD-00110,7,0.1,2619.04,2203.11,415.93
ORD-005216,2024-01-05,2024-01-07,CUST-00107,PROD-00210,5,0.3,101.32,105.05,-3.73
ORD-005217,2024-01-28,2024-01-31,CUST-00041,PROD-00120,3,0.0,510.93,327.93,183.0
ORD-005218,2025-11-19,2025-11-25,CUST-00336,PROD-00099,5,0.0,2471.9,1331.05,1140.85
ORD-005219,2025-08-18,2025-08-21,CUST-00095,PROD-00177,1,0.2,387.49,324.11,63.38
ORD-005220,2024-12-08,2024-12-13,CUST-00380,PROD-00042,5,0.0,2824.8,1708.3,1116.5
ORD-005221,2025-08-01,2025-08-05,CUST-00364,PROD-00051,1,0.2,60.56,41.58,18.98
ORD-005222,2025-12-10,2025-12-13,CUST-00124,PROD-00199,6,0.05,3295.8,1834.56,1461.24
ORD-005223,2025-08-15,2025-08-21,CUST-00050,PROD-00187,1,0.05,284.73,163.22,121.51
ORD-005224,2025-10-08,2025-10-11,CUST-00034,PROD-00026,2,0.0,849.08,492.6,356.48
ORD-005225,2025-08-06,2025-08-08,CUST-00086,PROD-00160,1,0.2,24.12,22.22,1.9
ORD-005226,2024-05-09,2024-05-12,CUST-00391,PROD-00019,1,0.3,166.9,132.34,34.56
ORD-005227,2025-10-01,2025-10-04,CUST-00220,PROD-00206,7,0.15,566.98,402.5,164.48
ORD-005228,2024-05-29,2024-06-02,CUST-00360,PROD-00082,6,0.0,1779.78,1375.56,404.22
ORD-005229,2025-11-10,2025-11-16,CUST-00257,PROD-00073,1,0.1,355.74,280.42,75.32
ORD-005230,2024-12-11,2024-12-17,CUST-00221,PROD-00015,4,0.0,1896.76,1599.08,297.68
ORD-005231,2025-05-16,2025-05-22,CUST-00054,PROD-00119,6,0.05,3742.22,2382.18,1360.04
ORD-005232,2024-12-30,2025-01-05,CUST-00128,PROD-00092,1,0.15,113.01,82.36,30.65
ORD-005233,2024-03-13,2024-03-18,CUST-00134,PROD-00196,7,0.3,1722.3,1591.94,130.36
ORD-005234,2024-08-29,2024-09-04,CUST-00425,PROD-00196,6,0.05,2003.49,1364.52,638.97
ORD-005235,2025-12-24,2025-12-26,CUST-00296,PROD-00198,2,0.15,1032.99,688.82,344.17
ORD-005236,2025-12-13,2025-12-19,CUST-00429,PROD-00111,3,0.15,280.47,265.89,14.58
ORD-005237,2024-09-21,2024-09-26,CUST-00212,PROD-00017,4,0.05,2044.74,1189.88,854.86
ORD-005238,2025-12-30,2026-01-03,CUST-00540,PROD-00141,5,0.15,1551.42,1138.9,412.52
ORD-005239,2025-10-11,2025-10-15,CUST-00503,PROD-00054,3,0.0,1051.35,776.85,274.5
ORD-005240,2025-03-26,2025-03-30,CUST-00087,PROD-00018,4,0.15,1610.1,1078.8,531.3
ORD-005241,2024-01-31,2024-02-01,CUST-00379,PROD-00071,4,0.0,2444.16,1393.12,1051.04
ORD-005242,2025-11-14,2025-11-17,CUST-00293,PROD-00049,3,0.1,1334.45,1189.71,144.74
ORD-005243,2025-02-13,2025-02-15,CUST-00477,PROD-00009,5,0.05,660.06,409.15,250.91
ORD-005244,2025-10-28,2025-11-01,CUST-00089,PROD-00012,6,0.1,2970.49,2091.66,878.83
ORD-005245,2025-10-02,2025-10-04,CUST-00445,PROD-00173,7,0.0,1874.46,1547.49,326.97
ORD-005246,2025-10-01,2025-10-06,CUST-00202,PROD-00176,7,0.0,2889.18,2112.04,777.14
ORD-005247,2025-06-01,2025-06-03,CUST-00285,PROD-00171,5,0.05,338.3,214.15,124.15
ORD-005248,2024-08-29,2024-09-02,CUST-00499,PROD-00124,6,0.05,1922.04,1659.84,262.2
ORD-005249,2024-10-03,2024-10-05,CUST-00293,PROD-00048,2,0.1,485.06,363.1,121.96
ORD-005250,2024-09-12,2024-09-13,CUST-00525,PROD-00194,4,0.1,1579.43,1079.28,500.15
ORD-005251,2024-01-16,2024-01-18,CUST-00436,PROD-00133,3,0.0,1081.11,918.93,162.18
ORD-005252,2025-03-04,2025-03-10,CUST-00180,PROD-00126,4,0.15,1771.98,1220.84,551.14
ORD-005253,2025-06-02,2025-06-04,CUST-00326,PROD-00136,3,0.1,611.58,457.14,154.44
ORD-005254,2025-10-17,2025-10-19,CUST-00410,PROD-00063,1,0.05,314.3,271.25,43.05
ORD-005255,2024-04-17,2024-04-19,CUST-00562,PROD-00213,6,0.0,1684.8,1366.14,318.66
ORD-005256,2025-02-03,2025-02-06,CUST-00046,PROD-00106,7,0.05,223.44,153.58,69.86
ORD-005257,2024-01-07,2024-01-10,CUST-00118,PROD-00176,6,0.0,2476.44,1810.32,666.12
ORD-005258,2024-03-13,2024-03-15,CUST-00200,PROD-00146,3,0.2,441.22,460.8,-19.58
ORD-005259,2024-02-11,2024-02-14,CUST-00320,PROD-00199,1,0.0,578.21,305.76,272.45
ORD-005260,2025-07-01,2025-07-03,CUST-00143,PROD-00100,2,0.1,345.62,215.66,129.96
ORD-005261,2024-03-03,2024-03-07,CUST-00465,PROD-00009,7,0.1,875.45,572.81,302.64
ORD-005262,2025-06-21,2025-06-24,CUST-00396,PROD-00145,1,0.1,82.68,65.8,16.88
ORD-005263,2024-07-27,2024-08-01,CUST-00460,PROD-00165,4,0.0,109.08,66.2,42.88
ORD-005264,2025-11-03,2025-11-06,CUST-00162,PROD-00036,4,0.15,1836.07,1471.04,365.03
ORD-005265,2025-09-16,2025-09-17,CUST-00058,PROD-00140,4,0.05,1183.28,1039.16,144.12
ORD-005266,2025-12-11,2025-12-16,CUST-00198,PROD-00067,7,0.05,1230.12,894.39,335.73
ORD-005267,2025-11-06,2025-11-10,CUST-00006,PROD-00097,1,0.1,250.78,194.6,56.18
ORD-005268,2025-11-30,2025-12-05,CUST-00550,PROD-00040,7,0.0,1913.45,1045.94,867.51
ORD-005269,2025-10-21,2025-10-25,CUST-00210,PROD-00035,3,0.15,896.99,857.85,39.14
ORD-005270,2025-05-28,2025-05-31,CUST-00151,PROD-00193,7,0.05,1676.66,933.17,743.49
ORD-005271,2024-05-10,2024-05-11,CUST-00554,PROD-00192,2,0.0,147.56,81.44,66.12
ORD-005272,2024-08-14,2024-08-17,CUST-00370,PROD-00020,1,0.05,210.78,136.73,74.05
ORD-005273,2024-06-17,2024-06-22,CUST-00590,PROD-00210,2,0.2,46.32,42.02,4.3
ORD-005274,2025-03-21,2025-03-27,CUST-00282,PROD-00220,4,0.0,264.96,220.56,44.4
ORD-005275,2025-01-03,2025-01-07,CUST-00401,PROD-00115,2,0.1,147.76,138.8,8.96
ORD-005276,2025-10-27,2025-11-02,CUST-00345,PROD-00007,1,0.0,220.48,142.32,78.16
ORD-005277,2025-12-09,2025-12-15,CUST-00374,PROD-00092,2,0.1,239.31,164.72,74.59
ORD-005278,2024-11-16,2024-11-22,CUST-00586,PROD-00056,7,0.15,3895.88,2783.9,1111.98
ORD-005279,2025-01-05,2025-01-07,CUST-00490,PROD-00022,1,0.0,211.55,182.21,29.34
ORD-005280,2025-12-18,2025-12-20,CUST-00258,PROD-00195,2,0.0,1287.64,784.14,503.5
ORD-005281,2024-08-18,2024-08-23,CUST-00509,PROD-00142,6,0.1,1538.14,1464.24,73.9
ORD-005282,2025-08-31,2025-09-03,CUST-00550,PROD-00075,1,0.0,560.24,369.72,190.52
ORD-005283,2024-06-30,2024-07-02,CUST-00433,PROD-00073,2,0.2,632.43,560.84,71.59
ORD-005284,2025-05-19,2025-05-23,CUST-00134,PROD-00143,5,0.0,216.75,154.75,62.0
ORD-005285,2024-07-31,2024-08-03,CUST-00201,PROD-00172,3,0.2,338.74,291.42,47.32
ORD-005286,2025-11-06,2025-11-08,CUST-00453,PROD-00172,6,0.05,804.5,582.84,221.66
ORD-005287,2025-02-16,2025-02-19,CUST-00431,PROD-00126,2,0.15,885.99,610.42,275.57
ORD-005288,2024-05-22,2024-05-25,CUST-00391,PROD-00063,5,0.05,1571.49,1356.25,215.24
ORD-005289,2024-06-29,2024-07-03,CUST-00162,PROD-00053,2,0.2,406.26,422.94,-16.68
ORD-005290,2024-12-28,2025-01-03,CUST-00555,PROD-00201,7,0.15,3242.1,2470.23,771.87
ORD-005291,2025-12-13,2025-12-17,CUST-00331,PROD-00094,3,0.05,100.6,74.13,26.47
ORD-005292,2025-08-13,2025-08-19,CUST-00160,PROD-00113,4,0.2,534.62,537.24,-2.62
ORD-005293,2024-12-26,2024-12-31,CUST-00394,PROD-00140,1,0.0,311.39,259.79,51.6
ORD-005294,2024-10-04,2024-10-05,CUST-00452,PROD-00138,4,0.2,47.84,37.04,10.8
ORD-005295,2025-02-07,2025-02-12,CUST-00214,PROD-00010,7,0.0,3127.81,2438.17,689.64
ORD-005296,2025-07-26,2025-07-31,CUST-00304,PROD-00109,1,0.0,19.64,16.21,3.43
ORD-005297,2025-08-24,2025-08-25,CUST-00390,PROD-00120,2,0.0,340.62,218.62,122.0
ORD-005298,2024-09-24,2024-09-28,CUST-00330,PROD-00215,3,0.1,553.93,520.92,33.01
ORD-005299,2025-06-27,2025-07-01,CUST-00180,PROD-00034,3,0.15,257.63,168.9,88.73
ORD-005300,2025-05-01,2025-05-07,CUST-00126,PROD-00005,2,0.1,579.67,553.8,25.87
ORD-005301,2025-12-12,2025-12-14,CUST-00276,PROD-00182,7,0.05,1823.03,1572.13,250.9
ORD-005302,2025-11-28,2025-12-01,CUST-00044,PROD-00103,3,0.05,760.07,633.66,126.41
ORD-005303,2025-08-28,2025-09-03,CUST-00531,PROD-00215,3,0.0,615.48,520.92,94.56
ORD-005304,2025-06-29,2025-07-01,CUST-00231,PROD-00083,5,0.15,2083.82,1518.35,565.47
ORD-005305,2024-08-16,2024-08-19,CUST-00216,PROD-00018,4,0.1,1704.82,1078.8,626.02
ORD-005306,2025-10-11,2025-10-16,CUST-00252,PROD-00169,6,0.0,2140.5,1139.16,1001.34
ORD-005307,2024-11-26,2024-12-02,CUST-00278,PROD-00029,6,0.0,2278.62,1587.84,690.78
ORD-005308,2024-08-15,2024-08-18,CUST-00068,PROD-00104,1,0.1,193.99,181.76,12.23
ORD-005309,2024-11-06,2024-11-09,CUST-00296,PROD-00144,3,0.05,455.03,270.78,184.25
ORD-005310,2025-10-03,2025-10-08,CUST-00193,PROD-00125,2,0.15,624.41,412.58,211.83
ORD-005311,2024-04-24,2024-04-27,CUST-00003,PROD-00162,1,0.0,143.34,113.11,30.23
ORD-005312,2024-12-10,2024-12-16,CUST-00278,PROD-00176,2,0.15,701.66,603.44,98.22
ORD-005313,2024-12-28,2025-01-02,CUST-00439,PROD-00203,7,0.0,4330.62,2540.3,1790.32
ORD-005314,2024-01-29,2024-02-02,CUST-00121,PROD-00063,1,0.0,330.84,271.25,59.59
ORD-005315,2024-05-30,2024-05-31,CUST-00029,PROD-00043,1,0.0,376.0,252.55,123.45
ORD-005316,2025-09-26,2025-09-27,CUST-00352,PROD-00020,1,0.1,199.68,136.73,62.95
ORD-005317,2025-09-29,2025-10-03,CUST-00458,PROD-00045,5,0.0,539.5,389.75,149.75
ORD-005318,2024-08-30,2024-08-31,CUST-00543,PROD-00124,4,0.1,1213.92,1106.56,107.36
ORD-005319,2025-11-01,2025-11-04,CUST-00146,PROD-00075,2,0.1,1008.43,739.44,268.99
ORD-005320,2025-08-15,2025-08-20,CUST-00449,PROD-00083,3,0.05,1397.38,911.01,486.37
ORD-005321,2024-11-22,2024-11-25,CUST-00081,PROD-00219,2,0.05,405.82,236.72,169.1
ORD-005322,2025-07-26,2025-07-27,CUST-00494,PROD-00156,5,0.1,226.53,137.7,88.83
ORD-005323,2025-12-13,2025-12-17,CUST-00325,PROD-00056,1,0.0,654.77,397.7,257.07
ORD-005324,2024-12-12,2024-12-17,CUST-00103,PROD-00183,1,0.1,300.48,219.17,81.31
ORD-005325,2024-07-15,2024-07-18,CUST-00414,PROD-00037,3,0.1,714.23,671.07,43.16
ORD-005326,2025-12-04,2025-12-10,CUST-00489,PROD-00058,5,0.3,1719.58,1916.95,-197.37
ORD-005327,2025-03-21,2025-03-24,CUST-00240,PROD-00030,2,0.1,321.86,291.68,30.18
ORD-005328,2024-03-21,2024-03-24,CUST-00260,PROD-00127,1,0.1,74.04,67.42,6.62
ORD-005329,2025-02-25,2025-03-01,CUST-00516,PROD-00163,3,0.15,151.93,97.68,54.25
ORD-005330,2024-12-31,2025-01-04,CUST-00295,PROD-00156,2,0.1,90.61,55.08,35.53
ORD-005331,2025-10-18,2025-10-24,CUST-00328,PROD-00072,4,0.0,1831.4,1315.76,515.64
ORD-005332,2025-01-24,2025-01-25,CUST-00091,PROD-00028,3,0.1,48.41,32.88,15.53
ORD-005333,2024-08-02,2024-08-08,CUST-00487,PROD-00220,3,0.05,188.78,165.42,23.36
ORD-005334,2025-05-15,2025-05-17,CUST-00280,PROD-00115,3,0.05,233.96,208.2,25.76
ORD-005335,2025-02-02,2025-02-04,CUST-00022,PROD-00202,4,0.1,1463.72,1327.12,136.6
ORD-005336,2024-07-09,2024-07-15,CUST-00527,PROD-00008,5,0.0,1080.2,643.55,436.65
ORD-005337,2025-02-26,2025-03-02,CUST-00499,PROD-00035,1,0.0,351.76,285.95,65.81
ORD-005338,2025-09-22,2025-09-27,CUST-00353,PROD-00035,3,0.0,1055.28,857.85,197.43
ORD-005339,2024-01-22,2024-01-27,CUST-00066,PROD-00071,7,0.05,4063.42,2437.96,1625.46
ORD-005340,2025-04-10,2025-04-14,CUST-00031,PROD-00192,6,0.1,398.41,244.32,154.09
ORD-005341,2024-10-13,2024-10-14,CUST-00025,PROD-00117,5,0.0,1020.45,801.75,218.7
ORD-005342,2024-08-30,2024-09-01,CUST-00559,PROD-00179,4,0.0,944.24,549.76,394.48
ORD-005343,2024-11-10,2024-11-16,CUST-00479,PROD-00076,2,0.15,419.9,264.94,154.96
ORD-005344,2024-10-07,2024-10-13,CUST-00505,PROD-00110,6,0.1,2244.89,1888.38,356.51
ORD-005345,2025-09-30,2025-10-05,CUST-00501,PROD-00021,7,0.1,1545.52,1099.84,445.68
ORD-005346,2024-08-17,2024-08-20,CUST-00111,PROD-00209,6,0.0,2735.7,2085.72,649.98
ORD-005347,2025-07-10,2025-07-13,CUST-00425,PROD-00072,4,0.0,1831.4,1315.76,515.64
ORD-005348,2024-03-13,2024-03-17,CUST-00254,PROD-00054,6,0.1,1892.43,1553.7,338.73
ORD-005349,2025-12-08,2025-12-13,CUST-00100,PROD-00034,1,0.2,80.82,56.3,24.52
ORD-005350,2025-04-04,2025-04-05,CUST-00438,PROD-00053,4,0.1,914.08,845.88,68.2
ORD-005351,2025-06-11,2025-06-14,CUST-00347,PROD-00186,7,0.0,3533.04,2231.6,1301.44
ORD-005352,2024-09-04,2024-09-08,CUST-00378,PROD-00196,1,0.0,351.49,227.42,124.07
ORD-005353,2024-11-19,2024-11-22,CUST-00141,PROD-00111,5,0.1,494.95,443.15,51.8
ORD-005354,2024-06-29,2024-06-30,CUST-00358,PROD-00017,1,0.15,457.38,297.47,159.91
ORD-005355,2025-11-29,2025-11-30,CUST-00417,PROD-00104,5,0.1,969.93,908.8,61.13
ORD-005356,2024-12-25,2024-12-26,CUST-00047,PROD-00144,5,0.05,758.38,451.3,307.08
ORD-005357,2025-04-10,2025-04-15,CUST-00120,PROD-00142,6,0.0,1709.04,1464.24,244.8
ORD-005358,2025-07-11,2025-07-14,CUST-00187,PROD-00164,5,0.15,966.62,657.75,308.87
ORD-005359,2024-10-30,2024-11-01,CUST-00471,PROD-00078,3,0.05,341.94,297.48,44.46
ORD-005360,2025-06-25,2025-06-26,CUST-00125,PROD-00060,6,0.0,1426.92,865.5,561.42
ORD-005361,2025-05-15,2025-05-19,CUST-00514,PROD-00078,7,0.05,797.87,694.12,103.75
ORD-005362,2025-06-10,2025-06-15,CUST-00008,PROD-00184,4,0.15,911.17,740.28,170.89
ORD-005363,2024-12-26,2024-12-27,CUST-00295,PROD-00102,1,0.1,219.17,184.45,34.72
ORD-005364,2024-11-05,2024-11-06,CUST-00540,PROD-00154,7,0.1,1468.22,1090.25,377.97
ORD-005365,2024-06-27,2024-07-01,CUST-00567,PROD-00079,1,0.05,233.41,177.54,55.87
ORD-005366,2025-09-24,2025-09-28,CUST-00438,PROD-00042,2,0.0,1129.92,683.32,446.6
ORD-005367,2025-03-24,2025-03-30,CUST-00010,PROD-00116,6,0.0,823.62,576.3,247.32
ORD-005368,2024-12-04,2024-12-06,CUST-00320,PROD-00108,2,0.1,386.33,294.2,92.13
ORD-005369,2025-12-05,2025-12-09,CUST-00567,PROD-00083,4,0.2,1568.99,1214.68,354.31
ORD-005370,2024-02-06,2024-02-12,CUST-00159,PROD-00048,3,0.1,727.6,544.65,182.95
ORD-005371,2025-10-14,2025-10-15,CUST-00239,PROD-00219,4,0.15,726.21,473.44,252.77
ORD-005372,2025-12-30,2026-01-01,CUST-00513,PROD-00133,7,0.1,2270.33,2144.17,126.16
ORD-005373,2025-11-07,2025-11-13,CUST-00010,PROD-00189,4,0.15,2139.96,1376.04,763.92
ORD-005374,2025-09-14,2025-09-18,CUST-00451,PROD-00082,5,0.15,1260.68,1146.3,114.38
ORD-005375,2024-11-01,2024-11-05,CUST-00469,PROD-00112,6,0.05,2297.33,1562.46,734.87
ORD-005376,2024-07-07,2024-07-11,CUST-00110,PROD-00030,3,0.0,536.43,437.52,98.91
ORD-005377,2025-07-12,2025-07-16,CUST-00095,PROD-00029,7,0.05,2525.47,1852.48,672.99
ORD-005378,2024-09-09,2024-09-10,CUST-00472,PROD-00079,2,0.0,491.38,355.08,136.3
ORD-005379,2024-05-15,2024-05-21,CUST-00147,PROD-00017,5,0.0,2690.45,1487.35,1203.1
ORD-005380,2025-08-26,2025-08-29,CUST-00213,PROD-00217,6,0.3,2333.56,1990.86,342.7
ORD-005381,2024-09-15,2024-09-21,CUST-00395,PROD-00048,6,0.2,1293.5,1089.3,204.2
ORD-005382,2025-11-20,2025-11-23,CUST-00380,PROD-00196,5,0.2,1405.96,1137.1,268.86
ORD-005383,2025-10-07,2025-10-11,CUST-00145,PROD-00050,4,0.1,923.15,560.76,362.39
ORD-005384,2025-10-12,2025-10-18,CUST-00526,PROD-00013,2,0.05,1117.56,639.68,477.88
ORD-005385,2025-08-15,2025-08-18,CUST-00172,PROD-00063,7,0.0,2315.88,1898.75,417.13
ORD-005386,2025-11-04,2025-11-07,CUST-00529,PROD-00050,1,0.2,205.14,140.19,64.95
ORD-005387,2025-09-10,2025-09-12,CUST-00227,PROD-00079,5,0.0,1228.45,887.7,340.75
ORD-005388,2025-03-20,2025-03-21,CUST-00419,PROD-00084,4,0.0,361.32,299.6,61.72
ORD-005389,2024-09-02,2024-09-05,CUST-00530,PROD-00075,3,0.1,1512.65,1109.16,403.49
ORD-005390,2025-11-08,2025-11-11,CUST-00322,PROD-00023,5,0.05,2214.59,1528.3,686.29
ORD-005391,2025-10-07,2025-10-10,CUST-00324,PROD-00085,4,0.3,222.52,190.44,32.08
ORD-005392,2024-12-18,2024-12-24,CUST-00268,PROD-00112,4,0.2,1289.73,1041.64,248.09
ORD-005393,2024-01-30,2024-02-04,CUST-00052,PROD-00084,7,0.15,537.46,524.3,13.16
ORD-005394,2025-04-16,2025-04-17,CUST-00425,PROD-00021,3,0.15,625.57,471.36,154.21
ORD-005395,2024-02-08,2024-02-14,CUST-00373,PROD-00008,4,0.05,820.95,514.84,306.11
ORD-005396,2025-11-26,2025-11-28,CUST-00093,PROD-00129,6,0.0,3246.36,1792.5,1453.86
ORD-005397,2025-12-13,2025-12-16,CUST-00330,PROD-00158,3,0.0,258.63,178.47,80.16
ORD-005398,2024-05-25,2024-05-26,CUST-00069,PROD-00073,3,0.05,1126.52,841.26,285.26
ORD-005399,2025-05-15,2025-05-16,CUST-00427,PROD-00077,1,0.15,155.26,152.07,3.19
ORD-005400,2024-03-11,2024-03-12,CUST-00274,PROD-00213,1,0.0,280.8,227.69,53.11
ORD-005401,2025-07-06,2025-07-08,CUST-00555,PROD-00014,7,0.0,2985.57,1886.15,1099.42
ORD-005402,2024-10-11,2024-10-12,CUST-00028,PROD-00014,3,0.15,1087.6,808.35,279.25
ORD-005403,2025-05-19,2025-05-23,CUST-00246,PROD-00014,2,0.1,767.72,538.9,228.82
ORD-005404,2024-10-31,2024-11-04,CUST-00211,PROD-00024,7,0.15,1362.43,1370.88,-8.45
ORD-005405,2024-04-21,2024-04-22,CUST-00423,PROD-00121,5,0.0,3349.8,1957.65,1392.15
ORD-005406,2024-11-16,2024-11-20,CUST-00535,PROD-00146,6,0.0,1103.04,921.6,181.44
ORD-005407,2024-03-27,2024-03-30,CUST-00271,PROD-00005,5,0.05,1529.69,1384.5,145.19
ORD-005408,2025-02-28,2025-03-03,CUST-00324,PROD-00079,4,0.15,835.35,710.16,125.19
ORD-005409,2024-02-01,2024-02-03,CUST-00160,PROD-00036,5,0.0,2700.1,1838.8,861.3
ORD-005410,2025-01-21,2025-01-27,CUST-00378,PROD-00137,4,0.15,347.41,248.12,99.29
ORD-005411,2025-11-07,2025-11-10,CUST-00241,PROD-00041,4,0.0,700.04,403.4,296.64
ORD-005412,2025-10-05,2025-10-10,CUST-00095,PROD-00028,3,0.15,45.72,32.88,12.84
ORD-005413,2025-11-05,2025-11-08,CUST-00513,PROD-00031,6,0.05,941.64,718.02,223.62
ORD-005414,2025-11-24,2025-11-27,CUST-00471,PROD-00028,4,0.1,64.55,43.84,20.71
ORD-005415,2024-03-21,2024-03-25,CUST-00129,PROD-00124,3,0.05,961.02,829.92,131.1
ORD-005416,2024-04-08,2024-04-11,CUST-00095,PROD-00066,1,0.2,177.42,157.32,20.1
ORD-005417,2025-02-13,2025-02-15,CUST-00423,PROD-00019,7,0.1,1502.11,926.38,575.73
ORD-005418,2025-11-11,2025-11-13,CUST-00273,PROD-00198,7,0.15,3615.46,2410.87,1204.59
ORD-005419,2025-12-19,2025-12-21,CUST-00245,PROD-00023,5,0.1,2098.04,1528.3,569.74
ORD-005420,2024-02-05,2024-02-11,CUST-00140,PROD-00111,2,0.3,153.99,177.26,-23.27
ORD-005421,2024-10-18,2024-10-19,CUST-00114,PROD-00152,5,0.0,1990.35,1189.5,800.85
ORD-005422,2024-06-17,2024-06-21,CUST-00146,PROD-00163,7,0.05,396.21,227.92,168.29
ORD-005423,2025-08-03,2025-08-05,CUST-00169,PROD-00026,5,0.0,2122.7,1231.5,891.2
ORD-005424,2025-04-18,2025-04-24,CUST-00522,PROD-00105,2,0.05,660.69,577.6,83.09
ORD-005425,2024-04-02,2024-04-08,CUST-00506,PROD-00046,5,0.15,606.73,494.6,112.13
ORD-005426,2024-12-23,2024-12-28,CUST-00232,PROD-00087,7,0.1,1305.17,896.35,408.82
ORD-005427,2025-05-22,2025-05-26,CUST-00092,PROD-00123,4,0.0,1775.76,1501.84,273.92
ORD-005428,2025-08-20,2025-08-24,CUST-00219,PROD-00192,3,0.1,199.21,122.16,77.05
ORD-005429,2024-01-16,2024-01-22,CUST-00473,PROD-00198,6,0.0,3645.84,2066.46,1579.38
ORD-005430,2025-11-09,2025-11-10,CUST-00038,PROD-00182,4,0.05,1041.73,898.36,143.37
ORD-005431,2025-02-22,2025-02-23,CUST-00126,PROD-00207,3,0.15,895.02,825.63,69.39
ORD-005432,2025-09-15,2025-09-20,CUST-00122,PROD-00215,2,0.0,410.32,347.28,63.04
ORD-005433,2025-09-12,2025-09-17,CUST-00379,PROD-00081,4,0.0,1643.4,1003.52,639.88
ORD-005434,2024-05-25,2024-05-31,CUST-00451,PROD-00090,4,0.15,1017.11,638.92,378.19
ORD-005435,2024-03-25,2024-03-29,CUST-00474,PROD-00091,1,0.05,284.9,172.08,112.82
ORD-005436,2025-06-27,2025-06-28,CUST-00593,PROD-00097,6,0.0,1671.9,1167.6,504.3
ORD-005437,2024-04-30,2024-05-02,CUST-00243,PROD-00183,6,0.2,1602.58,1315.02,287.56
ORD-005438,2025-10-14,2025-10-19,CUST-00092,PROD-00073,4,0.05,1502.03,1121.68,380.35
ORD-005439,2025-07-02,2025-07-08,CUST-00272,PROD-00095,5,0.05,1576.52,930.6,645.92
ORD-005440,2025-10-08,2025-10-12,CUST-00231,PROD-00002,4,0.0,1769.96,1500.6,269.36
ORD-005441,2024-09-04,2024-09-06,CUST-00497,PROD-00024,5,0.05,1087.65,979.2,108.45
ORD-005442,2024-09-18,2024-09-23,CUST-00530,PROD-00131,5,0.0,2633.2,1495.0,1138.2
ORD-005443,2025-05-11,2025-05-12,CUST-00571,PROD-00092,4,0.1,478.62,329.44,149.18
ORD-005444,2024-01-25,2024-01-26,CUST-00005,PROD-00136,2,0.1,407.72,304.76,102.96
ORD-005445,2025-07-02,2025-07-06,CUST-00091,PROD-00180,4,0.0,1355.48,1066.28,289.2
ORD-005446,2025-10-03,2025-10-05,CUST-00480,PROD-00213,7,0.05,1867.32,1593.83,273.49
ORD-005447,2024-11-20,2024-11-25,CUST-00443,PROD-00133,4,0.1,1297.33,1225.24,72.09
ORD-005448,2025-08-10,2025-08-14,CUST-00562,PROD-00166,4,0.05,1942.83,1415.2,527.63
ORD-005449,2024-05-14,2024-05-18,CUST-00384,PROD-00063,4,0.0,1323.36,1085.0,238.36
ORD-005450,2024-09-22,2024-09-26,CUST-00191,PROD-00103,1,0.0,266.69,211.22,55.47
ORD-005451,2025-12-19,2025-12-22,CUST-00365,PROD-00022,4,0.0,846.2,728.84,117.36
ORD-005452,2025-12-25,2025-12-31,CUST-00248,PROD-00157,5,0.15,2154.07,1469.85,684.22
ORD-005453,2025-01-10,2025-01-16,CUST-00538,PROD-00023,5,0.15,1981.48,1528.3,453.18
ORD-005454,2025-11-30,2025-12-02,CUST-00483,PROD-00057,6,0.15,1306.57,1097.82,208.75
ORD-005455,2025-01-17,2025-01-19,CUST-00547,PROD-00046,1,0.05,135.62,98.92,36.7
ORD-005456,2024-08-30,2024-09-05,CUST-00176,PROD-00044,3,0.0,1600.41,890.55,709.86
ORD-005457,2024-08-11,2024-08-12,CUST-00379,PROD-00063,1,0.0,330.84,271.25,59.59
ORD-005458,2025-11-28,2025-12-03,CUST-00551,PROD-00107,7,0.2,1406.33,1015.56,390.77
ORD-005459,2024-05-12,2024-05-15,CUST-00231,PROD-00220,6,0.15,337.82,330.84,6.98
ORD-005460,2025-03-02,2025-03-04,CUST-00489,PROD-00062,5,0.05,3480.14,1985.25,1494.89
ORD-005461,2025-02-12,2025-02-13,CUST-00294,PROD-00092,3,0.05,378.91,247.08,131.83
ORD-005462,2025-07-17,2025-07-18,CUST-00358,PROD-00130,7,0.1,1823.47,1157.73,665.74
ORD-005463,2024-12-31,2025-01-02,CUST-00562,PROD-00064,4,0.0,1508.88,986.12,522.76
ORD-005464,2024-08-15,2024-08-17,CUST-00189,PROD-00183,3,0.05,951.53,657.51,294.02
ORD-005465,2024-05-10,2024-05-16,CUST-00322,PROD-00172,4,0.1,508.1,388.56,119.54
ORD-005466,2025-04-03,2025-04-04,CUST-00253,PROD-00093,2,0.1,347.38,205.1,142.28
ORD-005467,2025-06-24,2025-06-26,CUST-00404,PROD-00047,6,0.0,2969.58,2371.26,598.32
ORD-005468,2025-02-22,2025-02-25,CUST-00340,PROD-00001,1,0.3,28.32,21.4,6.92
ORD-005469,2025-07-15,2025-07-16,CUST-00252,PROD-00108,7,0.2,1201.93,1029.7,172.23
ORD-005470,2024-04-18,2024-04-21,CUST-00582,PROD-00056,7,0.0,4583.39,2783.9,1799.49
ORD-005471,2025-11-05,2025-11-06,CUST-00302,PROD-00134,4,0.1,1968.98,1534.24,434.74
ORD-005472,2025-03-04,2025-03-06,CUST-00349,PROD-00023,1,0.1,419.61,305.66,113.95
ORD-005473,2024-04-07,2024-04-08,CUST-00510,PROD-00161,2,0.0,394.12,229.2,164.92
ORD-005474,2024-12-13,2024-12-15,CUST-00062,PROD-00145,6,0.2,440.98,394.8,46.18
ORD-005475,2025-10-10,2025-10-12,CUST-00149,PROD-00191,6,0.3,1917.05,1977.54,-60.49
ORD-005476,2025-11-12,2025-11-15,CUST-00103,PROD-00028,4,0.05,68.13,43.84,24.29
ORD-005477,2024-08-09,2024-08-13,CUST-00090,PROD-00070,7,0.15,562.51,375.34,187.17
ORD-005478,2025-06-16,2025-06-21,CUST-00474,PROD-00145,2,0.0,183.74,131.6,52.14
ORD-005479,2024-03-17,2024-03-18,CUST-00182,PROD-00071,4,0.2,1955.33,1393.12,562.21
ORD-005480,2024-01-26,2024-02-01,CUST-00292,PROD-00057,1,0.1,230.57,182.97,47.6
ORD-005481,2025-02-15,2025-02-20,CUST-00371,PROD-00083,5,0.15,2083.82,1518.35,565.47
ORD-005482,2025-05-30,2025-06-01,CUST-00376,PROD-00161,6,0.3,827.65,687.6,140.05
ORD-005483,2025-09-02,2025-09-08,CUST-00279,PROD-00177,4,0.05,1840.57,1296.44,544.13
ORD-005484,2024-10-06,2024-10-10,CUST-00286,PROD-00217,4,0.1,2000.2,1327.24,672.96
ORD-005485,2024-01-06,2024-01-07,CUST-00142,PROD-00058,3,0.0,1473.93,1150.17,323.76
ORD-005486,2024-12-21,2024-12-25,CUST-00028,PROD-00016,2,0.15,1158.12,794.78,363.34
ORD-005487,2024-01-13,2024-01-17,CUST-00204,PROD-00190,2,0.0,569.8,484.92,84.88
ORD-005488,2024-03-11,2024-03-15,CUST-00344,PROD-00003,1,0.0,95.56,78.56,17.0
ORD-005489,2024-09-26,2024-09-27,CUST-00047,PROD-00166,7,0.0,3578.89,2476.6,1102.29
ORD-005490,2024-12-01,2024-12-07,CUST-00429,PROD-00141,2,0.0,730.08,455.56,274.52
ORD-005491,2024-08-20,2024-08-24,CUST-00476,PROD-00176,1,0.1,371.47,301.72,69.75
ORD-005492,2025-03-04,2025-03-10,CUST-00573,PROD-00125,2,0.0,734.6,412.58,322.02
ORD-005493,2024-02-12,2024-02-13,CUST-00082,PROD-00142,6,0.0,1709.04,1464.24,244.8
ORD-005494,2024-04-20,2024-04-21,CUST-00044,PROD-00056,6,0.0,3928.62,2386.2,1542.42
ORD-005495,2025-05-30,2025-06-04,CUST-00091,PROD-00059,1,0.0,109.04,74.83,34.21
ORD-005496,2024-04-19,2024-04-20,CUST-00110,PROD-00219,7,0.05,1420.37,828.52,591.85
ORD-005497,2025-04-17,2025-04-23,CUST-00257,PROD-00193,3,0.0,756.39,399.93,356.46
ORD-005498,2024-02-11,2024-02-13,CUST-00494,PROD-00080,1,0.15,177.69,116.88,60.81
ORD-005499,2024-11-17,2024-11-20,CUST-00281,PROD-00138,5,0.1,67.28,46.3,20.98
ORD-005500,2024-05-16,2024-05-20,CUST-00405,PROD-00186,4,0.05,1917.94,1275.2,642.74
ORD-005501,2024-03-25,2024-03-26,CUST-00488,PROD-00044,1,0.05,506.8,296.85,209.95
ORD-005502,2025-02-20,2025-02-26,CUST-00057,PROD-00104,5,0.2,862.16,908.8,-46.64
ORD-005503,2025-11-27,2025-12-03,CUST-00371,PROD-00026,1,0.1,382.09,246.3,135.79
ORD-005504,2024-02-12,2024-02-16,CUST-00392,PROD-00005,6,0.15,1642.4,1661.4,-19.0
ORD-005505,2024-11-24,2024-11-30,CUST-00097,PROD-00026,7,0.05,2823.19,1724.1,1099.09
ORD-005506,2025-06-12,2025-06-17,CUST-00113,PROD-00056,1,0.15,556.55,397.7,158.85
ORD-005507,2024-12-13,2024-12-18,CUST-00084,PROD-00207,6,0.0,2105.94,1651.26,454.68
ORD-005508,2025-09-11,2025-09-16,CUST-00302,PROD-00185,5,0.0,2514.9,1930.35,584.55
ORD-005509,2024-05-17,2024-05-22,CUST-00092,PROD-00142,4,0.0,1139.36,976.16,163.2
ORD-005510,2025-12-12,2025-12-14,CUST-00401,PROD-00157,1,0.05,481.5,293.97,187.53
ORD-005511,2024-11-06,2024-11-08,CUST-00125,PROD-00201,2,0.0,1089.78,705.78,384.0
ORD-005512,2024-10-07,2024-10-08,CUST-00180,PROD-00153,6,0.05,2887.22,2260.5,626.72
ORD-005513,2025-11-01,2025-11-03,CUST-00010,PROD-00187,1,0.15,254.76,163.22,91.54
ORD-005514,2025-02-18,2025-02-21,CUST-00460,PROD-00061,2,0.05,372.1,315.9,56.2
ORD-005515,2025-01-13,2025-01-14,CUST-00252,PROD-00151,6,0.05,927.56,834.78,92.78
ORD-005516,2025-07-03,2025-07-08,CUST-00591,PROD-00085,6,0.0,476.82,285.66,191.16
ORD-005517,2025-03-02,2025-03-06,CUST-00214,PROD-00020,6,0.1,1198.1,820.38,377.72
ORD-005518,2024-05-04,2024-05-08,CUST-00211,PROD-00171,2,0.1,128.2,85.66,42.54
ORD-005519,2025-05-14,2025-05-15,CUST-00390,PROD-00165,6,0.1,147.26,99.3,47.96
ORD-005520,2024-04-12,2024-04-14,CUST-00491,PROD-00128,4,0.0,1556.36,1225.44,330.92
ORD-005521,2025-09-10,2025-09-11,CUST-00052,PROD-00145,4,0.3,257.24,263.2,-5.96
ORD-005522,2025-12-27,2025-12-28,CUST-00182,PROD-00138,5,0.15,63.54,46.3,17.24
ORD-005523,2024-11-02,2024-11-07,CUST-00079,PROD-00059,3,0.0,327.12,224.49,102.63
ORD-005524,2024-12-05,2024-12-08,CUST-00467,PROD-00118,7,0.0,505.47,389.41,116.06
ORD-005525,2024-02-05,2024-02-10,CUST-00488,PROD-00208,7,0.2,2558.86,2352.84,206.02
ORD-005526,2024-01-11,2024-01-16,CUST-00039,PROD-00176,6,0.0,2476.44,1810.32,666.12
ORD-005527,2025-11-24,2025-11-27,CUST-00275,PROD-00188,2,0.0,575.46,366.92,208.54
ORD-005528,2024-04-08,2024-04-11,CUST-00212,PROD-00149,7,0.0,2101.61,1180.76,920.85
ORD-005529,2024-12-05,2024-12-07,CUST-00203,PROD-00151,4,0.15,553.28,556.52,-3.24
ORD-005530,2025-09-17,2025-09-20,CUST-00238,PROD-00168,4,0.0,439.24,259.32,179.92
ORD-005531,2025-11-08,2025-11-12,CUST-00350,PROD-00186,6,0.15,2574.07,1912.8,661.27
ORD-005532,2025-01-15,2025-01-19,CUST-00258,PROD-00073,3,0.0,1185.81,841.26,344.55
ORD-005533,2025-02-19,2025-02-20,CUST-00319,PROD-00095,4,0.15,1128.46,744.48,383.98
ORD-005534,2025-05-10,2025-05-16,CUST-00037,PROD-00007,6,0.1,1190.59,853.92,336.67
ORD-005535,2025-12-13,2025-12-19,CUST-00134,PROD-00189,5,0.2,2517.6,1720.05,797.55
ORD-005536,2025-03-20,2025-03-26,CUST-00258,PROD-00039,1,0.15,108.38,97.41,10.97
ORD-005537,2025-02-15,2025-02-16,CUST-00407,PROD-00103,6,0.2,1280.11,1267.32,12.79
ORD-005538,2024-01-12,2024-01-14,CUST-00281,PROD-00053,3,0.05,723.64,634.41,89.23
ORD-005539,2024-03-03,2024-03-09,CUST-00549,PROD-00205,1,0.1,519.91,324.03,195.88
ORD-005540,2025-02-28,2025-03-03,CUST-00464,PROD-00127,7,0.0,575.89,471.94,103.95
ORD-005541,2025-12-01,2025-12-04,CUST-00218,PROD-00173,6,0.05,1526.35,1326.42,199.93
ORD-005542,2025-10-27,2025-10-29,CUST-00411,PROD-00190,2,0.1,512.82,484.92,27.9
ORD-005543,2025-12-23,2025-12-29,CUST-00517,PROD-00191,1,0.0,456.44,329.59,126.85
ORD-005544,2025-01-21,2025-01-26,CUST-00519,PROD-00037,4,0.05,1005.21,894.76,110.45
ORD-005545,2025-08-27,2025-08-30,CUST-00517,PROD-00017,5,0.1,2421.41,1487.35,934.06
ORD-005546,2025-10-07,2025-10-11,CUST-00113,PROD-00204,4,0.0,1701.32,1053.0,648.32
ORD-005547,2025-04-24,2025-04-26,CUST-00442,PROD-00178,4,0.1,1026.25,811.68,214.57
ORD-005548,2024-10-05,2024-10-09,CUST-00357,PROD-00012,7,0.2,3080.5,2440.27,640.23
ORD-005549,2024-12-17,2024-12-20,CUST-00478,PROD-00121,6,0.15,3416.8,2349.18,1067.62
ORD-005550,2025-10-20,2025-10-22,CUST-00278,PROD-00001,3,0.2,97.08,64.2,32.88
ORD-005551,2024-09-04,2024-09-06,CUST-00588,PROD-00145,5,0.0,459.35,329.0,130.35
ORD-005552,2025-11-25,2025-11-30,CUST-00212,PROD-00140,4,0.1,1121.0,1039.16,81.84
ORD-005553,2024-07-05,2024-07-11,CUST-00336,PROD-00005,2,0.05,611.88,553.8,58.08
ORD-005554,2025-07-28,2025-08-03,CUST-00152,PROD-00181,7,0.15,2077.8,1294.23,783.57
ORD-005555,2025-04-10,2025-04-14,CUST-00078,PROD-00156,2,0.0,100.68,55.08,45.6
ORD-005556,2025-07-28,2025-08-01,CUST-00313,PROD-00096,3,0.15,265.35,173.58,91.77
ORD-005557,2024-12-01,2024-12-04,CUST-00004,PROD-00109,6,0.05,111.95,97.26,14.69
ORD-005558,2025-11-29,2025-12-02,CUST-00192,PROD-00077,4,0.3,511.45,608.28,-96.83
ORD-005559,2025-04-12,2025-04-16,CUST-00573,PROD-00100,6,0.05,1094.46,646.98,447.48
ORD-005560,2024-08-27,2024-08-31,CUST-00262,PROD-00066,4,0.05,842.76,629.28,213.48
ORD-005561,2025-04-16,2025-04-20,CUST-00296,PROD-00169,7,0.0,2497.25,1329.02,1168.23
ORD-005562,2024-08-26,2024-08-27,CUST-00139,PROD-00130,6,0.15,1476.14,992.34,483.8
ORD-005563,2024-08-31,2024-09-02,CUST-00073,PROD-00072,5,0.05,2174.79,1644.7,530.09
ORD-005564,2024-11-13,2024-11-16,CUST-00341,PROD-00049,2,0.15,840.21,793.14,47.07
ORD-005565,2025-10-16,2025-10-21,CUST-00258,PROD-00028,3,0.1,48.41,32.88,15.53
ORD-005566,2024-12-31,2025-01-05,CUST-00170,PROD-00032,7,0.0,2008.58,1650.11,358.47
ORD-005567,2025-05-17,2025-05-18,CUST-00021,PROD-00150,2,0.0,991.02,761.04,229.98
ORD-005568,2024-11-09,2024-11-10,CUST-00088,PROD-00067,7,0.05,1230.12,894.39,335.73
ORD-005569,2024-08-08,2024-08-14,CUST-00141,PROD-00118,4,0.05,274.4,222.52,51.88
ORD-005570,2025-12-10,2025-12-12,CUST-00418,PROD-00041,2,0.0,350.02,201.7,148.32
ORD-005571,2025-03-21,2025-03-27,CUST-00308,PROD-00145,3,0.05,261.83,197.4,64.43
ORD-005572,2025-11-30,2025-12-04,CUST-00184,PROD-00119,1,0.0,656.53,397.03,259.5
ORD-005573,2024-06-06,2024-06-12,CUST-00443,PROD-00092,3,0.15,339.02,247.08,91.94
ORD-005574,2024-04-22,2024-04-23,CUST-00094,PROD-00175,4,0.15,1375.3,1081.04,294.26
ORD-005575,2025-10-18,2025-10-23,CUST-00402,PROD-00013,7,0.3,2882.13,2238.88,643.25
ORD-005576,2025-05-19,2025-05-25,CUST-00093,PROD-00045,6,0.1,582.66,467.7,114.96
ORD-005577,2024-05-23,2024-05-26,CUST-00437,PROD-00010,7,0.15,2658.64,2438.17,220.47
ORD-005578,2024-08-13,2024-08-17,CUST-00524,PROD-00117,7,0.15,1214.34,1122.45,91.89
ORD-005579,2025-09-06,2025-09-07,CUST-00439,PROD-00195,1,0.05,611.63,392.07,219.56
ORD-005580,2024-12-09,2024-12-12,CUST-00426,PROD-00093,7,0.05,1283.38,717.85,565.53
ORD-005581,2025-05-11,2025-05-14,CUST-00030,PROD-00035,7,0.3,1723.62,2001.65,-278.03
ORD-005582,2024-09-19,2024-09-21,CUST-00028,PROD-00146,5,0.05,873.24,768.0,105.24
ORD-005583,2024-11-04,2024-11-08,CUST-00110,PROD-00097,4,0.1,1003.14,778.4,224.74
ORD-005584,2025-12-27,2025-12-31,CUST-00532,PROD-00020,1,0.2,177.5,136.73,40.77
ORD-005585,2024-07-25,2024-07-26,CUST-00018,PROD-00152,3,0.0,1194.21,713.7,480.51
ORD-005586,2025-01-05,2025-01-08,CUST-00581,PROD-00146,5,0.0,919.2,768.0,151.2
ORD-005587,2025-10-10,2025-10-11,CUST-00247,PROD-00134,3,0.1,1476.74,1150.68,326.06
ORD-005588,2024-07-16,2024-07-18,CUST-00531,PROD-00103,6,0.1,1440.13,1267.32,172.81
ORD-005589,2024-11-21,2024-11-23,CUST-00037,PROD-00089,4,0.1,816.37,587.44,228.93
ORD-005590,2025-03-29,2025-03-30,CUST-00348,PROD-00165,1,0.3,19.09,16.55,2.54
ORD-005591,2024-12-22,2024-12-28,CUST-00593,PROD-00184,2,0.0,535.98,370.14,165.84
ORD-005592,2024-12-12,2024-12-17,CUST-00393,PROD-00020,7,0.0,1553.09,957.11,595.98
ORD-005593,2024-10-23,2024-10-24,CUST-00068,PROD-00077,6,0.05,1041.16,912.42,128.74
ORD-005594,2025-03-08,2025-03-13,CUST-00207,PROD-00213,7,0.05,1867.32,1593.83,273.49
ORD-005595,2025-04-05,2025-04-11,CUST-00197,PROD-00025,5,0.05,487.3,332.0,155.3
ORD-005596,2025-04-28,2025-05-02,CUST-00290,PROD-00169,6,0.0,2140.5,1139.16,1001.34
ORD-005597,2024-02-24,2024-02-27,CUST-00215,PROD-00122,6,0.0,242.76,174.66,68.1
ORD-005598,2025-04-11,2025-04-12,CUST-00462,PROD-00199,6,0.0,3469.26,1834.56,1634.7
ORD-005599,2025-12-09,2025-12-11,CUST-00002,PROD-00169,3,0.15,909.71,569.58,340.13
ORD-005600,2025-01-31,2025-02-06,CUST-00491,PROD-00218,6,0.15,3331.78,2312.52,1019.26
ORD-005601,2025-06-20,2025-06-25,CUST-00398,PROD-00153,1,0.05,481.2,376.75,104.45
ORD-005602,2025-02-13,2025-02-14,CUST-00436,PROD-00136,2,0.05,430.37,304.76,125.61
ORD-005603,2025-10-18,2025-10-23,CUST-00485,PROD-00034,5,0.0,505.15,281.5,223.65
ORD-005604,2025-11-28,2025-11-29,CUST-00556,PROD-00143,5,0.0,216.75,154.75,62.0
ORD-005605,2024-05-21,2024-05-26,CUST-00279,PROD-00215,1,0.1,184.64,173.64,11.0
ORD-005606,2024-12-01,2024-12-04,CUST-00288,PROD-00220,2,0.0,132.48,110.28,22.2
ORD-005607,2024-11-10,2024-11-11,CUST-00525,PROD-00116,4,0.05,521.63,384.2,137.43
ORD-005608,2024-11-16,2024-11-18,CUST-00510,PROD-00176,3,0.3,866.75,905.16,-38.41
ORD-005609,2024-04-06,2024-04-07,CUST-00329,PROD-00105,4,0.0,1390.92,1155.2,235.72
ORD-005610,2025-09-16,2025-09-21,CUST-00106,PROD-00212,5,0.1,2656.26,1801.75,854.51
ORD-005611,2024-01-28,2024-02-02,CUST-00249,PROD-00061,1,0.0,195.84,157.95,37.89
ORD-005612,2025-01-22,2025-01-28,CUST-00416,PROD-00145,4,0.2,293.98,263.2,30.78
ORD-005613,2025-05-04,2025-05-07,CUST-00170,PROD-00036,2,0.0,1080.04,735.52,344.52
ORD-005614,2024-06-11,2024-06-15,CUST-00251,PROD-00013,7,0.05,3911.46,2238.88,1672.58
ORD-005615,2025-11-16,2025-11-17,CUST-00161,PROD-00181,2,0.0,698.42,369.78,328.64
ORD-005616,2025-10-05,2025-10-07,CUST-00193,PROD-00108,5,0.05,1019.49,735.5,283.99
ORD-005617,2024-12-17,2024-12-18,CUST-00293,PROD-00130,1,0.15,246.02,165.39,80.63
ORD-005618,2024-11-19,2024-11-22,CUST-00379,PROD-00166,5,0.0,2556.35,1769.0,787.35
ORD-005619,2024-07-13,2024-07-17,CUST-00178,PROD-00162,4,0.0,573.36,452.44,120.92
ORD-005620,2025-07-06,2025-07-07,CUST-00222,PROD-00180,7,0.0,2372.09,1865.99,506.1
ORD-005621,2024-04-11,2024-04-14,CUST-00268,PROD-00142,6,0.0,1709.04,1464.24,244.8
ORD-005622,2025-05-18,2025-05-20,CUST-00580,PROD-00193,3,0.2,605.11,399.93,205.18
ORD-005623,2025-10-08,2025-10-14,CUST-00560,PROD-00191,1,0.15,387.97,329.59,58.38
ORD-005624,2024-07-04,2024-07-10,CUST-00216,PROD-00181,4,0.1,1257.16,739.56,517.6
ORD-005625,2025-10-27,2025-10-30,CUST-00547,PROD-00159,4,0.1,1656.9,1531.96,124.94
ORD-005626,2024-01-26,2024-01-30,CUST-00153,PROD-00046,2,0.2,228.42,197.84,30.58
ORD-005627,2025-11-20,2025-11-24,CUST-00230,PROD-00191,4,0.2,1460.61,1318.36,142.25
ORD-005628,2024-03-31,2024-04-01,CUST-00531,PROD-00130,4,0.1,1041.98,661.56,380.42
ORD-005629,2025-04-22,2025-04-28,CUST-00206,PROD-00043,1,0.05,357.2,252.55,104.65
ORD-005630,2024-07-28,2024-08-02,CUST-00081,PROD-00160,4,0.1,108.54,88.88,19.66
ORD-005631,2025-10-04,2025-10-05,CUST-00487,PROD-00004,6,0.05,174.7,145.8,28.9
ORD-005632,2025-01-09,2025-01-14,CUST-00106,PROD-00129,1,0.2,432.85,298.75,134.1
ORD-005633,2024-04-13,2024-04-15,CUST-00382,PROD-00070,7,0.3,463.25,375.34,87.91
ORD-005634,2025-02-23,2025-02-26,CUST-00508,PROD-00196,7,0.0,2460.43,1591.94,868.49
ORD-005635,2024-11-17,2024-11-22,CUST-00003,PROD-00092,7,0.0,930.65,576.52,354.13
ORD-005636,2025-05-04,2025-05-07,CUST-00061,PROD-00214,1,0.05,186.64,157.59,29.05
ORD-005637,2025-11-05,2025-11-09,CUST-00372,PROD-00033,6,0.0,1006.38,689.22,317.16
ORD-005638,2024-11-18,2024-11-22,CUST-00372,PROD-00123,7,0.05,2952.2,2628.22,323.98
ORD-005639,2024-08-28,2024-09-03,CUST-00346,PROD-00157,3,0.1,1368.47,881.91,486.56
ORD-005640,2024-01-12,2024-01-13,CUST-00337,PROD-00158,7,0.15,512.95,416.43,96.52
ORD-005641,2025-02-26,2025-03-03,CUST-00004,PROD-00174,2,0.05,419.96,352.04,67.92
ORD-005642,2024-11-14,2024-11-19,CUST-00584,PROD-00095,7,0.2,1858.64,1302.84,555.8
ORD-005643,2024-11-01,2024-11-04,CUST-00323,PROD-00109,7,0.0,137.48,113.47,24.01
ORD-005644,2024-05-20,2024-05-21,CUST-00510,PROD-00036,1,0.0,540.02,367.76,172.26
ORD-005645,2024-11-28,2024-12-03,CUST-00274,PROD-00060,6,0.15,1212.88,865.5,347.38
ORD-005646,2025-12-24,2025-12-29,CUST-00068,PROD-00059,3,0.1,294.41,224.49,69.92
ORD-005647,2024-09-03,2024-09-06,CUST-00131,PROD-00168,3,0.3,230.6,194.49,36.11
ORD-005648,2025-03-18,2025-03-21,CUST-00288,PROD-00169,2,0.1,642.15,379.72,262.43
ORD-005649,2025-08-19,2025-08-25,CUST-00244,PROD-00200,6,0.0,1600.14,1128.18,471.96
ORD-005650,2025-07-27,2025-07-29,CUST-00328,PROD-00203,2,0.15,1051.72,725.8,325.92
ORD-005651,2024-09-27,2024-09-28,CUST-00079,PROD-00165,6,0.0,163.62,99.3,64.32
ORD-005652,2025-03-26,2025-03-28,CUST-00188,PROD-00052,1,0.0,213.75,151.85,61.9
ORD-005653,2025-10-30,2025-11-01,CUST-00155,PROD-00059,3,0.0,327.12,224.49,102.63
ORD-005654,2024-01-12,2024-01-14,CUST-00329,PROD-00184,6,0.0,1607.94,1110.42,497.52
ORD-005655,2024-11-30,2024-12-04,CUST-00349,PROD-00176,3,0.1,1114.4,905.16,209.24
ORD-005656,2024-06-29,2024-07-04,CUST-00547,PROD-00075,3,0.3,1176.5,1109.16,67.34
ORD-005657,2024-11-08,2024-11-11,CUST-00116,PROD-00008,3,0.05,615.71,386.13,229.58
ORD-005658,2024-11-21,2024-11-27,CUST-00522,PROD-00028,4,0.05,68.13,43.84,24.29
ORD-005659,2025-07-25,2025-07-31,CUST-00102,PROD-00063,5,0.0,1654.2,1356.25,297.95
ORD-005660,2024-03-13,2024-03-14,CUST-00511,PROD-00147,4,0.1,2659.43,1597.4,1062.03
ORD-005661,2025-01-10,2025-01-14,CUST-00334,PROD-00139,6,0.0,1393.44,959.82,433.62
ORD-005662,2025-02-18,2025-02-22,CUST-00570,PROD-00160,3,0.0,90.45,66.66,23.79
ORD-005663,2024-12-28,2024-12-30,CUST-00269,PROD-00036,6,0.15,2754.1,2206.56,547.54
ORD-005664,2025-07-08,2025-07-09,CUST-00147,PROD-00118,6,0.1,389.93,333.78,56.15
ORD-005665,2024-11-05,2024-11-08,CUST-00206,PROD-00048,2,0.1,485.06,363.1,121.96
ORD-005666,2025-12-05,2025-12-10,CUST-00259,PROD-00203,5,0.0,3093.3,1814.5,1278.8
ORD-005667,2024-12-22,2024-12-23,CUST-00535,PROD-00030,6,0.1,965.57,875.04,90.53
ORD-005668,2025-02-24,2025-02-26,CUST-00470,PROD-00064,3,0.2,905.33,739.59,165.74
ORD-005669,2025-09-25,2025-09-26,CUST-00059,PROD-00168,6,0.15,560.03,388.98,171.05
ORD-005670,2024-08-17,2024-08-18,CUST-00372,PROD-00207,7,0.1,2211.24,1926.47,284.77
ORD-005671,2024-02-27,2024-03-01,CUST-00011,PROD-00060,6,0.0,1426.92,865.5,561.42
ORD-005672,2025-06-12,2025-06-13,CUST-00144,PROD-00009,1,0.0,138.96,81.83,57.13
ORD-005673,2024-12-23,2024-12-28,CUST-00291,PROD-00127,3,0.2,197.45,202.26,-4.81
ORD-005674,2025-11-12,2025-11-16,CUST-00048,PROD-00107,5,0.1,1130.08,725.4,404.68
ORD-005675,2025-12-23,2025-12-29,CUST-00158,PROD-00014,7,0.0,2985.57,1886.15,1099.42
ORD-005676,2024-11-13,2024-11-14,CUST-00143,PROD-00115,1,0.15,69.78,69.4,0.38
ORD-005677,2024-11-21,2024-11-27,CUST-00067,PROD-00144,5,0.1,718.47,451.3,267.17
ORD-005678,2024-11-17,2024-11-18,CUST-00444,PROD-00214,4,0.0,785.84,630.36,155.48
ORD-005679,2024-09-24,2024-09-25,CUST-00370,PROD-00110,4,0.0,1662.88,1258.92,403.96
ORD-005680,2025-08-23,2025-08-24,CUST-00210,PROD-00036,2,0.05,1026.04,735.52,290.52
ORD-005681,2025-08-05,2025-08-08,CUST-00433,PROD-00104,3,0.0,646.62,545.28,101.34
ORD-005682,2024-12-21,2024-12-25,CUST-00504,PROD-00120,1,0.0,170.31,109.31,61.0
ORD-005683,2024-02-04,2024-02-08,CUST-00501,PROD-00108,7,0.1,1352.17,1029.7,322.47
ORD-005684,2024-09-12,2024-09-14,CUST-00499,PROD-00006,5,0.0,2596.1,1741.1,855.0
ORD-005685,2024-08-30,2024-09-02,CUST-00495,PROD-00194,1,0.0,438.73,269.82,168.91
ORD-005686,2025-09-14,2025-09-15,CUST-00574,PROD-00028,4,0.0,71.72,43.84,27.88
ORD-005687,2024-03-08,2024-03-10,CUST-00271,PROD-00162,4,0.15,487.36,452.44,34.92
ORD-005688,2025-09-10,2025-09-16,CUST-00587,PROD-00094,3,0.1,95.31,74.13,21.18
ORD-005689,2025-05-10,2025-05-14,CUST-00556,PROD-00174,6,0.2,1060.94,1056.12,4.82
ORD-005690,2025-07-09,2025-07-10,CUST-00093,PROD-00044,3,0.05,1520.39,890.55,629.84
ORD-005691,2024-11-29,2024-12-05,CUST-00435,PROD-00191,1,0.15,387.97,329.59,58.38
ORD-005692,2025-05-18,2025-05-21,CUST-00209,PROD-00124,7,0.0,2360.4,1936.48,423.92
ORD-005693,2025-03-25,2025-03-26,CUST-00284,PROD-00151,4,0.05,618.37,556.52,61.85
ORD-005694,2025-08-13,2025-08-18,CUST-00148,PROD-00189,7,0.0,4405.8,2408.07,1997.73
ORD-005695,2024-12-06,2024-12-11,CUST-00279,PROD-00135,7,0.05,3378.2,2366.35,1011.85
ORD-005696,2024-12-18,2024-12-20,CUST-00587,PROD-00209,4,0.05,1732.61,1390.48,342.13
ORD-005697,2025-04-20,2025-04-22,CUST-00227,PROD-00169,4,0.3,998.9,759.44,239.46
ORD-005698,2024-03-23,2024-03-24,CUST-00364,PROD-00009,5,0.2,555.84,409.15,146.69
ORD-005699,2024-12-01,2024-12-04,CUST-00501,PROD-00135,3,0.0,1524.0,1014.15,509.85
ORD-005700,2025-12-18,2025-12-19,CUST-00294,PROD-00079,3,0.1,663.36,532.62,130.74
ORD-005701,2024-01-29,2024-02-01,CUST-00258,PROD-00100,5,0.1,864.04,539.15,324.89
ORD-005702,2024-09-17,2024-09-21,CUST-00047,PROD-00116,6,0.0,823.62,576.3,247.32
ORD-005703,2024-09-16,2024-09-21,CUST-00272,PROD-00173,5,0.1,1205.01,1105.35,99.66
ORD-005704,2025-04-12,2025-04-17,CUST-00064,PROD-00104,6,0.05,1228.58,1090.56,138.02
ORD-005705,2024-03-22,2024-03-25,CUST-00550,PROD-00215,3,0.05,584.71,520.92,63.79
ORD-005706,2025-04-09,2025-04-11,CUST-00017,PROD-00095,2,0.15,564.23,372.24,191.99
ORD-005707,2024-03-13,2024-03-19,CUST-00563,PROD-00211,2,0.0,1205.5,699.02,506.48
ORD-005708,2024-03-13,2024-03-18,CUST-00008,PROD-00037,7,0.0,1851.71,1565.83,285.88
ORD-005709,2025-07-04,2025-07-05,CUST-00481,PROD-00191,6,0.15,2327.84,1977.54,350.3
ORD-005710,2024-09-24,2024-09-28,CUST-00235,PROD-00126,2,0.1,938.11,610.42,327.69
ORD-005711,2025-12-21,2025-12-25,CUST-00120,PROD-00030,3,0.3,375.5,437.52,-62.02
ORD-005712,2024-01-29,2024-02-02,CUST-00302,PROD-00031,2,0.1,297.36,239.34,58.02
ORD-005713,2024-12-05,2024-12-06,CUST-00417,PROD-00056,2,0.1,1178.59,795.4,383.19
ORD-005714,2024-03-27,2024-03-28,CUST-00139,PROD-00199,1,0.1,520.39,305.76,214.63
ORD-005715,2024-10-15,2024-10-18,CUST-00410,PROD-00134,1,0.05,519.59,383.56,136.03
ORD-005716,2025-12-31,2026-01-01,CUST-00090,PROD-00004,6,0.0,183.9,145.8,38.1
ORD-005717,2025-11-08,2025-11-14,CUST-00056,PROD-00203,7,0.1,3897.56,2540.3,1357.26
ORD-005718,2024-02-07,2024-02-11,CUST-00389,PROD-00165,1,0.0,27.27,16.55,10.72
ORD-005719,2025-02-18,2025-02-21,CUST-00081,PROD-00188,7,0.1,1812.7,1284.22,528.48
ORD-005720,2025-04-23,2025-04-29,CUST-00388,PROD-00189,7,0.0,4405.8,2408.07,1997.73
ORD-005721,2024-06-13,2024-06-15,CUST-00176,PROD-00009,6,0.3,583.63,490.98,92.65
ORD-005722,2024-04-21,2024-04-23,CUST-00347,PROD-00016,5,0.1,3065.62,1986.95,1078.67
ORD-005723,2025-11-16,2025-11-20,CUST-00527,PROD-00067,1,0.0,184.98,127.77,57.21
ORD-005724,2025-12-17,2025-12-22,CUST-00281,PROD-00041,4,0.0,700.04,403.4,296.64
ORD-005725,2025-12-28,2025-12-29,CUST-00221,PROD-00217,6,0.3,2333.56,1990.86,342.7
ORD-005726,2025-08-29,2025-09-03,CUST-00147,PROD-00075,1,0.1,504.22,369.72,134.5
ORD-005727,2025-05-06,2025-05-09,CUST-00365,PROD-00077,2,0.0,365.32,304.14,61.18
ORD-005728,2024-10-10,2024-10-13,CUST-00439,PROD-00111,3,0.05,313.47,265.89,47.58
ORD-005729,2024-05-11,2024-05-13,CUST-00115,PROD-00203,6,0.05,3526.36,2177.4,1348.96
ORD-005730,2024-03-01,2024-03-06,CUST-00126,PROD-00158,7,0.3,422.43,416.43,6.0
ORD-005731,2025-05-28,2025-06-02,CUST-00121,PROD-00145,7,0.05,610.94,460.6,150.34
ORD-005732,2025-08-25,2025-08-26,CUST-00350,PROD-00052,1,0.0,213.75,151.85,61.9
ORD-005733,2025-09-26,2025-09-27,CUST-00497,PROD-00136,1,0.1,203.86,152.38,51.48
ORD-005734,2025-11-20,2025-11-25,CUST-00470,PROD-00094,7,0.0,247.1,172.97,74.13
ORD-005735,2025-11-04,2025-11-09,CUST-00199,PROD-00140,3,0.2,747.34,779.37,-32.03
ORD-005736,2025-12-31,2026-01-01,CUST-00108,PROD-00083,5,0.1,2206.4,1518.35,688.05
ORD-005737,2024-07-21,2024-07-27,CUST-00283,PROD-00051,7,0.1,476.91,291.06,185.85
ORD-005738,2025-08-08,2025-08-12,CUST-00316,PROD-00072,7,0.2,2563.96,2302.58,261.38
ORD-005739,2025-03-07,2025-03-09,CUST-00382,PROD-00209,4,0.05,1732.61,1390.48,342.13
ORD-005740,2024-08-06,2024-08-10,CUST-00395,PROD-00109,6,0.1,106.06,97.26,8.8
ORD-005741,2025-12-23,2025-12-24,CUST-00012,PROD-00027,1,0.1,400.06,288.47,111.59
ORD-005742,2025-11-13,2025-11-19,CUST-00336,PROD-00167,4,0.15,634.98,439.92,195.06
ORD-005743,2024-04-08,2024-04-09,CUST-00498,PROD-00148,4,0.15,1334.81,1031.68,303.13
ORD-005744,2024-01-21,2024-01-22,CUST-00411,PROD-00052,2,0.15,363.38,303.7,59.68
ORD-005745,2025-05-25,2025-05-31,CUST-00367,PROD-00088,1,0.0,107.52,59.24,48.28
ORD-005746,2025-03-21,2025-03-24,CUST-00301,PROD-00130,4,0.0,1157.76,661.56,496.2
ORD-005747,2025-12-01,2025-12-03,CUST-00402,PROD-00039,4,0.0,510.04,389.64,120.4
ORD-005748,2024-07-10,2024-07-16,CUST-00283,PROD-00207,4,0.1,1263.56,1100.84,162.72
ORD-005749,2024-03-05,2024-03-09,CUST-00576,PROD-00051,7,0.0,529.9,291.06,238.84
ORD-005750,2024-08-05,2024-08-06,CUST-00448,PROD-00101,3,0.1,1500.69,942.66,558.03
ORD-005751,2024-01-15,2024-01-20,CUST-00499,PROD-00076,5,0.15,1049.75,662.35,387.4
ORD-005752,2024-01-28,2024-01-31,CUST-00027,PROD-00103,4,0.15,906.75,844.88,61.87
ORD-005753,2025-11-21,2025-11-23,CUST-00486,PROD-00207,6,0.05,2000.64,1651.26,349.38
ORD-005754,2024-10-15,2024-10-19,CUST-00449,PROD-00139,1,0.3,162.57,159.97,2.6
ORD-005755,2024-11-18,2024-11-20,CUST-00278,PROD-00084,7,0.05,600.69,524.3,76.39
ORD-005756,2024-01-15,2024-01-21,CUST-00067,PROD-00215,1,0.05,194.9,173.64,21.26
ORD-005757,2024-08-13,2024-08-16,CUST-00571,PROD-00028,7,0.0,125.51,76.72,48.79
ORD-005758,2025-09-09,2025-09-13,CUST-00057,PROD-00217,1,0.05,527.83,331.81,196.02
ORD-005759,2025-03-30,2025-04-02,CUST-00434,PROD-00064,3,0.0,1131.66,739.59,392.07
ORD-005760,2025-08-01,2025-08-03,CUST-00549,PROD-00189,7,0.0,4405.8,2408.07,1997.73
ORD-005761,2024-12-06,2024-12-12,CUST-00541,PROD-00114,2,0.15,658.05,487.88,170.17
ORD-005762,2024-09-13,2024-09-15,CUST-00405,PROD-00058,1,0.15,417.61,383.39,34.22
ORD-005763,2024-12-23,2024-12-24,CUST-00080,PROD-00181,7,0.05,2322.25,1294.23,1028.02
ORD-005764,2024-09-23,2024-09-25,CUST-00510,PROD-00051,1,0.15,64.34,41.58,22.76
ORD-005765,2025-10-05,2025-10-07,CUST-00204,PROD-00211,7,0.0,4219.25,2446.57,1772.68
ORD-005766,2024-09-03,2024-09-04,CUST-00115,PROD-00078,5,0.3,419.93,495.8,-75.87
ORD-005767,2025-05-03,2025-05-09,CUST-00077,PROD-00060,2,0.1,428.08,288.5,139.58
ORD-005768,2024-04-15,2024-04-17,CUST-00500,PROD-00119,6,0.2,3151.34,2382.18,769.16
ORD-005769,2025-05-23,2025-05-29,CUST-00051,PROD-00169,7,0.1,2247.52,1329.02,918.5
ORD-005770,2025-11-20,2025-11-22,CUST-00477,PROD-00211,4,0.1,2169.9,1398.04,771.86
ORD-005771,2025-03-24,2025-03-30,CUST-00027,PROD-00092,7,0.1,837.58,576.52,261.06
ORD-005772,2025-02-15,2025-02-20,CUST-00090,PROD-00080,6,0.0,1254.3,701.28,553.02
ORD-005773,2025-12-13,2025-12-15,CUST-00212,PROD-00071,7,0.1,3849.55,2437.96,1411.59
ORD-005774,2025-04-08,2025-04-12,CUST-00057,PROD-00170,7,0.2,520.91,558.18,-37.27
ORD-005775,2024-08-05,2024-08-06,CUST-00015,PROD-00008,7,0.2,1209.82,900.97,308.85
ORD-005776,2024-08-30,2024-09-03,CUST-00174,PROD-00092,3,0.0,398.85,247.08,151.77
ORD-005777,2025-06-09,2025-06-12,CUST-00270,PROD-00075,3,0.2,1344.58,1109.16,235.42
ORD-005778,2025-07-12,2025-07-18,CUST-00073,PROD-00130,6,0.0,1736.64,992.34,744.3
ORD-005779,2024-09-08,2024-09-10,CUST-00484,PROD-00110,7,0.15,2473.53,2203.11,270.42
ORD-005780,2024-10-10,2024-10-14,CUST-00198,PROD-00171,5,0.05,338.3,214.15,124.15
ORD-005781,2025-12-27,2025-12-31,CUST-00374,PROD-00052,3,0.0,641.25,455.55,185.7
ORD-005782,2024-03-19,2024-03-21,CUST-00300,PROD-00134,7,0.0,3828.58,2684.92,1143.66
ORD-005783,2024-11-15,2024-11-18,CUST-00584,PROD-00158,4,0.15,293.11,237.96,55.15
ORD-005784,2024-02-17,2024-02-19,CUST-00175,PROD-00005,3,0.05,917.81,830.7,87.11
ORD-005785,2025-09-22,2025-09-23,CUST-00182,PROD-00174,6,0.2,1060.94,1056.12,4.82
ORD-005786,2024-03-11,2024-03-14,CUST-00197,PROD-00030,4,0.0,715.24,583.36,131.88
ORD-005787,2025-05-14,2025-05-15,CUST-00286,PROD-00217,3,0.3,1166.78,995.43,171.35
ORD-005788,2024-02-13,2024-02-15,CUST-00145,PROD-00159,6,0.0,2761.5,2297.94,463.56
ORD-005789,2025-05-13,2025-05-15,CUST-00270,PROD-00051,7,0.1,476.91,291.06,185.85
ORD-005790,2025-10-09,2025-10-11,CUST-00046,PROD-00192,3,0.05,210.27,122.16,88.11
ORD-005791,2024-11-13,2024-11-17,CUST-00285,PROD-00132,2,0.1,460.8,294.62,166.18
ORD-005792,2025-01-17,2025-01-21,CUST-00037,PROD-00126,2,0.0,1042.34,610.42,431.92
ORD-005793,2024-11-14,2024-11-17,CUST-00242,PROD-00027,1,0.05,422.28,288.47,133.81
ORD-005794,2024-09-05,2024-09-11,CUST-00502,PROD-00137,3,0.05,291.21,186.09,105.12
ORD-005795,2025-09-08,2025-09-12,CUST-00479,PROD-00019,1,0.1,214.59,132.34,82.25
ORD-005796,2024-08-15,2024-08-21,CUST-00006,PROD-00123,3,0.05,1265.23,1126.38,138.85
ORD-005797,2025-06-29,2025-07-03,CUST-00170,PROD-00150,2,0.0,991.02,761.04,229.98
ORD-005798,2024-06-09,2024-06-14,CUST-00141,PROD-00120,5,0.15,723.82,546.55,177.27
ORD-005799,2024-07-27,2024-07-30,CUST-00017,PROD-00016,1,0.0,681.25,397.39,283.86
ORD-005800,2024-10-03,2024-10-09,CUST-00046,PROD-00002,7,0.2,2477.94,2626.05,-148.11
ORD-005801,2025-03-09,2025-03-15,CUST-00525,PROD-00211,1,0.0,602.75,349.51,253.24
ORD-005802,2024-12-09,2024-12-11,CUST-00107,PROD-00003,6,0.1,516.02,471.36,44.66
ORD-005803,2025-07-23,2025-07-25,CUST-00201,PROD-00183,6,0.0,2003.22,1315.02,688.2
ORD-005804,2024-06-18,2024-06-21,CUST-00505,PROD-00157,2,0.0,1013.68,587.94,425.74
ORD-005805,2024-01-09,2024-01-10,CUST-00404,PROD-00084,3,0.05,257.44,224.7,32.74
ORD-005806,2025-08-19,2025-08-23,CUST-00542,PROD-00178,2,0.0,570.14,405.84,164.3
ORD-005807,2025-09-22,2025-09-24,CUST-00588,PROD-00075,4,0.1,2016.86,1478.88,537.98
ORD-005808,2024-02-15,2024-02-17,CUST-00098,PROD-00125,5,0.15,1561.02,1031.45,529.57
ORD-005809,2025-03-26,2025-03-28,CUST-00549,PROD-00138,2,0.15,25.42,18.52,6.9
ORD-005810,2024-11-03,2024-11-05,CUST-00087,PROD-00095,4,0.0,1327.6,744.48,583.12
ORD-005811,2025-09-01,2025-09-03,CUST-00013,PROD-00081,2,0.15,698.44,501.76,196.68
ORD-005812,2025-11-01,2025-11-06,CUST-00418,PROD-00059,1,0.0,109.04,74.83,34.21
ORD-005813,2025-10-15,2025-10-20,CUST-00333,PROD-00124,2,0.0,674.4,553.28,121.12
ORD-005814,2025-08-19,2025-08-23,CUST-00403,PROD-00175,2,0.0,809.0,540.52,268.48
ORD-005815,2024-08-12,2024-08-14,CUST-00253,PROD-00198,5,0.1,2734.38,1722.05,1012.33
ORD-005816,2025-09-15,2025-09-20,CUST-00130,PROD-00003,6,0.1,516.02,471.36,44.66
ORD-005817,2025-01-26,2025-01-27,CUST-00494,PROD-00010,3,0.05,1273.47,1044.93,228.54
ORD-005818,2024-02-10,2024-02-14,CUST-00003,PROD-00144,6,0.1,862.16,541.56,320.6
ORD-005819,2024-12-11,2024-12-17,CUST-00503,PROD-00105,6,0.3,1460.47,1732.8,-272.33
ORD-005820,2025-12-04,2025-12-08,CUST-00450,PROD-00183,4,0.0,1335.48,876.68,458.8
ORD-005821,2025-11-08,2025-11-13,CUST-00339,PROD-00185,6,0.0,3017.88,2316.42,701.46
ORD-005822,2024-03-19,2024-03-24,CUST-00540,PROD-00197,4,0.2,414.08,360.88,53.2
ORD-005823,2025-07-22,2025-07-23,CUST-00141,PROD-00006,5,0.05,2466.3,1741.1,725.2
ORD-005824,2025-09-10,2025-09-12,CUST-00541,PROD-00166,1,0.0,511.27,353.8,157.47
ORD-005825,2024-08-14,2024-08-16,CUST-00096,PROD-00121,3,0.0,2009.88,1174.59,835.29
ORD-005826,2024-12-18,2024-12-21,CUST-00492,PROD-00149,2,0.15,510.39,337.36,173.03
ORD-005827,2025-06-15,2025-06-21,CUST-00089,PROD-00015,1,0.2,379.35,399.77,-20.42
ORD-005828,2024-12-02,2024-12-06,CUST-00063,PROD-00029,7,0.1,2392.55,1852.48,540.07
ORD-005829,2024-03-27,2024-03-29,CUST-00278,PROD-00027,5,0.2,1778.04,1442.35,335.69
ORD-005830,2025-06-10,2025-06-12,CUST-00172,PROD-00084,3,0.1,243.89,224.7,19.19
ORD-005831,2025-11-19,2025-11-24,CUST-00179,PROD-00129,2,0.05,1028.01,597.5,430.51
ORD-005832,2025-04-27,2025-05-01,CUST-00286,PROD-00076,6,0.1,1333.8,794.82,538.98
ORD-005833,2025-08-16,2025-08-21,CUST-00424,PROD-00193,5,0.1,1134.58,666.55,468.03
ORD-005834,2024-10-20,2024-10-24,CUST-00413,PROD-00183,5,0.0,1669.35,1095.85,573.5
ORD-005835,2024-05-20,2024-05-25,CUST-00432,PROD-00204,1,0.1,382.8,263.25,119.55
ORD-005836,2025-04-20,2025-04-24,CUST-00471,PROD-00079,1,0.0,245.69,177.54,68.15
ORD-005837,2024-09-26,2024-10-02,CUST-00043,PROD-00132,5,0.2,1024.0,736.55,287.45
ORD-005838,2025-10-22,2025-10-28,CUST-00151,PROD-00188,3,0.1,776.87,550.38,226.49
ORD-005839,2024-04-04,2024-04-09,CUST-00464,PROD-00176,7,0.1,2600.26,2112.04,488.22
ORD-005840,2024-11-29,2024-12-03,CUST-00437,PROD-00115,2,0.05,155.97,138.8,17.17
ORD-005841,2024-11-12,2024-11-17,CUST-00242,PROD-00146,6,0.0,1103.04,921.6,181.44
ORD-005842,2025-12-02,2025-12-06,CUST-00190,PROD-00157,1,0.1,456.16,293.97,162.19
ORD-005843,2024-04-27,2024-04-30,CUST-00092,PROD-00184,2,0.15,455.58,370.14,85.44
ORD-005844,2024-01-08,2024-01-10,CUST-00598,PROD-00097,2,0.0,557.3,389.2,168.1
ORD-005845,2024-07-14,2024-07-15,CUST-00575,PROD-00103,6,0.0,1600.14,1267.32,332.82
ORD-005846,2025-09-21,2025-09-24,CUST-00493,PROD-00005,3,0.05,917.81,830.7,87.11
ORD-005847,2024-06-13,2024-06-15,CUST-00306,PROD-00187,7,0.1,1888.24,1142.54,745.7
ORD-005848,2024-07-17,2024-07-19,CUST-00102,PROD-00199,1,0.0,578.21,305.76,272.45
ORD-005849,2024-04-09,2024-04-13,CUST-00299,PROD-00021,5,0.1,1103.94,785.6,318.34
ORD-005850,2025-06-20,2025-06-24,CUST-00223,PROD-00043,1,0.2,300.8,252.55,48.25
ORD-005851,2024-02-23,2024-02-25,CUST-00060,PROD-00032,2,0.1,516.49,471.46,45.03
ORD-005852,2024-09-29,2024-10-02,CUST-00281,PROD-00178,6,0.0,1710.42,1217.52,492.9
ORD-005853,2024-08-23,2024-08-27,CUST-00191,PROD-00068,1,0.05,423.14,350.35,72.79
ORD-005854,2025-02-11,2025-02-17,CUST-00554,PROD-00060,6,0.0,1426.92,865.5,561.42
ORD-005855,2025-07-07,2025-07-11,CUST-00255,PROD-00131,7,0.2,2949.18,2093.0,856.18
ORD-005856,2025-01-25,2025-01-26,CUST-00199,PROD-00071,5,0.0,3055.2,1741.4,1313.8
ORD-005857,2025-11-28,2025-12-02,CUST-00171,PROD-00145,4,0.05,349.11,263.2,85.91
ORD-005858,2025-12-08,2025-12-09,CUST-00161,PROD-00208,4,0.05,1736.37,1344.48,391.89
ORD-005859,2024-10-22,2024-10-23,CUST-00192,PROD-00136,5,0.0,1132.55,761.9,370.65
ORD-005860,2025-08-19,2025-08-20,CUST-00455,PROD-00111,7,0.0,769.93,620.41,149.52
ORD-005861,2025-07-16,2025-07-21,CUST-00029,PROD-00167,1,0.0,186.76,109.98,76.78
ORD-005862,2025-11-10,2025-11-12,CUST-00492,PROD-00064,6,0.2,1810.66,1479.18,331.48
ORD-005863,2024-12-06,2024-12-12,CUST-00285,PROD-00097,2,0.2,445.84,389.2,56.64
ORD-005864,2025-01-23,2025-01-29,CUST-00053,PROD-00174,7,0.0,1547.21,1232.14,315.07
ORD-005865,2024-11-21,2024-11-23,CUST-00390,PROD-00045,7,0.0,755.3,545.65,209.65
ORD-005866,2025-10-14,2025-10-18,CUST-00170,PROD-00166,2,0.0,1022.54,707.6,314.94
ORD-005867,2024-07-05,2024-07-10,CUST-00074,PROD-00203,5,0.0,3093.3,1814.5,1278.8
ORD-005868,2024-07-16,2024-07-21,CUST-00054,PROD-00219,1,0.1,192.23,118.36,73.87
ORD-005869,2024-10-31,2024-11-02,CUST-00032,PROD-00053,4,0.05,964.86,845.88,118.98
ORD-005870,2024-07-06,2024-07-10,CUST-00036,PROD-00188,1,0.0,287.73,183.46,104.27
ORD-005871,2025-02-16,2025-02-19,CUST-00269,PROD-00142,2,0.0,569.68,488.08,81.6
ORD-005872,2024-04-13,2024-04-18,CUST-00122,PROD-00168,1,0.0,109.81,64.83,44.98
ORD-005873,2024-09-21,2024-09-25,CUST-00466,PROD-00173,5,0.1,1205.01,1105.35,99.66
ORD-005874,2025-11-20,2025-11-22,CUST-00162,PROD-00109,6,0.0,117.84,97.26,20.58
ORD-005875,2024-11-18,2024-11-20,CUST-00445,PROD-00187,3,0.0,899.16,489.66,409.5
ORD-005876,2025-07-26,2025-07-27,CUST-00139,PROD-00011,6,0.0,1079.76,928.32,151.44
ORD-005877,2024-03-28,2024-03-30,CUST-00124,PROD-00038,2,0.0,29.34,18.02,11.32
ORD-005878,2024-07-25,2024-07-29,CUST-00060,PROD-00019,4,0.2,762.98,529.36,233.62
ORD-005879,2025-09-11,2025-09-16,CUST-00324,PROD-00138,1,0.0,14.95,9.26,5.69
ORD-005880,2025-08-08,2025-08-10,CUST-00456,PROD-00029,6,0.05,2164.69,1587.84,576.85
ORD-005881,2024-11-07,2024-11-12,CUST-00191,PROD-00159,1,0.1,414.22,382.99,31.23
ORD-005882,2025-12-10,2025-12-16,CUST-00272,PROD-00132,3,0.1,691.2,441.93,249.27
ORD-005883,2025-11-19,2025-11-22,CUST-00384,PROD-00053,7,0.05,1688.5,1480.29,208.21
ORD-005884,2025-12-13,2025-12-14,CUST-00063,PROD-00216,6,0.0,2890.56,2320.62,569.94
ORD-005885,2024-11-27,2024-11-28,CUST-00258,PROD-00169,6,0.15,1819.42,1139.16,680.26
ORD-005886,2024-05-31,2024-06-05,CUST-00197,PROD-00117,2,0.05,387.77,320.7,67.07
ORD-005887,2025-04-07,2025-04-09,CUST-00404,PROD-00123,7,0.05,2952.2,2628.22,323.98
ORD-005888,2025-05-22,2025-05-25,CUST-00512,PROD-00163,2,0.2,95.33,65.12,30.21
ORD-005889,2024-04-06,2024-04-09,CUST-00484,PROD-00073,6,0.05,2253.04,1682.52,570.52
ORD-005890,2025-08-26,2025-08-31,CUST-00167,PROD-00201,4,0.0,2179.56,1411.56,768.0
ORD-005891,2024-01-14,2024-01-18,CUST-00338,PROD-00051,1,0.05,71.92,41.58,30.34
ORD-005892,2024-12-23,2024-12-27,CUST-00125,PROD-00006,3,0.0,1557.66,1044.66,513.0
ORD-005893,2024-09-29,2024-10-01,CUST-00521,PROD-00074,3,0.1,1595.3,1120.89,474.41
ORD-005894,2025-07-18,2025-07-24,CUST-00264,PROD-00043,5,0.1,1692.0,1262.75,429.25
ORD-005895,2024-09-15,2024-09-21,CUST-00464,PROD-00207,2,0.05,666.88,550.42,116.46
ORD-005896,2025-09-26,2025-09-30,CUST-00169,PROD-00041,1,0.1,157.51,100.85,56.66
ORD-005897,2025-03-14,2025-03-17,CUST-00098,PROD-00193,2,0.0,504.26,266.62,237.64
ORD-005898,2025-09-01,2025-09-05,CUST-00401,PROD-00195,3,0.05,1834.89,1176.21,658.68
ORD-005899,2025-12-26,2025-12-30,CUST-00324,PROD-00113,6,0.1,902.18,805.86,96.32
ORD-005900,2025-05-18,2025-05-23,CUST-00190,PROD-00110,6,0.1,2244.89,1888.38,356.51
ORD-005901,2025-12-24,2025-12-26,CUST-00346,PROD-00098,6,0.0,3445.98,1894.38,1551.6
ORD-005902,2024-01-23,2024-01-26,CUST-00442,PROD-00120,5,0.05,808.97,546.55,262.42
ORD-005903,2024-10-04,2024-10-06,CUST-00093,PROD-00041,7,0.0,1225.07,705.95,519.12
ORD-005904,2024-03-23,2024-03-28,CUST-00258,PROD-00010,3,0.1,1206.44,1044.93,161.51
ORD-005905,2024-08-07,2024-08-08,CUST-00244,PROD-00023,2,0.15,792.59,611.32,181.27
ORD-005906,2025-10-05,2025-10-07,CUST-00444,PROD-00209,6,0.05,2598.91,2085.72,513.19
ORD-005907,2024-01-25,2024-01-31,CUST-00120,PROD-00213,1,0.0,280.8,227.69,53.11
ORD-005908,2025-01-15,2025-01-21,CUST-00136,PROD-00077,2,0.3,255.72,304.14,-48.42
ORD-005909,2025-02-21,2025-02-26,CUST-00001,PROD-00077,1,0.05,173.53,152.07,21.46
ORD-005910,2025-02-16,2025-02-18,CUST-00148,PROD-00062,5,0.0,3663.3,1985.25,1678.05
ORD-005911,2024-12-19,2024-12-21,CUST-00162,PROD-00034,6,0.05,575.87,337.8,238.07
ORD-005912,2025-08-29,2025-08-30,CUST-00597,PROD-00058,1,0.15,417.61,383.39,34.22
ORD-005913,2024-04-12,2024-04-17,CUST-00537,PROD-00036,6,0.15,2754.1,2206.56,547.54
ORD-005914,2024-09-13,2024-09-16,CUST-00443,PROD-00163,6,0.15,303.86,195.36,108.5
ORD-005915,2025-03-30,2025-04-02,CUST-00101,PROD-00113,3,0.2,400.97,402.93,-1.96
ORD-005916,2025-05-27,2025-06-02,CUST-00297,PROD-00118,7,0.05,480.2,389.41,90.79
ORD-005917,2024-11-15,2024-11-18,CUST-00279,PROD-00032,2,0.05,545.19,471.46,73.73
ORD-005918,2025-11-02,2025-11-08,CUST-00319,PROD-00195,4,0.2,2060.22,1568.28,491.94
ORD-005919,2024-11-21,2024-11-24,CUST-00027,PROD-00159,2,0.05,874.47,765.98,108.49
ORD-005920,2024-11-15,2024-11-16,CUST-00473,PROD-00194,6,0.15,2237.52,1618.92,618.6
ORD-005921,2024-01-28,2024-01-30,CUST-00212,PROD-00183,1,0.05,317.18,219.17,98.01
ORD-005922,2025-02-08,2025-02-11,CUST-00111,PROD-00073,3,0.05,1126.52,841.26,285.26
ORD-005923,2025-06-13,2025-06-15,CUST-00161,PROD-00158,5,0.2,344.84,297.45,47.39
ORD-005924,2024-03-28,2024-04-02,CUST-00572,PROD-00205,3,0.05,1646.39,972.09,674.3
ORD-005925,2024-09-09,2024-09-12,CUST-00308,PROD-00194,6,0.05,2500.76,1618.92,881.84
ORD-005926,2025-08-22,2025-08-23,CUST-00381,PROD-00205,4,0.1,2079.65,1296.12,783.53
ORD-005927,2024-10-26,2024-10-27,CUST-00519,PROD-00140,6,0.0,1868.34,1558.74,309.6
ORD-005928,2024-07-18,2024-07-22,CUST-00034,PROD-00027,6,0.15,2267.0,1730.82,536.18
ORD-005929,2025-05-12,2025-05-18,CUST-00293,PROD-00135,4,0.05,1930.4,1352.2,578.2
ORD-005930,2024-05-31,2024-06-04,CUST-00572,PROD-00048,3,0.1,727.6,544.65,182.95
ORD-005931,2025-11-11,2025-11-12,CUST-00252,PROD-00077,4,0.15,621.04,608.28,12.76
ORD-005932,2024-03-22,2024-03-23,CUST-00426,PROD-00150,7,0.0,3468.57,2663.64,804.93
ORD-005933,2025-06-11,2025-06-17,CUST-00376,PROD-00161,7,0.1,1241.48,802.2,439.28
ORD-005934,2024-12-31,2025-01-06,CUST-00047,PROD-00185,1,0.05,477.83,386.07,91.76
ORD-005935,2025-10-29,2025-10-31,CUST-00569,PROD-00196,3,0.2,843.58,682.26,161.32
ORD-005936,2024-04-06,2024-04-09,CUST-00153,PROD-00217,1,0.1,500.05,331.81,168.24
ORD-005937,2025-05-17,2025-05-18,CUST-00551,PROD-00143,1,0.0,43.35,30.95,12.4
ORD-005938,2025-02-24,2025-02-26,CUST-00146,PROD-00158,7,0.1,543.12,416.43,126.69
ORD-005939,2024-12-22,2024-12-26,CUST-00354,PROD-00018,7,0.1,2983.43,1887.9,1095.53
ORD-005940,2024-12-27,2025-01-01,CUST-00031,PROD-00014,7,0.05,2836.29,1886.15,950.14
ORD-005941,2025-06-27,2025-07-01,CUST-00178,PROD-00073,3,0.1,1067.23,841.26,225.97
ORD-005942,2025-12-02,2025-12-05,CUST-00396,PROD-00083,2,0.2,784.5,607.34,177.16
ORD-005943,2024-03-11,2024-03-14,CUST-00297,PROD-00213,7,0.0,1965.6,1593.83,371.77
ORD-005944,2024-01-15,2024-01-19,CUST-00039,PROD-00219,1,0.2,170.87,118.36,52.51
ORD-005945,2025-09-10,2025-09-16,CUST-00420,PROD-00141,6,0.1,1971.22,1366.68,604.54
ORD-005946,2024-03-24,2024-03-26,CUST-00113,PROD-00111,4,0.1,395.96,354.52,41.44
ORD-005947,2025-12-25,2025-12-28,CUST-00536,PROD-00032,6,0.15,1463.39,1414.38,49.01
ORD-005948,2025-04-02,2025-04-06,CUST-00528,PROD-00185,1,0.0,502.98,386.07,116.91
ORD-005949,2025-04-26,2025-05-01,CUST-00024,PROD-00034,4,0.2,323.3,225.2,98.1
ORD-005950,2024-06-01,2024-06-07,CUST-00038,PROD-00130,1,0.05,274.97,165.39,109.58
ORD-005951,2024-07-17,2024-07-19,CUST-00050,PROD-00157,2,0.1,912.31,587.94,324.37
ORD-005952,2025-05-02,2025-05-06,CUST-00599,PROD-00094,6,0.15,180.03,148.26,31.77
ORD-005953,2025-11-18,2025-11-20,CUST-00468,PROD-00144,4,0.05,606.71,361.04,245.67
ORD-005954,2025-12-23,2025-12-24,CUST-00118,PROD-00011,1,0.05,170.96,154.72,16.24
ORD-005955,2024-06-01,2024-06-03,CUST-00171,PROD-00174,1,0.0,221.03,176.02,45.01
ORD-005956,2024-04-12,2024-04-14,CUST-00185,PROD-00134,6,0.3,2297.15,2301.36,-4.21
ORD-005957,2024-02-13,2024-02-19,CUST-00588,PROD-00146,6,0.05,1047.89,921.6,126.29
ORD-005958,2025-10-28,2025-11-01,CUST-00345,PROD-00005,3,0.1,869.51,830.7,38.81
ORD-005959,2024-09-01,2024-09-02,CUST-00557,PROD-00112,5,0.1,1813.68,1302.05,511.63
ORD-005960,2024-01-02,2024-01-08,CUST-00090,PROD-00215,3,0.0,615.48,520.92,94.56
ORD-005961,2024-06-29,2024-07-03,CUST-00057,PROD-00047,2,0.05,940.37,790.42,149.95
ORD-005962,2024-10-06,2024-10-11,CUST-00180,PROD-00177,7,0.05,3220.99,2268.77,952.22
ORD-005963,2025-12-27,2025-12-31,CUST-00575,PROD-00012,1,0.0,550.09,348.61,201.48
ORD-005964,2025-01-18,2025-01-19,CUST-00354,PROD-00046,6,0.15,728.08,593.52,134.56
ORD-005965,2024-06-08,2024-06-13,CUST-00442,PROD-00049,6,0.1,2668.9,2379.42,289.48
ORD-005966,2024-10-02,2024-10-08,CUST-00208,PROD-00051,6,0.1,408.78,249.48,159.3
ORD-005967,2024-09-28,2024-09-30,CUST-00274,PROD-00114,6,0.05,2206.41,1463.64,742.77
ORD-005968,2024-01-16,2024-01-19,CUST-00025,PROD-00048,6,0.15,1374.35,1089.3,285.05
ORD-005969,2024-04-13,2024-04-14,CUST-00072,PROD-00184,1,0.0,267.99,185.07,82.92
ORD-005970,2025-05-30,2025-06-05,CUST-00097,PROD-00045,7,0.15,642.0,545.65,96.35
ORD-005971,2024-04-02,2024-04-08,CUST-00293,PROD-00149,2,0.0,600.46,337.36,263.1
ORD-005972,2024-07-06,2024-07-08,CUST-00395,PROD-00008,5,0.0,1080.2,643.55,436.65
ORD-005973,2024-10-14,2024-10-15,CUST-00271,PROD-00056,2,0.0,1309.54,795.4,514.14
ORD-005974,2025-08-04,2025-08-06,CUST-00391,PROD-00191,3,0.05,1300.85,988.77,312.08
ORD-005975,2025-03-04,2025-03-08,CUST-00546,PROD-00122,4,0.05,153.75,116.44,37.31
ORD-005976,2025-05-25,2025-05-31,CUST-00197,PROD-00100,3,0.2,460.82,323.49,137.33
ORD-005977,2025-02-20,2025-02-22,CUST-00394,PROD-00100,6,0.1,1036.85,646.98,389.87
ORD-005978,2025-05-21,2025-05-23,CUST-00025,PROD-00205,1,0.0,577.68,324.03,253.65
ORD-005979,2024-01-03,2024-01-05,CUST-00408,PROD-00155,2,0.3,397.19,375.22,21.97
ORD-005980,2025-11-28,2025-12-02,CUST-00143,PROD-00017,5,0.05,2555.93,1487.35,1068.58
ORD-005981,2024-03-26,2024-03-27,CUST-00418,PROD-00081,1,0.3,287.59,250.88,36.71
ORD-005982,2024-11-16,2024-11-22,CUST-00159,PROD-00018,3,0.15,1207.58,809.1,398.48
ORD-005983,2025-08-14,2025-08-20,CUST-00045,PROD-00120,7,0.0,1192.17,765.17,427.0
ORD-005984,2024-11-30,2024-12-05,CUST-00550,PROD-00109,2,0.0,39.28,32.42,6.86
ORD-005985,2025-12-06,2025-12-11,CUST-00164,PROD-00137,7,0.3,500.68,434.21,66.47
ORD-005986,2024-12-16,2024-12-18,CUST-00184,PROD-00058,7,0.0,3439.17,2683.73,755.44
ORD-005987,2025-11-02,2025-11-08,CUST-00235,PROD-00131,1,0.1,473.98,299.0,174.98
ORD-005988,2025-09-14,2025-09-16,CUST-00380,PROD-00060,7,0.0,1664.74,1009.75,654.99
ORD-005989,2025-12-22,2025-12-28,CUST-00577,PROD-00130,6,0.05,1649.81,992.34,657.47
ORD-005990,2025-11-26,2025-11-30,CUST-00225,PROD-00153,2,0.0,1013.06,753.5,259.56
ORD-005991,2025-11-13,2025-11-14,CUST-00536,PROD-00207,3,0.0,1052.97,825.63,227.34
ORD-005992,2025-07-08,2025-07-09,CUST-00429,PROD-00035,5,0.05,1670.86,1429.75,241.11
ORD-005993,2024-10-27,2024-11-02,CUST-00266,PROD-00065,3,0.0,91.62,66.51,25.11
ORD-005994,2024-03-22,2024-03-25,CUST-00485,PROD-00217,6,0.15,2833.61,1990.86,842.75
ORD-005995,2025-05-25,2025-05-30,CUST-00109,PROD-00178,1,0.05,270.82,202.92,67.9
ORD-005996,2025-12-21,2025-12-25,CUST-00157,PROD-00116,5,0.0,686.35,480.25,206.1
ORD-005997,2025-07-03,2025-07-09,CUST-00510,PROD-00129,5,0.05,2570.03,1493.75,1076.28
ORD-005998,2025-11-27,2025-11-30,CUST-00288,PROD-00009,3,0.0,416.88,245.49,171.39
ORD-005999,2025-09-09,2025-09-11,CUST-00388,PROD-00041,1,0.1,157.51,100.85,56.66
ORD-006000,2024-05-05,2024-05-08,CUST-00129,PROD-00002,2,0.2,707.98,750.3,-42.32
ORD-006001,2024-07-27,2024-07-31,CUST-00397,PROD-00063,3,0.0,992.52,813.75,178.77
ORD-006002,2024-10-07,2024-10-10,CUST-00093,PROD-00102,2,0.0,487.04,368.9,118.14
ORD-006003,2024-05-09,2024-05-13,CUST-00421,PROD-00108,3,0.05,611.7,441.3,170.4
ORD-006004,2025-03-04,2025-03-07,CUST-00076,PROD-00067,2,0.1,332.96,255.54,77.42
ORD-006005,2025-12-20,2025-12-22,CUST-00018,PROD-00035,2,0.1,633.17,571.9,61.27
ORD-006006,2025-08-07,2025-08-09,CUST-00417,PROD-00128,2,0.3,544.73,612.72,-67.99
ORD-006007,2024-11-24,2024-11-30,CUST-00043,PROD-00082,3,0.05,845.4,687.78,157.62
ORD-006008,2024-01-04,2024-01-08,CUST-00427,PROD-00205,4,0.1,2079.65,1296.12,783.53
ORD-006009,2024-09-15,2024-09-19,CUST-00528,PROD-00126,6,0.0,3127.02,1831.26,1295.76
ORD-006010,2025-01-21,2025-01-24,CUST-00268,PROD-00212,1,0.0,590.28,360.35,229.93
ORD-006011,2024-09-24,2024-09-25,CUST-00581,PROD-00152,2,0.0,796.14,475.8,320.34
ORD-006012,2024-03-26,2024-03-31,CUST-00227,PROD-00172,4,0.1,508.1,388.56,119.54
ORD-006013,2024-12-04,2024-12-08,CUST-00394,PROD-00206,6,0.05,543.15,345.0,198.15
ORD-006014,2024-07-31,2024-08-02,CUST-00005,PROD-00078,4,0.0,479.92,396.64,83.28
ORD-006015,2025-11-18,2025-11-21,CUST-00159,PROD-00154,5,0.0,1165.25,778.75,386.5
ORD-006016,2024-03-19,2024-03-21,CUST-00011,PROD-00069,6,0.0,4259.64,2381.58,1878.06
ORD-006017,2024-02-07,2024-02-13,CUST-00266,PROD-00108,6,0.0,1287.78,882.6,405.18
ORD-006018,2024-01-05,2024-01-08,CUST-00239,PROD-00183,7,0.1,2103.38,1534.19,569.19
ORD-006019,2024-09-27,2024-09-28,CUST-00321,PROD-00017,2,0.0,1076.18,594.94,481.24
ORD-006020,2025-05-03,2025-05-06,CUST-00284,PROD-00039,6,0.0,765.06,584.46,180.6
ORD-006021,2025-07-07,2025-07-13,CUST-00442,PROD-00117,4,0.0,816.36,641.4,174.96
ORD-006022,2024-12-09,2024-12-11,CUST-00595,PROD-00159,2,0.3,644.35,765.98,-121.63
ORD-006023,2025-05-21,2025-05-24,CUST-00060,PROD-00112,3,0.0,1209.12,781.23,427.89
ORD-006024,2024-10-21,2024-10-26,CUST-00557,PROD-00042,7,0.2,3163.78,2391.62,772.16
ORD-006025,2025-05-09,2025-05-10,CUST-00450,PROD-00139,2,0.1,418.03,319.94,98.09
ORD-006026,2024-02-01,2024-02-05,CUST-00388,PROD-00125,3,0.05,1046.8,618.87,427.93
ORD-006027,2024-11-09,2024-11-14,CUST-00216,PROD-00021,2,0.0,490.64,314.24,176.4
ORD-006028,2025-08-30,2025-09-01,CUST-00538,PROD-00218,7,0.0,4573.03,2697.94,1875.09
ORD-006029,2025-09-08,2025-09-14,CUST-00557,PROD-00194,3,0.05,1250.38,809.46,440.92
ORD-006030,2025-06-21,2025-06-25,CUST-00077,PROD-00027,7,0.05,2955.99,2019.29,936.7
ORD-006031,2024-06-07,2024-06-13,CUST-00225,PROD-00102,5,0.1,1095.84,922.25,173.59
ORD-006032,2024-07-24,2024-07-25,CUST-00504,PROD-00194,2,0.1,789.71,539.64,250.07
ORD-006033,2025-12-30,2026-01-05,CUST-00127,PROD-00040,3,0.0,820.05,448.26,371.79
ORD-006034,2024-03-20,2024-03-21,CUST-00247,PROD-00038,7,0.0,102.69,63.07,39.62
ORD-006035,2024-05-18,2024-05-24,CUST-00010,PROD-00168,6,0.1,592.97,388.98,203.99
ORD-006036,2024-04-09,2024-04-11,CUST-00018,PROD-00084,1,0.2,72.26,74.9,-2.64
ORD-006037,2024-09-26,2024-10-02,CUST-00285,PROD-00022,3,0.0,634.65,546.63,88.02
ORD-006038,2024-06-14,2024-06-17,CUST-00052,PROD-00067,5,0.15,786.16,638.85,147.31
ORD-006039,2024-12-30,2025-01-04,CUST-00202,PROD-00006,1,0.0,519.22,348.22,171.0
ORD-006040,2024-12-20,2024-12-22,CUST-00006,PROD-00195,3,0.0,1931.46,1176.21,755.25
ORD-006041,2025-11-14,2025-11-18,CUST-00538,PROD-00004,5,0.05,145.59,121.5,24.09
ORD-006042,2024-01-27,2024-01-28,CUST-00359,PROD-00181,5,0.05,1658.75,924.45,734.3
ORD-006043,2024-09-20,2024-09-25,CUST-00349,PROD-00212,6,0.0,3541.68,2162.1,1379.58
ORD-006044,2025-03-15,2025-03-18,CUST-00374,PROD-00006,2,0.1,934.6,696.44,238.16
ORD-006045,2025-03-21,2025-03-25,CUST-00394,PROD-00070,2,0.1,170.17,107.24,62.93
ORD-006046,2024-12-22,2024-12-25,CUST-00056,PROD-00132,5,0.0,1280.0,736.55,543.45
ORD-006047,2025-09-18,2025-09-19,CUST-00265,PROD-00046,2,0.2,228.42,197.84,30.58
ORD-006048,2024-02-18,2024-02-24,CUST-00339,PROD-00062,3,0.15,1868.28,1191.15,677.13
ORD-006049,2025-09-17,2025-09-18,CUST-00285,PROD-00019,2,0.0,476.86,264.68,212.18
ORD-006050,2024-12-29,2025-01-02,CUST-00294,PROD-00021,4,0.0,981.28,628.48,352.8
ORD-006051,2024-04-12,2024-04-16,CUST-00234,PROD-00002,5,0.05,2101.83,1875.75,226.08
ORD-006052,2025-11-07,2025-11-09,CUST-00132,PROD-00007,3,0.05,628.37,426.96,201.41
ORD-006053,2025-04-25,2025-04-27,CUST-00265,PROD-00215,7,0.15,1220.7,1215.48,5.22
ORD-006054,2024-05-05,2024-05-09,CUST-00002,PROD-00001,7,0.0,283.15,149.8,133.35
ORD-006055,2024-01-26,2024-01-31,CUST-00587,PROD-00026,7,0.05,2823.19,1724.1,1099.09
ORD-006056,2024-04-18,2024-04-23,CUST-00555,PROD-00122,1,0.15,34.39,29.11,5.28
ORD-006057,2025-03-25,2025-03-29,CUST-00374,PROD-00003,5,0.15,406.13,392.8,13.33
ORD-006058,2024-05-17,2024-05-23,CUST-00593,PROD-00159,1,0.0,460.25,382.99,77.26
ORD-006059,2024-07-01,2024-07-05,CUST-00102,PROD-00042,7,0.0,3954.72,2391.62,1563.1
ORD-006060,2024-01-20,2024-01-25,CUST-00099,PROD-00132,1,0.0,256.0,147.31,108.69
ORD-006061,2025-06-29,2025-07-04,CUST-00149,PROD-00186,6,0.0,3028.32,1912.8,1115.52
ORD-006062,2025-09-14,2025-09-19,CUST-00320,PROD-00002,3,0.0,1327.47,1125.45,202.02
ORD-006063,2025-09-03,2025-09-09,CUST-00119,PROD-00074,1,0.0,590.85,373.63,217.22
ORD-006064,2024-04-07,2024-04-13,CUST-00045,PROD-00016,4,0.1,2452.5,1589.56,862.94
ORD-006065,2025-11-15,2025-11-16,CUST-00482,PROD-00095,5,0.2,1327.6,930.6,397.0
ORD-006066,2025-05-12,2025-05-14,CUST-00318,PROD-00077,2,0.3,255.72,304.14,-48.42
ORD-006067,2025-11-12,2025-11-17,CUST-00100,PROD-00114,1,0.3,270.96,243.94,27.02
ORD-006068,2024-12-06,2024-12-09,CUST-00587,PROD-00206,2,0.0,190.58,115.0,75.58
ORD-006069,2024-12-01,2024-12-07,CUST-00088,PROD-00181,1,0.1,314.29,184.89,129.4
ORD-006070,2025-08-25,2025-08-28,CUST-00515,PROD-00118,2,0.1,129.98,111.26,18.72
ORD-006071,2024-03-12,2024-03-17,CUST-00311,PROD-00162,3,0.0,430.02,339.33,90.69
ORD-006072,2025-01-16,2025-01-21,CUST-00217,PROD-00158,7,0.15,512.95,416.43,96.52
ORD-006073,2025-10-04,2025-10-05,CUST-00569,PROD-00185,2,0.0,1005.96,772.14,233.82
ORD-006074,2025-09-29,2025-10-02,CUST-00530,PROD-00198,3,0.0,1822.92,1033.23,789.69
ORD-006075,2025-12-10,2025-12-12,CUST-00118,PROD-00054,1,0.1,315.4,258.95,56.45
ORD-006076,2025-06-01,2025-06-06,CUST-00216,PROD-00063,4,0.05,1257.19,1085.0,172.19
ORD-006077,2024-06-11,2024-06-12,CUST-00554,PROD-00096,1,0.15,88.45,57.86,30.59
ORD-006078,2024-01-16,2024-01-18,CUST-00303,PROD-00122,5,0.1,182.07,145.55,36.52
ORD-006079,2024-12-21,2024-12-25,CUST-00455,PROD-00169,3,0.2,856.2,569.58,286.62
ORD-006080,2025-01-11,2025-01-16,CUST-00212,PROD-00107,6,0.0,1506.78,870.48,636.3
ORD-006081,2024-07-17,2024-07-20,CUST-00277,PROD-00009,5,0.1,625.32,409.15,216.17
ORD-006082,2024-04-05,2024-04-07,CUST-00136,PROD-00172,6,0.0,846.84,582.84,264.0
ORD-006083,2025-03-07,2025-03-11,CUST-00034,PROD-00060,7,0.0,1664.74,1009.75,654.99
ORD-006084,2025-08-09,2025-08-11,CUST-00237,PROD-00137,2,0.3,143.05,124.06,18.99
ORD-006085,2025-12-28,2026-01-02,CUST-00182,PROD-00001,5,0.05,192.14,107.0,85.14
ORD-006086,2025-08-05,2025-08-07,CUST-00598,PROD-00201,7,0.15,3242.1,2470.23,771.87
ORD-006087,2025-09-01,2025-09-02,CUST-00155,PROD-00186,5,0.0,2523.6,1594.0,929.6
ORD-006088,2025-03-30,2025-04-01,CUST-00379,PROD-00194,7,0.05,2917.55,1888.74,1028.81
ORD-006089,2025-12-25,2025-12-31,CUST-00071,PROD-00028,1,0.0,17.93,10.96,6.97
ORD-006090,2025-04-17,2025-04-20,CUST-00380,PROD-00208,7,0.05,3038.65,2352.84,685.81
ORD-006091,2025-10-22,2025-10-27,CUST-00523,PROD-00035,7,0.3,1723.62,2001.65,-278.03
ORD-006092,2025-12-05,2025-12-11,CUST-00582,PROD-00185,3,0.0,1508.94,1158.21,350.73
ORD-006093,2025-11-28,2025-12-04,CUST-00523,PROD-00166,3,0.0,1533.81,1061.4,472.41
ORD-006094,2024-11-04,2024-11-05,CUST-00305,PROD-00035,5,0.1,1582.92,1429.75,153.17
ORD-006095,2024-03-01,2024-03-03,CUST-00365,PROD-00134,2,0.05,1039.19,767.12,272.07
ORD-006096,2024-05-11,2024-05-13,CUST-00151,PROD-00174,4,0.0,884.12,704.08,180.04
ORD-006097,2024-02-15,2024-02-17,CUST-00135,PROD-00140,5,0.0,1556.95,1298.95,258.0
ORD-006098,2024-03-21,2024-03-23,CUST-00488,PROD-00179,5,0.15,1003.25,687.2,316.05
ORD-006099,2024-05-21,2024-05-24,CUST-00493,PROD-00201,7,0.15,3242.1,2470.23,771.87
ORD-006100,2024-10-07,2024-10-13,CUST-00232,PROD-00192,6,0.1,398.41,244.32,154.09
ORD-006101,2025-02-02,2025-02-05,CUST-00010,PROD-00217,3,0.15,1416.81,995.43,421.38
ORD-006102,2025-06-16,2025-06-17,CUST-00259,PROD-00209,6,0.1,2462.13,2085.72,376.41
ORD-006103,2024-06-15,2024-06-19,CUST-00124,PROD-00154,2,0.1,419.49,311.5,107.99
ORD-006104,2025-05-12,2025-05-18,CUST-00542,PROD-00183,4,0.1,1201.93,876.68,325.25
ORD-006105,2025-06-08,2025-06-12,CUST-00292,PROD-00202,2,0.0,813.18,663.56,149.62
ORD-006106,2025-02-14,2025-02-18,CUST-00110,PROD-00167,2,0.2,298.82,219.96,78.86
ORD-006107,2025-11-15,2025-11-19,CUST-00064,PROD-00131,3,0.0,1579.92,897.0,682.92
ORD-006108,2024-03-26,2024-03-28,CUST-00350,PROD-00147,7,0.05,4912.55,2795.45,2117.1
ORD-006109,2024-05-15,2024-05-20,CUST-00407,PROD-00088,4,0.15,365.57,236.96,128.61
ORD-006110,2024-11-27,2024-11-30,CUST-00136,PROD-00039,7,0.0,892.57,681.87,210.7
ORD-006111,2024-04-07,2024-04-08,CUST-00352,PROD-00005,4,0.3,901.71,1107.6,-205.89
ORD-006112,2025-02-20,2025-02-25,CUST-00501,PROD-00105,7,0.0,2434.11,2021.6,412.51
ORD-006113,2024-11-12,2024-11-15,CUST-00052,PROD-00108,5,0.0,1073.15,735.5,337.65
ORD-006114,2024-08-24,2024-08-25,CUST-00011,PROD-00127,2,0.15,139.86,134.84,5.02
ORD-006115,2024-05-10,2024-05-12,CUST-00044,PROD-00185,5,0.2,2011.92,1930.35,81.57
ORD-006116,2024-10-02,2024-10-06,CUST-00496,PROD-00137,5,0.2,408.72,310.15,98.57
ORD-006117,2025-03-24,2025-03-27,CUST-00543,PROD-00084,7,0.2,505.85,524.3,-18.45
ORD-006118,2025-02-27,2025-03-03,CUST-00510,PROD-00058,4,0.15,1670.45,1533.56,136.89
ORD-006119,2024-05-05,2024-05-11,CUST-00142,PROD-00025,7,0.0,718.13,464.8,253.33
ORD-006120,2024-04-05,2024-04-07,CUST-00397,PROD-00062,3,0.1,1978.18,1191.15,787.03
ORD-006121,2024-01-21,2024-01-24,CUST-00048,PROD-00161,7,0.0,1379.42,802.2,577.22
ORD-006122,2024-01-10,2024-01-14,CUST-00217,PROD-00117,1,0.15,173.48,160.35,13.13
ORD-006123,2025-11-04,2025-11-07,CUST-00434,PROD-00174,7,0.0,1547.21,1232.14,315.07
ORD-006124,2024-02-04,2024-02-09,CUST-00267,PROD-00148,7,0.0,2748.13,1805.44,942.69
ORD-006125,2025-07-08,2025-07-10,CUST-00548,PROD-00204,4,0.05,1616.25,1053.0,563.25
ORD-006126,2025-10-31,2025-11-02,CUST-00088,PROD-00036,2,0.0,1080.04,735.52,344.52
ORD-006127,2024-03-16,2024-03-17,CUST-00427,PROD-00005,4,0.0,1288.16,1107.6,180.56
ORD-006128,2024-12-01,2024-12-03,CUST-00359,PROD-00057,3,0.05,730.14,548.91,181.23
ORD-006129,2025-12-13,2025-12-18,CUST-00359,PROD-00178,4,0.15,969.24,811.68,157.56
ORD-006130,2025-10-02,2025-10-03,CUST-00065,PROD-00173,7,0.3,1312.12,1547.49,-235.37
ORD-006131,2024-12-26,2024-12-28,CUST-00136,PROD-00094,4,0.0,141.2,98.84,42.36
ORD-006132,2025-08-08,2025-08-12,CUST-00117,PROD-00011,4,0.05,683.85,618.88,64.97
ORD-006133,2025-10-01,2025-10-02,CUST-00479,PROD-00031,6,0.0,991.2,718.02,273.18
ORD-006134,2024-10-12,2024-10-16,CUST-00254,PROD-00158,1,0.0,86.21,59.49,26.72
ORD-006135,2025-11-10,2025-11-11,CUST-00371,PROD-00064,3,0.1,1018.49,739.59,278.9
ORD-006136,2024-12-17,2024-12-22,CUST-00353,PROD-00170,5,0.05,441.84,398.7,43.14
ORD-006137,2025-01-21,2025-01-25,CUST-00140,PROD-00157,3,0.1,1368.47,881.91,486.56
ORD-006138,2025-12-31,2026-01-05,CUST-00075,PROD-00218,2,0.0,1306.58,770.84,535.74
ORD-006139,2025-10-09,2025-10-12,CUST-00492,PROD-00100,2,0.3,268.81,215.66,53.15
ORD-006140,2024-10-22,2024-10-23,CUST-00189,PROD-00194,6,0.15,2237.52,1618.92,618.6
ORD-006141,2024-01-08,2024-01-12,CUST-00283,PROD-00135,1,0.0,508.0,338.05,169.95
ORD-006142,2025-04-07,2025-04-11,CUST-00497,PROD-00213,3,0.05,800.28,683.07,117.21
ORD-006143,2025-06-08,2025-06-09,CUST-00490,PROD-00090,5,0.0,1495.75,798.65,697.1
ORD-006144,2025-04-26,2025-05-02,CUST-00418,PROD-00219,5,0.1,961.16,591.8,369.36
ORD-006145,2025-12-16,2025-12-22,CUST-00377,PROD-00103,2,0.15,453.37,422.44,30.93
ORD-006146,2025-10-24,2025-10-28,CUST-00008,PROD-00195,3,0.05,1834.89,1176.21,658.68
ORD-006147,2024-12-07,2024-12-10,CUST-00159,PROD-00145,3,0.05,261.83,197.4,64.43
ORD-006148,2024-02-18,2024-02-23,CUST-00439,PROD-00203,1,0.05,587.73,362.9,224.83
ORD-006149,2024-12-20,2024-12-21,CUST-00438,PROD-00011,5,0.1,809.82,773.6,36.22
ORD-006150,2025-05-25,2025-05-28,CUST-00486,PROD-00110,4,0.05,1579.74,1258.92,320.82
ORD-006151,2025-03-24,2025-03-27,CUST-00093,PROD-00033,6,0.1,905.74,689.22,216.52
ORD-006152,2025-01-29,2025-02-04,CUST-00507,PROD-00177,7,0.05,3220.99,2268.77,952.22
ORD-006153,2024-12-16,2024-12-17,CUST-00511,PROD-00109,1,0.0,19.64,16.21,3.43
ORD-006154,2024-08-31,2024-09-02,CUST-00214,PROD-00201,3,0.1,1471.2,1058.67,412.53
ORD-006155,2024-08-19,2024-08-25,CUST-00510,PROD-00150,3,0.0,1486.53,1141.56,344.97
ORD-006156,2024-12-31,2025-01-05,CUST-00057,PROD-00153,2,0.1,911.75,753.5,158.25
ORD-006157,2024-05-03,2024-05-05,CUST-00425,PROD-00051,5,0.3,264.95,207.9,57.05
ORD-006158,2024-10-06,2024-10-12,CUST-00559,PROD-00118,3,0.0,216.63,166.89,49.74
ORD-006159,2024-09-23,2024-09-25,CUST-00476,PROD-00070,3,0.0,283.62,160.86,122.76
ORD-006160,2025-03-08,2025-03-10,CUST-00451,PROD-00045,4,0.0,431.6,311.8,119.8
ORD-006161,2024-02-21,2024-02-25,CUST-00071,PROD-00097,4,0.0,1114.6,778.4,336.2
ORD-006162,2025-09-28,2025-10-02,CUST-00208,PROD-00021,2,0.05,466.11,314.24,151.87
ORD-006163,2025-02-17,2025-02-23,CUST-00107,PROD-00124,7,0.05,2242.38,1936.48,305.9
ORD-006164,2025-05-11,2025-05-15,CUST-00256,PROD-00045,2,0.05,205.01,155.9,49.11
ORD-006165,2025-06-07,2025-06-11,CUST-00524,PROD-00050,3,0.15,653.9,420.57,233.33
ORD-006166,2024-08-30,2024-09-05,CUST-00190,PROD-00040,5,0.3,956.72,747.1,209.62
ORD-006167,2024-12-17,2024-12-19,CUST-00484,PROD-00108,1,0.05,203.9,147.1,56.8
ORD-006168,2025-12-11,2025-12-14,CUST-00175,PROD-00188,1,0.05,273.34,183.46,89.88
ORD-006169,2025-08-11,2025-08-15,CUST-00098,PROD-00103,1,0.1,240.02,211.22,28.8
ORD-006170,2025-12-17,2025-12-19,CUST-00352,PROD-00211,6,0.15,3074.02,2097.06,976.96
ORD-006171,2025-07-24,2025-07-26,CUST-00456,PROD-00179,6,0.0,1416.36,824.64,591.72
ORD-006172,2024-05-14,2024-05-17,CUST-00477,PROD-00123,2,0.15,754.7,750.92,3.78
ORD-006173,2024-02-19,2024-02-22,CUST-00052,PROD-00123,2,0.0,887.88,750.92,136.96
ORD-006174,2025-03-01,2025-03-05,CUST-00059,PROD-00048,3,0.1,727.6,544.65,182.95
ORD-006175,2024-10-19,2024-10-22,CUST-00493,PROD-00032,5,0.2,1147.76,1178.65,-30.89
ORD-006176,2024-08-17,2024-08-19,CUST-00102,PROD-00027,7,0.3,2178.1,2019.29,158.81
ORD-006177,2025-09-11,2025-09-12,CUST-00494,PROD-00148,7,0.1,2473.32,1805.44,667.88
ORD-006178,2024-10-27,2024-10-29,CUST-00330,PROD-00109,4,0.1,70.7,64.84,5.86
ORD-006179,2024-09-18,2024-09-21,CUST-00127,PROD-00217,5,0.1,2500.25,1659.05,841.2
ORD-006180,2025-10-14,2025-10-16,CUST-00487,PROD-00186,6,0.05,2876.9,1912.8,964.1
ORD-006181,2025-10-11,2025-10-17,CUST-00003,PROD-00070,5,0.0,472.7,268.1,204.6
ORD-006182,2024-10-18,2024-10-23,CUST-00448,PROD-00041,6,0.3,735.04,605.1,129.94
ORD-006183,2025-10-01,2025-10-07,CUST-00136,PROD-00065,3,0.05,87.04,66.51,20.53
ORD-006184,2025-10-15,2025-10-17,CUST-00481,PROD-00018,2,0.0,947.12,539.4,407.72
ORD-006185,2024-11-25,2024-11-30,CUST-00117,PROD-00001,6,0.0,242.7,128.4,114.3
ORD-006186,2024-02-21,2024-02-24,CUST-00428,PROD-00115,6,0.05,467.91,416.4,51.51
ORD-006187,2024-01-02,2024-01-05,CUST-00497,PROD-00124,3,0.3,708.12,829.92,-121.8
ORD-006188,2025-01-18,2025-01-19,CUST-00324,PROD-00005,5,0.0,1610.2,1384.5,225.7
ORD-006189,2024-10-09,2024-10-15,CUST-00284,PROD-00047,5,0.0,2474.65,1976.05,498.6
ORD-006190,2025-12-30,2026-01-05,CUST-00008,PROD-00037,6,0.0,1587.18,1342.14,245.04
ORD-006191,2025-08-15,2025-08-21,CUST-00266,PROD-00067,5,0.05,878.66,638.85,239.81
ORD-006192,2025-08-07,2025-08-12,CUST-00557,PROD-00134,6,0.0,3281.64,2301.36,980.28
ORD-006193,2025-12-10,2025-12-12,CUST-00193,PROD-00158,5,0.1,387.94,297.45,90.49
ORD-006194,2025-11-08,2025-11-11,CUST-00276,PROD-00061,4,0.1,705.02,631.8,73.22
ORD-006195,2024-09-19,2024-09-23,CUST-00433,PROD-00009,5,0.05,660.06,409.15,250.91
ORD-006196,2024-05-07,2024-05-12,CUST-00032,PROD-00084,5,0.05,429.07,374.5,54.57
ORD-006197,2025-07-24,2025-07-28,CUST-00017,PROD-00041,1,0.15,148.76,100.85,47.91
ORD-006198,2024-11-03,2024-11-07,CUST-00042,PROD-00010,4,0.1,1608.59,1393.24,215.35
ORD-006199,2024-12-18,2024-12-23,CUST-00491,PROD-00127,5,0.15,349.65,337.1,12.55
ORD-006200,2025-04-10,2025-04-14,CUST-00344,PROD-00198,7,0.0,4253.48,2410.87,1842.61
ORD-006201,2025-11-17,2025-11-18,CUST-00028,PROD-00029,2,0.0,759.54,529.28,230.26
ORD-006202,2024-11-22,2024-11-27,CUST-00480,PROD-00072,3,0.0,1373.55,986.82,386.73
ORD-006203,2025-08-24,2025-08-26,CUST-00232,PROD-00043,1,0.05,357.2,252.55,104.65
ORD-006204,2024-08-12,2024-08-18,CUST-00225,PROD-00184,4,0.15,911.17,740.28,170.89
ORD-006205,2025-06-01,2025-06-04,CUST-00246,PROD-00144,3,0.15,407.13,270.78,136.35
ORD-006206,2024-01-02,2024-01-06,CUST-00200,PROD-00181,6,0.0,2095.26,1109.34,985.92
ORD-006207,2025-10-30,2025-11-01,CUST-00024,PROD-00107,6,0.05,1431.44,870.48,560.96
ORD-006208,2024-01-24,2024-01-26,CUST-00228,PROD-00128,7,0.0,2723.63,2144.52,579.11
ORD-006209,2025-06-17,2025-06-19,CUST-00325,PROD-00147,2,0.05,1403.59,798.7,604.89
ORD-006210,2024-02-05,2024-02-06,CUST-00437,PROD-00195,7,0.0,4506.74,2744.49,1762.25
ORD-006211,2024-08-10,2024-08-14,CUST-00222,PROD-00025,3,0.05,292.38,199.2,93.18
ORD-006212,2024-12-30,2025-01-02,CUST-00366,PROD-00145,1,0.15,78.09,65.8,12.29
ORD-006213,2024-11-23,2024-11-28,CUST-00479,PROD-00142,3,0.1,769.07,732.12,36.95
ORD-006214,2024-05-27,2024-05-31,CUST-00280,PROD-00096,5,0.1,468.27,289.3,178.97
ORD-006215,2024-10-01,2024-10-05,CUST-00047,PROD-00185,3,0.1,1358.05,1158.21,199.84
ORD-006216,2025-07-04,2025-07-10,CUST-00587,PROD-00188,2,0.05,546.69,366.92,179.77
ORD-006217,2025-05-10,2025-05-11,CUST-00557,PROD-00155,5,0.15,1205.77,938.05,267.72
ORD-006218,2024-02-25,2024-03-01,CUST-00550,PROD-00057,1,0.2,204.95,182.97,21.98
ORD-006219,2025-07-25,2025-07-29,CUST-00405,PROD-00068,1,0.05,423.14,350.35,72.79
ORD-006220,2024-02-10,2024-02-13,CUST-00268,PROD-00218,5,0.0,3266.45,1927.1,1339.35
ORD-006221,2025-02-02,2025-02-06,CUST-00391,PROD-00161,2,0.1,354.71,229.2,125.51
ORD-006222,2024-08-05,2024-08-08,CUST-00047,PROD-00085,2,0.05,150.99,95.22,55.77
ORD-006223,2025-03-08,2025-03-10,CUST-00196,PROD-00138,6,0.2,71.76,55.56,16.2
ORD-006224,2024-08-06,2024-08-09,CUST-00386,PROD-00108,2,0.0,429.26,294.2,135.06
ORD-006225,2025-12-24,2025-12-28,CUST-00496,PROD-00134,3,0.05,1558.78,1150.68,408.1
ORD-006226,2024-09-13,2024-09-16,CUST-00460,PROD-00138,5,0.1,67.28,46.3,20.98
ORD-006227,2024-07-19,2024-07-25,CUST-00164,PROD-00127,2,0.2,131.63,134.84,-3.21
ORD-006228,2024-08-20,2024-08-23,CUST-00394,PROD-00049,6,0.15,2520.62,2379.42,141.2
ORD-006229,2025-11-12,2025-11-16,CUST-00130,PROD-00075,3,0.2,1344.58,1109.16,235.42
ORD-006230,2025-04-15,2025-04-17,CUST-00022,PROD-00017,3,0.0,1614.27,892.41,721.86
ORD-006231,2025-07-07,2025-07-13,CUST-00227,PROD-00164,5,0.0,1137.2,657.75,479.45
ORD-006232,2025-11-22,2025-11-26,CUST-00116,PROD-00149,4,0.3,840.64,674.72,165.92
ORD-006233,2025-11-19,2025-11-25,CUST-00093,PROD-00117,2,0.1,367.36,320.7,46.66
ORD-006234,2025-07-16,2025-07-20,CUST-00121,PROD-00061,2,0.1,352.51,315.9,36.61
ORD-006235,2024-05-31,2024-06-05,CUST-00284,PROD-00142,4,0.3,797.55,976.16,-178.61
ORD-006236,2025-10-09,2025-10-12,CUST-00367,PROD-00073,4,0.1,1422.97,1121.68,301.29
ORD-006237,2024-06-07,2024-06-11,CUST-00362,PROD-00010,2,0.2,714.93,696.62,18.31
ORD-006238,2025-07-20,2025-07-22,CUST-00404,PROD-00058,3,0.05,1400.23,1150.17,250.06
ORD-006239,2025-05-22,2025-05-23,CUST-00203,PROD-00217,2,0.0,1111.22,663.62,447.6
ORD-006240,2025-08-05,2025-08-06,CUST-00503,PROD-00031,6,0.05,941.64,718.02,223.62
ORD-006241,2025-01-25,2025-01-30,CUST-00248,PROD-00088,2,0.1,193.54,118.48,75.06
ORD-006242,2025-04-16,2025-04-22,CUST-00164,PROD-00162,3,0.1,387.02,339.33,47.69
ORD-006243,2025-12-09,2025-12-13,CUST-00319,PROD-00132,5,0.0,1280.0,736.55,543.45
ORD-006244,2024-03-18,2024-03-20,CUST-00552,PROD-00036,3,0.0,1620.06,1103.28,516.78
ORD-006245,2024-09-12,2024-09-18,CUST-00372,PROD-00031,6,0.2,792.96,718.02,74.94
ORD-006246,2025-03-26,2025-03-28,CUST-00106,PROD-00019,2,0.0,476.86,264.68,212.18
ORD-006247,2025-12-14,2025-12-18,CUST-00161,PROD-00050,7,0.1,1615.51,981.33,634.18
ORD-006248,2024-03-14,2024-03-17,CUST-00338,PROD-00138,6,0.0,89.7,55.56,34.14
ORD-006249,2024-01-18,2024-01-21,CUST-00337,PROD-00132,1,0.15,217.6,147.31,70.29
ORD-006250,2024-02-12,2024-02-15,CUST-00063,PROD-00051,1,0.1,68.13,41.58,26.55
ORD-006251,2024-02-10,2024-02-15,CUST-00361,PROD-00183,1,0.0,333.87,219.17,114.7
ORD-006252,2025-11-17,2025-11-20,CUST-00506,PROD-00059,5,0.05,517.94,374.15,143.79
ORD-006253,2025-06-27,2025-07-02,CUST-00292,PROD-00076,2,0.05,469.3,264.94,204.36
ORD-006254,2025-05-16,2025-05-19,CUST-00403,PROD-00154,6,0.0,1398.3,934.5,463.8
ORD-006255,2025-01-17,2025-01-22,CUST-00253,PROD-00127,7,0.0,575.89,471.94,103.95
ORD-006256,2025-08-23,2025-08-29,CUST-00245,PROD-00127,3,0.0,246.81,202.26,44.55
ORD-006257,2024-04-29,2024-04-30,CUST-00452,PROD-00040,4,0.0,1093.4,597.68,495.72
ORD-006258,2024-11-09,2024-11-10,CUST-00521,PROD-00066,3,0.0,665.34,471.96,193.38
ORD-006259,2024-12-26,2025-01-01,CUST-00398,PROD-00213,1,0.0,280.8,227.69,53.11
ORD-006260,2024-03-25,2024-03-31,CUST-00195,PROD-00190,6,0.1,1538.46,1454.76,83.7
ORD-006261,2024-11-23,2024-11-28,CUST-00292,PROD-00084,1,0.15,76.78,74.9,1.88
ORD-006262,2024-09-18,2024-09-23,CUST-00140,PROD-00075,4,0.15,1904.82,1478.88,425.94
ORD-006263,2024-01-28,2024-02-02,CUST-00323,PROD-00010,5,0.05,2122.44,1741.55,380.89
ORD-006264,2024-04-14,2024-04-20,CUST-00516,PROD-00057,6,0.0,1537.14,1097.82,439.32
ORD-006265,2025-08-09,2025-08-15,CUST-00130,PROD-00129,1,0.0,541.06,298.75,242.31
ORD-006266,2024-01-14,2024-01-17,CUST-00564,PROD-00074,5,0.05,2806.54,1868.15,938.39
ORD-006267,2025-11-30,2025-12-01,CUST-00119,PROD-00178,4,0.0,1140.28,811.68,328.6
ORD-006268,2024-03-07,2024-03-08,CUST-00232,PROD-00198,2,0.3,850.7,688.82,161.88
ORD-006269,2025-09-05,2025-09-08,CUST-00563,PROD-00220,4,0.05,251.71,220.56,31.15
ORD-006270,2025-11-13,2025-11-18,CUST-00218,PROD-00208,7,0.05,3038.65,2352.84,685.81
ORD-006271,2025-12-03,2025-12-05,CUST-00524,PROD-00187,1,0.15,254.76,163.22,91.54
ORD-006272,2025-10-27,2025-11-01,CUST-00176,PROD-00171,5,0.0,356.1,214.15,141.95
ORD-006273,2024-08-27,2024-08-30,CUST-00267,PROD-00137,1,0.0,102.18,62.03,40.15
ORD-006274,2024-09-30,2024-10-04,CUST-00144,PROD-00014,3,0.1,1151.58,808.35,343.23
ORD-006275,2024-11-26,2024-11-30,CUST-00150,PROD-00181,2,0.05,663.5,369.78,293.72
ORD-006276,2024-04-16,2024-04-17,CUST-00086,PROD-00053,1,0.15,215.82,211.47,4.35
ORD-006277,2024-01-18,2024-01-21,CUST-00189,PROD-00010,6,0.1,2412.88,2089.86,323.02
ORD-006278,2025-10-29,2025-10-31,CUST-00345,PROD-00219,6,0.0,1281.54,710.16,571.38
ORD-006279,2025-02-11,2025-02-16,CUST-00416,PROD-00012,1,0.15,467.58,348.61,118.97
ORD-006280,2025-03-24,2025-03-27,CUST-00107,PROD-00193,4,0.15,857.24,533.24,324.0
ORD-006281,2025-11-26,2025-11-29,CUST-00279,PROD-00128,5,0.15,1653.63,1531.8,121.83
ORD-006282,2025-05-07,2025-05-11,CUST-00059,PROD-00182,2,0.05,520.87,449.18,71.69
ORD-006283,2025-05-26,2025-06-01,CUST-00560,PROD-00006,3,0.05,1479.78,1044.66,435.12
ORD-006284,2025-08-27,2025-09-02,CUST-00408,PROD-00121,5,0.15,2847.33,1957.65,889.68
ORD-006285,2024-03-30,2024-04-05,CUST-00570,PROD-00194,6,0.15,2237.52,1618.92,618.6
ORD-006286,2024-10-21,2024-10-23,CUST-00265,PROD-00204,2,0.1,765.59,526.5,239.09
ORD-006287,2025-12-16,2025-12-18,CUST-00247,PROD-00168,3,0.0,329.43,194.49,134.94
ORD-006288,2025-11-25,2025-11-30,CUST-00011,PROD-00091,7,0.0,2099.23,1204.56,894.67
ORD-006289,2025-11-06,2025-11-09,CUST-00370,PROD-00202,5,0.1,1829.66,1658.9,170.76
ORD-006290,2024-12-08,2024-12-09,CUST-00420,PROD-00105,2,0.1,625.91,577.6,48.31
ORD-006291,2025-10-19,2025-10-23,CUST-00044,PROD-00026,4,0.15,1443.44,985.2,458.24
ORD-006292,2024-02-07,2024-02-13,CUST-00268,PROD-00090,4,0.05,1136.77,638.92,497.85
ORD-006293,2024-04-24,2024-04-25,CUST-00515,PROD-00208,2,0.0,913.88,672.24,241.64
ORD-006294,2024-11-20,2024-11-25,CUST-00428,PROD-00169,7,0.1,2247.52,1329.02,918.5
ORD-006295,2024-12-23,2024-12-28,CUST-00327,PROD-00178,2,0.05,541.63,405.84,135.79
ORD-006296,2024-08-08,2024-08-10,CUST-00546,PROD-00177,1,0.1,435.92,324.11,111.81
ORD-006297,2024-10-18,2024-10-24,CUST-00530,PROD-00179,4,0.1,849.82,549.76,300.06
ORD-006298,2024-05-04,2024-05-08,CUST-00307,PROD-00191,6,0.0,2738.64,1977.54,761.1
ORD-006299,2024-12-26,2025-01-01,CUST-00047,PROD-00056,3,0.15,1669.66,1193.1,476.56
ORD-006300,2025-09-01,2025-09-02,CUST-00014,PROD-00204,4,0.0,1701.32,1053.0,648.32
ORD-006301,2025-05-04,2025-05-10,CUST-00519,PROD-00039,6,0.3,535.54,584.46,-48.92
ORD-006302,2024-03-23,2024-03-25,CUST-00577,PROD-00025,7,0.0,718.13,464.8,253.33
ORD-006303,2024-12-25,2024-12-26,CUST-00077,PROD-00200,1,0.0,266.69,188.03,78.66
ORD-006304,2025-06-01,2025-06-07,CUST-00097,PROD-00019,6,0.0,1430.58,794.04,636.54
ORD-006305,2025-01-23,2025-01-29,CUST-00090,PROD-00001,3,0.0,121.35,64.2,57.15
ORD-006306,2024-11-09,2024-11-15,CUST-00513,PROD-00123,2,0.0,887.88,750.92,136.96
ORD-006307,2025-04-04,2025-04-08,CUST-00077,PROD-00081,5,0.0,2054.25,1254.4,799.85
ORD-006308,2025-12-16,2025-12-20,CUST-00202,PROD-00078,7,0.05,797.87,694.12,103.75
ORD-006309,2024-03-13,2024-03-17,CUST-00312,PROD-00087,5,0.05,984.06,640.25,343.81
ORD-006310,2024-11-08,2024-11-12,CUST-00599,PROD-00170,2,0.3,130.23,159.48,-29.25
ORD-006311,2024-11-16,2024-11-20,CUST-00364,PROD-00128,4,0.0,1556.36,1225.44,330.92
ORD-006312,2025-02-28,2025-03-02,CUST-00365,PROD-00008,6,0.1,1166.62,772.26,394.36
ORD-006313,2024-04-26,2024-04-29,CUST-00070,PROD-00119,7,0.15,3906.35,2779.21,1127.14
ORD-006314,2024-05-15,2024-05-18,CUST-00120,PROD-00204,6,0.2,2041.58,1579.5,462.08
ORD-006315,2024-08-25,2024-08-31,CUST-00124,PROD-00112,2,0.0,806.08,520.82,285.26
ORD-006316,2025-12-10,2025-12-14,CUST-00386,PROD-00194,1,0.2,350.98,269.82,81.16
ORD-006317,2025-07-11,2025-07-17,CUST-00104,PROD-00041,7,0.0,1225.07,705.95,519.12
ORD-006318,2025-05-04,2025-05-09,CUST-00331,PROD-00176,4,0.15,1403.32,1206.88,196.44
ORD-006319,2025-09-19,2025-09-21,CUST-00084,PROD-00008,3,0.0,648.12,386.13,261.99
ORD-006320,2024-04-07,2024-04-10,CUST-00031,PROD-00035,7,0.05,2339.2,2001.65,337.55
ORD-006321,2025-10-21,2025-10-26,CUST-00024,PROD-00086,6,0.0,2031.78,1537.26,494.52
ORD-006322,2025-03-14,2025-03-18,CUST-00278,PROD-00030,7,0.1,1126.5,1020.88,105.62
ORD-006323,2024-10-02,2024-10-06,CUST-00524,PROD-00135,3,0.0,1524.0,1014.15,509.85
ORD-006324,2025-09-18,2025-09-22,CUST-00035,PROD-00068,2,0.15,757.2,700.7,56.5
ORD-006325,2025-09-08,2025-09-13,CUST-00268,PROD-00053,1,0.0,253.91,211.47,42.44
ORD-006326,2025-10-11,2025-10-14,CUST-00414,PROD-00084,4,0.0,361.32,299.6,61.72
ORD-006327,2024-03-29,2024-03-31,CUST-00458,PROD-00097,4,0.0,1114.6,778.4,336.2
ORD-006328,2025-12-17,2025-12-19,CUST-00460,PROD-00148,7,0.2,2198.5,1805.44,393.06
ORD-006329,2025-12-12,2025-12-15,CUST-00120,PROD-00071,3,0.15,1558.15,1044.84,513.31
ORD-006330,2024-10-19,2024-10-21,CUST-00519,PROD-00215,4,0.1,738.58,694.56,44.02
ORD-006331,2024-02-20,2024-02-22,CUST-00344,PROD-00065,2,0.0,61.08,44.34,16.74
ORD-006332,2024-05-08,2024-05-10,CUST-00290,PROD-00090,4,0.1,1076.94,638.92,438.02
ORD-006333,2025-12-28,2026-01-01,CUST-00416,PROD-00098,2,0.0,1148.66,631.46,517.2
ORD-006334,2025-02-17,2025-02-19,CUST-00354,PROD-00052,3,0.05,609.19,455.55,153.64
ORD-006335,2024-10-19,2024-10-21,CUST-00013,PROD-00125,3,0.0,1101.9,618.87,483.03
ORD-006336,2024-08-27,2024-09-01,CUST-00276,PROD-00191,2,0.0,912.88,659.18,253.7
ORD-006337,2024-08-03,2024-08-09,CUST-00428,PROD-00018,1,0.05,449.88,269.7,180.18
ORD-006338,2025-05-06,2025-05-08,CUST-00511,PROD-00077,2,0.2,292.26,304.14,-11.88
ORD-006339,2024-11-23,2024-11-26,CUST-00103,PROD-00205,3,0.0,1733.04,972.09,760.95
ORD-006340,2025-12-15,2025-12-19,CUST-00131,PROD-00087,2,0.05,393.62,256.1,137.52
ORD-006341,2025-05-21,2025-05-25,CUST-00300,PROD-00146,2,0.1,330.91,307.2,23.71
ORD-006342,2025-08-30,2025-09-04,CUST-00504,PROD-00120,7,0.0,1192.17,765.17,427.0
ORD-006343,2024-08-31,2024-09-05,CUST-00303,PROD-00078,5,0.2,479.92,495.8,-15.88
ORD-006344,2024-03-01,2024-03-04,CUST-00105,PROD-00010,1,0.05,424.49,348.31,76.18
ORD-006345,2024-12-25,2024-12-29,CUST-00327,PROD-00115,3,0.0,246.27,208.2,38.07
ORD-006346,2024-09-16,2024-09-18,CUST-00171,PROD-00212,4,0.0,2361.12,1441.4,919.72
ORD-006347,2024-06-05,2024-06-07,CUST-00387,PROD-00009,4,0.05,528.05,327.32,200.73
ORD-006348,2025-12-09,2025-12-13,CUST-00023,PROD-00179,1,0.1,212.45,137.44,75.01
ORD-006349,2024-12-04,2024-12-08,CUST-00411,PROD-00020,1,0.05,210.78,136.73,74.05
ORD-006350,2024-05-14,2024-05-18,CUST-00029,PROD-00120,2,0.0,340.62,218.62,122.0
ORD-006351,2024-06-01,2024-06-07,CUST-00060,PROD-00139,5,0.0,1161.2,799.85,361.35
ORD-006352,2024-08-21,2024-08-22,CUST-00493,PROD-00080,3,0.1,564.44,350.64,213.8
ORD-006353,2025-12-31,2026-01-01,CUST-00113,PROD-00027,4,0.0,1778.04,1153.88,624.16
ORD-006354,2024-08-12,2024-08-13,CUST-00167,PROD-00087,5,0.0,1035.85,640.25,395.6
ORD-006355,2024-09-27,2024-10-01,CUST-00346,PROD-00215,3,0.0,615.48,520.92,94.56
ORD-006356,2025-05-02,2025-05-04,CUST-00317,PROD-00182,3,0.0,822.42,673.77,148.65
ORD-006357,2024-08-31,2024-09-06,CUST-00490,PROD-00061,1,0.1,176.26,157.95,18.31
ORD-006358,2024-06-20,2024-06-23,CUST-00240,PROD-00152,3,0.1,1074.79,713.7,361.09
ORD-006359,2024-05-01,2024-05-02,CUST-00191,PROD-00152,2,0.05,756.33,475.8,280.53
ORD-006360,2024-09-15,2024-09-20,CUST-00306,PROD-00095,2,0.05,630.61,372.24,258.37
ORD-006361,2024-03-22,2024-03-26,CUST-00349,PROD-00004,2,0.0,61.3,48.6,12.7
ORD-006362,2024-01-15,2024-01-17,CUST-00057,PROD-00213,3,0.0,842.4,683.07,159.33
ORD-006363,2025-09-09,2025-09-13,CUST-00140,PROD-00062,2,0.05,1392.05,794.1,597.95
ORD-006364,2024-04-15,2024-04-21,CUST-00400,PROD-00162,5,0.1,645.03,565.55,79.48
ORD-006365,2025-08-18,2025-08-19,CUST-00051,PROD-00014,6,0.0,2559.06,1616.7,942.36
ORD-006366,2025-09-04,2025-09-07,CUST-00037,PROD-00103,4,0.1,960.08,844.88,115.2
ORD-006367,2025-01-29,2025-01-31,CUST-00539,PROD-00088,1,0.1,96.77,59.24,37.53
ORD-006368,2024-09-13,2024-09-18,CUST-00020,PROD-00141,7,0.05,2427.52,1594.46,833.06
ORD-006369,2024-04-21,2024-04-22,CUST-00327,PROD-00064,4,0.15,1282.55,986.12,296.43
ORD-006370,2025-07-14,2025-07-17,CUST-00296,PROD-00147,6,0.1,3989.14,2396.1,1593.04
ORD-006371,2025-03-19,2025-03-24,CUST-00500,PROD-00170,5,0.05,441.84,398.7,43.14
ORD-006372,2025-04-29,2025-05-02,CUST-00098,PROD-00189,1,0.0,629.4,344.01,285.39
ORD-006373,2024-01-07,2024-01-13,CUST-00076,PROD-00080,4,0.2,668.96,467.52,201.44
ORD-006374,2025-11-27,2025-11-30,CUST-00394,PROD-00087,7,0.0,1450.19,896.35,553.84
ORD-006375,2024-02-20,2024-02-26,CUST-00520,PROD-00051,5,0.0,378.5,207.9,170.6
ORD-006376,2024-10-26,2024-10-31,CUST-00590,PROD-00124,6,0.3,1416.24,1659.84,-243.6
ORD-006377,2024-11-15,2024-11-17,CUST-00565,PROD-00181,1,0.05,331.75,184.89,146.86
ORD-006378,2024-01-02,2024-01-03,CUST-00186,PROD-00037,3,0.05,753.91,671.07,82.84
ORD-006379,2024-12-30,2024-12-31,CUST-00168,PROD-00023,7,0.0,3263.61,2139.62,1123.99
ORD-006380,2025-07-31,2025-08-03,CUST-00293,PROD-00144,7,0.15,949.98,631.82,318.16
ORD-006381,2025-09-23,2025-09-25,CUST-00168,PROD-00029,7,0.0,2658.39,1852.48,805.91
ORD-006382,2025-11-04,2025-11-10,CUST-00366,PROD-00153,4,0.0,2026.12,1507.0,519.12
ORD-006383,2024-12-25,2024-12-26,CUST-00485,PROD-00083,5,0.1,2206.4,1518.35,688.05
ORD-006384,2025-04-10,2025-04-15,CUST-00268,PROD-00121,7,0.05,4455.23,2740.71,1714.52
ORD-006385,2024-03-02,2024-03-07,CUST-00592,PROD-00151,4,0.15,553.28,556.52,-3.24
ORD-006386,2024-12-25,2024-12-30,CUST-00388,PROD-00035,7,0.1,2216.09,2001.65,214.44
ORD-006387,2024-04-28,2024-05-03,CUST-00525,PROD-00165,4,0.1,98.17,66.2,31.97
ORD-006388,2024-10-29,2024-10-30,CUST-00443,PROD-00114,5,0.0,1935.45,1219.7,715.75
ORD-006389,2024-09-28,2024-10-04,CUST-00322,PROD-00177,2,0.05,920.28,648.22,272.06
ORD-006390,2024-11-25,2024-11-27,CUST-00499,PROD-00204,2,0.0,850.66,526.5,324.16
ORD-006391,2025-02-24,2025-03-01,CUST-00109,PROD-00009,5,0.0,694.8,409.15,285.65
ORD-006392,2025-11-15,2025-11-20,CUST-00568,PROD-00056,4,0.15,2226.22,1590.8,635.42
ORD-006393,2024-11-11,2024-11-17,CUST-00388,PROD-00180,3,0.05,965.78,799.71,166.07
ORD-006394,2025-12-22,2025-12-27,CUST-00082,PROD-00084,1,0.0,90.33,74.9,15.43
ORD-006395,2025-08-05,2025-08-11,CUST-00189,PROD-00093,4,0.05,733.36,410.2,323.16
ORD-006396,2025-01-09,2025-01-13,CUST-00197,PROD-00045,2,0.1,194.22,155.9,38.32
ORD-006397,2025-04-21,2025-04-24,CUST-00199,PROD-00048,1,0.0,269.48,181.55,87.93
ORD-006398,2024-03-19,2024-03-23,CUST-00500,PROD-00175,1,0.05,384.28,270.26,114.02
ORD-006399,2025-10-10,2025-10-15,CUST-00380,PROD-00086,1,0.15,287.84,256.21,31.63
ORD-006400,2025-03-04,2025-03-07,CUST-00027,PROD-00169,1,0.3,249.72,189.86,59.86
ORD-006401,2025-12-25,2025-12-27,CUST-00356,PROD-00160,5,0.05,143.21,111.1,32.11
ORD-006402,2025-04-15,2025-04-18,CUST-00549,PROD-00217,7,0.1,3500.34,2322.67,1177.67
ORD-006403,2025-10-02,2025-10-05,CUST-00471,PROD-00197,7,0.0,905.8,631.54,274.26
ORD-006404,2025-09-05,2025-09-09,CUST-00312,PROD-00029,6,0.2,1822.9,1587.84,235.06
ORD-006405,2024-10-10,2024-10-15,CUST-00116,PROD-00071,6,0.0,3666.24,2089.68,1576.56
ORD-006406,2024-08-05,2024-08-09,CUST-00342,PROD-00167,4,0.05,709.69,439.92,269.77
ORD-006407,2024-11-28,2024-11-30,CUST-00079,PROD-00200,3,0.05,760.07,564.09,195.98
ORD-006408,2024-12-15,2024-12-19,CUST-00392,PROD-00020,4,0.15,754.36,546.92,207.44
ORD-006409,2024-07-17,2024-07-20,CUST-00310,PROD-00216,4,0.05,1830.69,1547.08,283.61
ORD-006410,2025-11-11,2025-11-15,CUST-00436,PROD-00206,6,0.0,571.74,345.0,226.74
ORD-006411,2025-02-02,2025-02-04,CUST-00315,PROD-00162,2,0.1,258.01,226.22,31.79
ORD-006412,2025-12-21,2025-12-23,CUST-00082,PROD-00031,2,0.1,297.36,239.34,58.02
ORD-006413,2025-09-13,2025-09-15,CUST-00251,PROD-00131,5,0.05,2501.54,1495.0,1006.54
ORD-006414,2025-02-12,2025-02-17,CUST-00583,PROD-00022,7,0.0,1480.85,1275.47,205.38
ORD-006415,2025-12-06,2025-12-08,CUST-00351,PROD-00051,4,0.0,302.8,166.32,136.48
ORD-006416,2025-01-04,2025-01-06,CUST-00525,PROD-00157,7,0.0,3547.88,2057.79,1490.09
ORD-006417,2025-11-07,2025-11-12,CUST-00118,PROD-00151,4,0.1,585.83,556.52,29.31
ORD-006418,2024-10-20,2024-10-26,CUST-00367,PROD-00178,4,0.05,1083.27,811.68,271.59
ORD-006419,2024-11-03,2024-11-06,CUST-00093,PROD-00198,4,0.0,2430.56,1377.64,1052.92
ORD-006420,2024-11-22,2024-11-25,CUST-00579,PROD-00136,5,0.3,792.78,761.9,30.88
ORD-006421,2025-02-05,2025-02-11,CUST-00563,PROD-00122,2,0.05,76.87,58.22,18.65
ORD-006422,2025-02-10,2025-02-11,CUST-00179,PROD-00197,3,0.0,388.2,270.66,117.54
ORD-006423,2024-12-29,2025-01-01,CUST-00492,PROD-00178,5,0.1,1282.82,1014.6,268.22
ORD-006424,2024-09-10,2024-09-14,CUST-00334,PROD-00024,6,0.05,1305.19,1175.04,130.15
ORD-006425,2025-11-27,2025-12-01,CUST-00569,PROD-00190,7,0.3,1396.01,1697.22,-301.21
ORD-006426,2025-03-09,2025-03-10,CUST-00461,PROD-00197,7,0.2,724.64,631.54,93.1
ORD-006427,2024-11-17,2024-11-21,CUST-00390,PROD-00155,4,0.1,1021.36,750.44,270.92
ORD-006428,2025-04-26,2025-04-28,CUST-00493,PROD-00085,6,0.05,452.98,285.66,167.32
ORD-006429,2025-08-12,2025-08-18,CUST-00261,PROD-00064,2,0.15,641.27,493.06,148.21
ORD-006430,2025-12-13,2025-12-15,CUST-00021,PROD-00016,3,0.05,1941.56,1192.17,749.39
ORD-006431,2024-12-31,2025-01-03,CUST-00259,PROD-00040,4,0.0,1093.4,597.68,495.72
ORD-006432,2024-03-27,2024-04-02,CUST-00511,PROD-00052,3,0.0,641.25,455.55,185.7
ORD-006433,2024-12-03,2024-12-04,CUST-00523,PROD-00209,1,0.3,319.16,347.62,-28.46
ORD-006434,2024-12-21,2024-12-24,CUST-00045,PROD-00029,6,0.0,2278.62,1587.84,690.78
ORD-006435,2025-11-12,2025-11-13,CUST-00504,PROD-00141,3,0.0,1095.12,683.34,411.78
ORD-006436,2024-11-11,2024-11-17,CUST-00547,PROD-00016,1,0.0,681.25,397.39,283.86
ORD-006437,2025-12-09,2025-12-15,CUST-00391,PROD-00151,3,0.0,488.19,417.39,70.8
ORD-006438,2024-12-24,2024-12-25,CUST-00208,PROD-00093,6,0.15,984.25,615.3,368.95
ORD-006439,2025-12-19,2025-12-23,CUST-00258,PROD-00192,4,0.0,295.12,162.88,132.24
ORD-006440,2024-01-07,2024-01-11,CUST-00439,PROD-00037,2,0.15,449.7,447.38,2.32
ORD-006441,2025-11-13,2025-11-16,CUST-00325,PROD-00070,6,0.15,482.15,321.72,160.43
ORD-006442,2025-11-28,2025-12-02,CUST-00271,PROD-00098,7,0.0,4020.31,2210.11,1810.2
ORD-006443,2025-12-13,2025-12-16,CUST-00364,PROD-00069,4,0.0,2839.76,1587.72,1252.04
ORD-006444,2024-01-11,2024-01-15,CUST-00045,PROD-00152,1,0.1,358.26,237.9,120.36
ORD-006445,2024-05-11,2024-05-12,CUST-00122,PROD-00065,5,0.0,152.7,110.85,41.85
ORD-006446,2025-04-28,2025-05-01,CUST-00476,PROD-00067,6,0.1,998.89,766.62,232.27
ORD-006447,2024-01-20,2024-01-21,CUST-00237,PROD-00047,5,0.1,2227.18,1976.05,251.13
ORD-006448,2024-02-18,2024-02-20,CUST-00399,PROD-00024,4,0.2,732.74,783.36,-50.62
ORD-006449,2024-06-26,2024-06-28,CUST-00051,PROD-00168,6,0.05,625.92,388.98,236.94
ORD-006450,2025-01-10,2025-01-16,CUST-00528,PROD-00133,3,0.2,864.89,918.93,-54.04
ORD-006451,2025-02-04,2025-02-08,CUST-00160,PROD-00181,3,0.0,1047.63,554.67,492.96
ORD-006452,2024-01-27,2024-01-31,CUST-00584,PROD-00128,3,0.05,1108.91,919.08,189.83
ORD-006453,2024-05-10,2024-05-13,CUST-00185,PROD-00150,6,0.05,2824.41,2283.12,541.29
ORD-006454,2024-12-31,2025-01-06,CUST-00219,PROD-00013,7,0.05,3911.46,2238.88,1672.58
ORD-006455,2025-03-13,2025-03-17,CUST-00377,PROD-00200,4,0.1,960.08,752.12,207.96
ORD-006456,2024-04-23,2024-04-28,CUST-00097,PROD-00074,7,0.1,3722.36,2615.41,1106.95
ORD-006457,2024-11-13,2024-11-19,CUST-00347,PROD-00169,7,0.3,1748.07,1329.02,419.05
ORD-006458,2025-11-16,2025-11-21,CUST-00553,PROD-00146,4,0.05,698.59,614.4,84.19
ORD-006459,2025-12-31,2026-01-06,CUST-00341,PROD-00160,5,0.05,143.21,111.1,32.11
ORD-006460,2025-12-25,2025-12-28,CUST-00582,PROD-00166,6,0.0,3067.62,2122.8,944.82
ORD-006461,2025-11-05,2025-11-09,CUST-00246,PROD-00050,6,0.05,1461.65,841.14,620.51
ORD-006462,2024-11-11,2024-11-15,CUST-00516,PROD-00026,5,0.15,1804.3,1231.5,572.8
ORD-006463,2025-05-23,2025-05-25,CUST-00364,PROD-00152,3,0.2,955.37,713.7,241.67
ORD-006464,2024-11-21,2024-11-23,CUST-00259,PROD-00191,4,0.1,1643.18,1318.36,324.82
ORD-006465,2025-04-24,2025-04-25,CUST-00073,PROD-00074,3,0.3,1240.79,1120.89,119.9
ORD-006466,2024-09-12,2024-09-16,CUST-00248,PROD-00187,6,0.3,1258.82,979.32,279.5
ORD-006467,2025-03-23,2025-03-27,CUST-00470,PROD-00080,2,0.05,397.2,233.76,163.44
ORD-006468,2025-01-18,2025-01-21,CUST-00179,PROD-00146,7,0.1,1158.19,1075.2,82.99
ORD-006469,2024-01-19,2024-01-24,CUST-00322,PROD-00133,2,0.05,684.7,612.62,72.08
ORD-006470,2025-08-29,2025-09-03,CUST-00547,PROD-00153,2,0.05,962.41,753.5,208.91
ORD-006471,2024-01-10,2024-01-13,CUST-00405,PROD-00039,2,0.0,255.02,194.82,60.2
ORD-006472,2024-08-31,2024-09-04,CUST-00370,PROD-00218,3,0.05,1861.88,1156.26,705.62
ORD-006473,2024-01-05,2024-01-06,CUST-00076,PROD-00057,4,0.05,973.52,731.88,241.64
ORD-006474,2024-11-02,2024-11-08,CUST-00307,PROD-00091,1,0.1,269.9,172.08,97.82
ORD-006475,2024-02-18,2024-02-23,CUST-00240,PROD-00166,2,0.15,869.16,707.6,161.56
ORD-006476,2025-11-20,2025-11-23,CUST-00593,PROD-00165,2,0.05,51.81,33.1,18.71
ORD-006477,2024-11-21,2024-11-27,CUST-00584,PROD-00043,3,0.3,789.6,757.65,31.95
ORD-006478,2024-12-12,2024-12-18,CUST-00216,PROD-00191,6,0.0,2738.64,1977.54,761.1
ORD-006479,2024-10-13,2024-10-19,CUST-00491,PROD-00104,3,0.1,581.96,545.28,36.68
ORD-006480,2025-04-08,2025-04-12,CUST-00511,PROD-00067,5,0.05,878.66,638.85,239.81
ORD-006481,2025-08-25,2025-08-27,CUST-00532,PROD-00103,4,0.0,1066.76,844.88,221.88
ORD-006482,2025-04-24,2025-04-30,CUST-00459,PROD-00120,5,0.0,851.55,546.55,305.0
ORD-006483,2025-07-26,2025-07-30,CUST-00339,PROD-00128,4,0.2,1245.09,1225.44,19.65
ORD-006484,2025-11-16,2025-11-22,CUST-00246,PROD-00138,4,0.15,50.83,37.04,13.79
ORD-006485,2025-10-24,2025-10-25,CUST-00365,PROD-00134,2,0.0,1093.88,767.12,326.76
ORD-006486,2025-05-14,2025-05-15,CUST-00387,PROD-00024,3,0.0,686.94,587.52,99.42
ORD-006487,2024-06-19,2024-06-25,CUST-00352,PROD-00077,2,0.0,365.32,304.14,61.18
ORD-006488,2025-04-16,2025-04-20,CUST-00196,PROD-00060,7,0.15,1415.03,1009.75,405.28
ORD-006489,2025-01-05,2025-01-07,CUST-00331,PROD-00039,5,0.0,637.55,487.05,150.5
ORD-006490,2025-06-22,2025-06-26,CUST-00233,PROD-00098,5,0.0,2871.65,1578.65,1293.0
ORD-006491,2025-10-01,2025-10-02,CUST-00526,PROD-00155,3,0.0,851.13,562.83,288.3
ORD-006492,2025-07-20,2025-07-23,CUST-00526,PROD-00175,3,0.1,1092.15,810.78,281.37
ORD-006493,2025-10-11,2025-10-17,CUST-00552,PROD-00156,4,0.3,140.95,110.16,30.79
ORD-006494,2024-02-19,2024-02-20,CUST-00203,PROD-00128,4,0.0,1556.36,1225.44,330.92
ORD-006495,2024-01-25,2024-01-30,CUST-00561,PROD-00213,2,0.05,533.52,455.38,78.14
ORD-006496,2024-08-04,2024-08-08,CUST-00422,PROD-00220,6,0.0,397.44,330.84,66.6
ORD-006497,2025-11-14,2025-11-18,CUST-00379,PROD-00118,2,0.0,144.42,111.26,33.16
ORD-006498,2025-09-24,2025-09-29,CUST-00522,PROD-00081,7,0.15,2444.56,1756.16,688.4
ORD-006499,2025-05-20,2025-05-21,CUST-00534,PROD-00056,2,0.0,1309.54,795.4,514.14
ORD-006500,2025-06-04,2025-06-05,CUST-00550,PROD-00186,1,0.1,454.25,318.8,135.45
ORD-006501,2025-07-03,2025-07-09,CUST-00549,PROD-00185,2,0.0,1005.96,772.14,233.82
ORD-006502,2025-12-04,2025-12-05,CUST-00503,PROD-00195,7,0.0,4506.74,2744.49,1762.25
ORD-006503,2025-09-30,2025-10-06,CUST-00322,PROD-00189,2,0.15,1069.98,688.02,381.96
ORD-006504,2025-04-05,2025-04-07,CUST-00228,PROD-00005,1,0.05,305.94,276.9,29.04
ORD-006505,2025-05-07,2025-05-09,CUST-00365,PROD-00024,3,0.0,686.94,587.52,99.42
ORD-006506,2024-06-18,2024-06-20,CUST-00089,PROD-00022,4,0.0,846.2,728.84,117.36
ORD-006507,2025-05-01,2025-05-03,CUST-00280,PROD-00205,1,0.0,577.68,324.03,253.65
ORD-006508,2024-11-25,2024-11-28,CUST-00072,PROD-00060,4,0.1,856.15,577.0,279.15
ORD-006509,2024-04-27,2024-04-29,CUST-00301,PROD-00137,4,0.15,347.41,248.12,99.29
ORD-006510,2025-09-10,2025-09-13,CUST-00030,PROD-00027,3,0.0,1333.53,865.41,468.12
ORD-006511,2025-01-08,2025-01-14,CUST-00098,PROD-00070,5,0.0,472.7,268.1,204.6
ORD-006512,2025-12-21,2025-12-27,CUST-00548,PROD-00046,6,0.2,685.25,593.52,91.73
ORD-006513,2024-08-22,2024-08-24,CUST-00207,PROD-00089,3,0.2,544.25,440.58,103.67
ORD-006514,2024-12-22,2024-12-27,CUST-00366,PROD-00206,6,0.0,571.74,345.0,226.74
ORD-006515,2024-12-06,2024-12-12,CUST-00311,PROD-00139,2,0.0,464.48,319.94,144.54
ORD-006516,2024-04-02,2024-04-03,CUST-00364,PROD-00081,6,0.15,2095.34,1505.28,590.06
ORD-006517,2024-11-26,2024-12-02,CUST-00545,PROD-00102,5,0.05,1156.72,922.25,234.47
ORD-006518,2024-08-27,2024-09-02,CUST-00490,PROD-00215,7,0.15,1220.7,1215.48,5.22
ORD-006519,2024-05-03,2024-05-06,CUST-00052,PROD-00041,4,0.0,700.04,403.4,296.64
ORD-006520,2024-08-22,2024-08-26,CUST-00037,PROD-00123,1,0.0,443.94,375.46,68.48
ORD-006521,2024-07-09,2024-07-15,CUST-00409,PROD-00119,6,0.0,3939.18,2382.18,1557.0
ORD-006522,2025-07-11,2025-07-12,CUST-00548,PROD-00046,6,0.15,728.08,593.52,134.56
ORD-006523,2024-01-24,2024-01-25,CUST-00397,PROD-00056,3,0.1,1767.88,1193.1,574.78
ORD-006524,2025-03-31,2025-04-01,CUST-00540,PROD-00104,2,0.05,409.53,363.52,46.01
ORD-006525,2025-08-06,2025-08-08,CUST-00511,PROD-00195,5,0.0,3219.1,1960.35,1258.75
ORD-006526,2024-12-22,2024-12-23,CUST-00083,PROD-00024,1,0.15,194.63,195.84,-1.21
ORD-006527,2025-11-29,2025-11-30,CUST-00440,PROD-00122,6,0.0,242.76,174.66,68.1
ORD-006528,2025-06-12,2025-06-18,CUST-00019,PROD-00009,1,0.0,138.96,81.83,57.13
ORD-006529,2025-07-26,2025-07-28,CUST-00102,PROD-00173,5,0.1,1205.01,1105.35,99.66
ORD-006530,2024-05-31,2024-06-04,CUST-00140,PROD-00039,6,0.05,726.81,584.46,142.35
ORD-006531,2025-08-19,2025-08-24,CUST-00136,PROD-00166,5,0.0,2556.35,1769.0,787.35
ORD-006532,2025-09-30,2025-10-02,CUST-00183,PROD-00009,4,0.15,472.46,327.32,145.14
ORD-006533,2024-10-22,2024-10-23,CUST-00167,PROD-00181,7,0.15,2077.8,1294.23,783.57
ORD-006534,2024-06-17,2024-06-19,CUST-00576,PROD-00026,5,0.15,1804.3,1231.5,572.8
ORD-006535,2024-11-06,2024-11-08,CUST-00501,PROD-00163,5,0.2,238.32,162.8,75.52
ORD-006536,2025-07-17,2025-07-20,CUST-00076,PROD-00033,2,0.0,335.46,229.74,105.72
ORD-006537,2024-11-22,2024-11-28,CUST-00448,PROD-00106,6,0.0,201.6,131.64,69.96
ORD-006538,2025-07-14,2025-07-20,CUST-00120,PROD-00048,4,0.0,1077.92,726.2,351.72
ORD-006539,2024-03-28,2024-04-03,CUST-00377,PROD-00129,4,0.0,2164.24,1195.0,969.24
ORD-006540,2025-09-10,2025-09-16,CUST-00205,PROD-00065,7,0.0,213.78,155.19,58.59
ORD-006541,2024-07-31,2024-08-04,CUST-00325,PROD-00122,1,0.15,34.39,29.11,5.28
ORD-006542,2024-07-26,2024-07-31,CUST-00346,PROD-00192,1,0.0,73.78,40.72,33.06
ORD-006543,2025-03-10,2025-03-16,CUST-00378,PROD-00177,7,0.0,3390.52,2268.77,1121.75
ORD-006544,2024-02-23,2024-02-26,CUST-00193,PROD-00007,6,0.0,1322.88,853.92,468.96
ORD-006545,2024-01-21,2024-01-23,CUST-00004,PROD-00001,1,0.1,36.4,21.4,15.0
ORD-006546,2024-08-06,2024-08-07,CUST-00461,PROD-00081,2,0.0,821.7,501.76,319.94
ORD-006547,2025-01-29,2025-01-31,CUST-00477,PROD-00193,3,0.05,718.57,399.93,318.64
ORD-006548,2025-11-17,2025-11-18,CUST-00221,PROD-00172,4,0.15,479.88,388.56,91.32
ORD-006549,2025-10-11,2025-10-13,CUST-00169,PROD-00081,7,0.1,2588.36,1756.16,832.2
ORD-006550,2024-12-27,2024-12-31,CUST-00073,PROD-00076,4,0.2,790.4,529.88,260.52
ORD-006551,2024-01-29,2024-02-04,CUST-00118,PROD-00189,4,0.1,2265.84,1376.04,889.8
ORD-006552,2025-01-27,2025-01-30,CUST-00481,PROD-00056,5,0.0,3273.85,1988.5,1285.35
ORD-006553,2025-06-09,2025-06-10,CUST-00121,PROD-00004,2,0.0,61.3,48.6,12.7
ORD-006554,2024-10-05,2024-10-08,CUST-00023,PROD-00169,2,0.3,499.45,379.72,119.73
ORD-006555,2024-03-26,2024-04-01,CUST-00231,PROD-00189,4,0.0,2517.6,1376.04,1141.56
ORD-006556,2024-08-20,2024-08-25,CUST-00407,PROD-00102,2,0.05,462.69,368.9,93.79
ORD-006557,2025-08-15,2025-08-20,CUST-00246,PROD-00058,6,0.1,2653.07,2300.34,352.73
ORD-006558,2024-10-14,2024-10-18,CUST-00162,PROD-00100,1,0.0,192.01,107.83,84.18
ORD-006559,2025-09-15,2025-09-17,CUST-00529,PROD-00180,4,0.15,1152.16,1066.28,85.88
ORD-006560,2024-09-20,2024-09-25,CUST-00338,PROD-00220,2,0.0,132.48,110.28,22.2
ORD-006561,2024-05-05,2024-05-11,CUST-00556,PROD-00146,6,0.1,992.74,921.6,71.14
ORD-006562,2024-11-30,2024-12-01,CUST-00561,PROD-00098,6,0.15,2929.08,1894.38,1034.7
ORD-006563,2024-12-08,2024-12-10,CUST-00568,PROD-00192,4,0.15,250.85,162.88,87.97
ORD-006564,2024-01-13,2024-01-17,CUST-00516,PROD-00208,4,0.0,1827.76,1344.48,483.28
ORD-006565,2024-03-30,2024-03-31,CUST-00016,PROD-00151,1,0.05,154.59,139.13,15.46
ORD-006566,2024-05-21,2024-05-24,CUST-00320,PROD-00175,5,0.05,1921.38,1351.3,570.08
ORD-006567,2024-03-28,2024-03-31,CUST-00089,PROD-00004,6,0.0,183.9,145.8,38.1
ORD-006568,2024-10-07,2024-10-13,CUST-00397,PROD-00185,4,0.0,2011.92,1544.28,467.64
ORD-006569,2025-12-15,2025-12-17,CUST-00458,PROD-00166,3,0.0,1533.81,1061.4,472.41
ORD-006570,2025-01-07,2025-01-11,CUST-00374,PROD-00181,3,0.0,1047.63,554.67,492.96
ORD-006571,2025-04-08,2025-04-12,CUST-00346,PROD-00082,5,0.05,1408.99,1146.3,262.69
ORD-006572,2024-10-18,2024-10-24,CUST-00398,PROD-00105,4,0.0,1390.92,1155.2,235.72
ORD-006573,2024-09-23,2024-09-27,CUST-00540,PROD-00023,4,0.15,1585.18,1222.64,362.54
ORD-006574,2024-01-18,2024-01-24,CUST-00318,PROD-00026,6,0.0,2547.24,1477.8,1069.44
ORD-006575,2024-12-31,2025-01-03,CUST-00580,PROD-00006,7,0.0,3634.54,2437.54,1197.0
ORD-006576,2024-12-23,2024-12-25,CUST-00543,PROD-00089,4,0.05,861.73,587.44,274.29
ORD-006577,2024-05-01,2024-05-07,CUST-00207,PROD-00104,3,0.05,614.29,545.28,69.01
ORD-006578,2025-08-09,2025-08-15,CUST-00459,PROD-00145,6,0.0,551.22,394.8,156.42
ORD-006579,2024-12-28,2025-01-02,CUST-00381,PROD-00097,4,0.05,1058.87,778.4,280.47
ORD-006580,2024-10-05,2024-10-08,CUST-00502,PROD-00002,2,0.15,752.23,750.3,1.93
ORD-006581,2024-04-22,2024-04-23,CUST-00216,PROD-00190,7,0.0,1994.3,1697.22,297.08
ORD-006582,2025-02-09,2025-02-11,CUST-00522,PROD-00201,2,0.0,1089.78,705.78,384.0
ORD-006583,2025-07-31,2025-08-04,CUST-00069,PROD-00109,4,0.0,78.56,64.84,13.72
ORD-006584,2024-08-22,2024-08-28,CUST-00107,PROD-00165,7,0.15,162.26,115.85,46.41
ORD-006585,2024-06-23,2024-06-26,CUST-00109,PROD-00198,7,0.2,3402.78,2410.87,991.91
ORD-006586,2025-01-17,2025-01-22,CUST-00394,PROD-00041,4,0.0,700.04,403.4,296.64
ORD-006587,2024-04-29,2024-04-30,CUST-00394,PROD-00046,1,0.0,142.76,98.92,43.84
ORD-006588,2025-05-08,2025-05-12,CUST-00300,PROD-00220,4,0.1,238.46,220.56,17.9
ORD-006589,2025-03-22,2025-03-28,CUST-00153,PROD-00013,7,0.15,3499.73,2238.88,1260.85
ORD-006590,2024-03-07,2024-03-12,CUST-00158,PROD-00014,2,0.05,810.37,538.9,271.47
ORD-006591,2024-01-29,2024-02-01,CUST-00515,PROD-00178,5,0.3,997.74,1014.6,-16.86
ORD-006592,2025-04-02,2025-04-06,CUST-00270,PROD-00089,7,0.15,1349.28,1028.02,321.26
ORD-006593,2024-09-01,2024-09-03,CUST-00448,PROD-00135,6,0.1,2743.2,2028.3,714.9
ORD-006594,2024-03-07,2024-03-11,CUST-00374,PROD-00196,1,0.2,281.19,227.42,53.77
ORD-006595,2025-08-05,2025-08-07,CUST-00559,PROD-00118,1,0.15,61.38,55.63,5.75
ORD-006596,2024-09-16,2024-09-22,CUST-00515,PROD-00140,3,0.0,934.17,779.37,154.8
ORD-006597,2024-12-12,2024-12-16,CUST-00039,PROD-00039,2,0.0,255.02,194.82,60.2
ORD-006598,2024-07-13,2024-07-18,CUST-00206,PROD-00071,1,0.05,580.49,348.28,232.21
ORD-006599,2025-04-08,2025-04-11,CUST-00208,PROD-00149,4,0.05,1140.87,674.72,466.15
ORD-006600,2024-09-06,2024-09-08,CUST-00271,PROD-00181,2,0.1,628.58,369.78,258.8
ORD-006601,2025-12-16,2025-12-20,CUST-00345,PROD-00149,4,0.15,1020.78,674.72,346.06
ORD-006602,2025-06-07,2025-06-13,CUST-00338,PROD-00117,3,0.0,612.27,481.05,131.22
ORD-006603,2024-04-14,2024-04-19,CUST-00486,PROD-00018,3,0.1,1278.61,809.1,469.51
ORD-006604,2024-11-21,2024-11-24,CUST-00406,PROD-00008,3,0.15,550.9,386.13,164.77
ORD-006605,2024-11-06,2024-11-10,CUST-00291,PROD-00130,3,0.0,868.32,496.17,372.15
ORD-006606,2025-01-26,2025-01-31,CUST-00264,PROD-00191,4,0.0,1825.76,1318.36,507.4
ORD-006607,2025-10-08,2025-10-14,CUST-00538,PROD-00081,5,0.0,2054.25,1254.4,799.85
ORD-006608,2025-03-05,2025-03-08,CUST-00018,PROD-00069,4,0.15,2413.8,1587.72,826.08
ORD-006609,2024-02-17,2024-02-20,CUST-00310,PROD-00015,6,0.05,2702.88,2398.62,304.26
ORD-006610,2025-04-29,2025-05-02,CUST-00432,PROD-00066,1,0.0,221.78,157.32,64.46
ORD-006611,2024-01-07,2024-01-11,CUST-00017,PROD-00002,1,0.15,376.12,375.15,0.97
ORD-006612,2025-08-21,2025-08-24,CUST-00267,PROD-00005,6,0.0,1932.24,1661.4,270.84
ORD-006613,2025-05-08,2025-05-13,CUST-00443,PROD-00122,6,0.0,242.76,174.66,68.1
ORD-006614,2024-09-12,2024-09-14,CUST-00358,PROD-00026,5,0.05,2016.56,1231.5,785.06
ORD-006615,2024-08-30,2024-08-31,CUST-00042,PROD-00048,1,0.0,269.48,181.55,87.93
ORD-006616,2025-09-04,2025-09-07,CUST-00187,PROD-00063,3,0.15,843.64,813.75,29.89
ORD-006617,2025-08-24,2025-08-25,CUST-00149,PROD-00182,7,0.0,1918.98,1572.13,346.85
ORD-006618,2024-10-15,2024-10-19,CUST-00575,PROD-00126,3,0.2,1250.81,915.63,335.18
ORD-006619,2024-09-04,2024-09-06,CUST-00207,PROD-00161,7,0.0,1379.42,802.2,577.22
ORD-006620,2025-02-15,2025-02-20,CUST-00512,PROD-00061,1,0.0,195.84,157.95,37.89
ORD-006621,2024-01-07,2024-01-10,CUST-00063,PROD-00134,7,0.0,3828.58,2684.92,1143.66
ORD-006622,2024-03-04,2024-03-07,CUST-00483,PROD-00115,5,0.05,389.93,347.0,42.93
ORD-006623,2024-04-06,2024-04-07,CUST-00308,PROD-00046,2,0.2,228.42,197.84,30.58
ORD-006624,2024-05-22,2024-05-28,CUST-00333,PROD-00098,5,0.0,2871.65,1578.65,1293.0
ORD-006625,2025-01-09,2025-01-12,CUST-00213,PROD-00135,1,0.15,431.8,338.05,93.75
ORD-006626,2025-12-28,2025-12-31,CUST-00342,PROD-00162,6,0.3,602.03,678.66,-76.63
ORD-006627,2025-04-27,2025-04-29,CUST-00093,PROD-00034,4,0.05,383.91,225.2,158.71
ORD-006628,2024-02-17,2024-02-23,CUST-00113,PROD-00112,4,0.2,1289.73,1041.64,248.09
ORD-006629,2025-01-20,2025-01-23,CUST-00045,PROD-00032,5,0.3,1004.29,1178.65,-174.36
ORD-006630,2024-12-30,2025-01-04,CUST-00583,PROD-00023,1,0.3,326.36,305.66,20.7
ORD-006631,2024-04-20,2024-04-23,CUST-00195,PROD-00063,6,0.05,1885.79,1627.5,258.29
ORD-006632,2025-11-23,2025-11-24,CUST-00591,PROD-00036,5,0.2,2160.08,1838.8,321.28
ORD-006633,2024-12-03,2024-12-04,CUST-00496,PROD-00017,1,0.05,511.19,297.47,213.72
ORD-006634,2025-12-29,2025-12-31,CUST-00494,PROD-00059,7,0.2,610.62,523.81,86.81
ORD-006635,2024-11-23,2024-11-26,CUST-00261,PROD-00055,2,0.05,574.22,433.84,140.38
ORD-006636,2025-03-24,2025-03-26,CUST-00442,PROD-00003,2,0.05,181.56,157.12,24.44
ORD-006637,2024-03-21,2024-03-27,CUST-00146,PROD-00135,5,0.0,2540.0,1690.25,849.75
ORD-006638,2024-12-09,2024-12-11,CUST-00479,PROD-00053,5,0.05,1206.07,1057.35,148.72
ORD-006639,2024-07-15,2024-07-18,CUST-00516,PROD-00060,5,0.15,1010.73,721.25,289.48
ORD-006640,2025-10-03,2025-10-06,CUST-00466,PROD-00210,6,0.0,173.7,126.06,47.64
ORD-006641,2025-08-24,2025-08-25,CUST-00145,PROD-00164,5,0.2,909.76,657.75,252.01
ORD-006642,2025-09-24,2025-09-30,CUST-00044,PROD-00107,5,0.05,1192.87,725.4,467.47
ORD-006643,2025-06-29,2025-07-05,CUST-00018,PROD-00080,7,0.1,1317.02,818.16,498.86
ORD-006644,2025-10-01,2025-10-04,CUST-00294,PROD-00157,5,0.2,2027.36,1469.85,557.51
ORD-006645,2024-06-04,2024-06-09,CUST-00457,PROD-00130,3,0.0,868.32,496.17,372.15
ORD-006646,2024-12-08,2024-12-14,CUST-00238,PROD-00130,5,0.0,1447.2,826.95,620.25
ORD-006647,2025-05-27,2025-05-31,CUST-00150,PROD-00059,2,0.0,218.08,149.66,68.42
ORD-006648,2025-04-15,2025-04-21,CUST-00014,PROD-00030,7,0.15,1063.92,1020.88,43.04
ORD-006649,2025-06-21,2025-06-27,CUST-00238,PROD-00027,4,0.0,1778.04,1153.88,624.16
ORD-006650,2024-06-29,2024-07-05,CUST-00074,PROD-00178,2,0.0,570.14,405.84,164.3
ORD-006651,2024-03-16,2024-03-18,CUST-00395,PROD-00191,2,0.0,912.88,659.18,253.7
ORD-006652,2025-11-22,2025-11-26,CUST-00394,PROD-00182,7,0.0,1918.98,1572.13,346.85
ORD-006653,2025-02-15,2025-02-17,CUST-00485,PROD-00101,7,0.0,3890.67,2199.54,1691.13
ORD-006654,2024-04-28,2024-05-03,CUST-00449,PROD-00029,2,0.0,759.54,529.28,230.26
ORD-006655,2025-09-01,2025-09-06,CUST-00529,PROD-00164,1,0.05,216.07,131.55,84.52
ORD-006656,2025-11-21,2025-11-23,CUST-00322,PROD-00210,4,0.0,115.8,84.04,31.76
ORD-006657,2024-05-10,2024-05-13,CUST-00327,PROD-00075,7,0.2,3137.34,2588.04,549.3
ORD-006658,2025-09-19,2025-09-20,CUST-00440,PROD-00121,2,0.15,1138.93,783.06,355.87
ORD-006659,2025-11-29,2025-12-01,CUST-00554,PROD-00074,2,0.05,1122.62,747.26,375.36
ORD-006660,2025-12-02,2025-12-03,CUST-00229,PROD-00171,6,0.1,384.59,256.98,127.61
ORD-006661,2025-11-20,2025-11-21,CUST-00563,PROD-00217,6,0.05,3166.98,1990.86,1176.12
ORD-006662,2025-02-05,2025-02-06,CUST-00124,PROD-00117,7,0.0,1428.63,1122.45,306.18
ORD-006663,2024-10-18,2024-10-24,CUST-00374,PROD-00063,4,0.2,1058.69,1085.0,-26.31
ORD-006664,2024-01-06,2024-01-11,CUST-00168,PROD-00095,5,0.0,1659.5,930.6,728.9
ORD-006665,2024-02-16,2024-02-19,CUST-00395,PROD-00218,3,0.0,1959.87,1156.26,803.61
ORD-006666,2024-11-27,2024-12-03,CUST-00551,PROD-00042,5,0.0,2824.8,1708.3,1116.5
ORD-006667,2024-11-13,2024-11-18,CUST-00462,PROD-00123,1,0.0,443.94,375.46,68.48
ORD-006668,2024-05-21,2024-05-24,CUST-00518,PROD-00127,5,0.05,390.78,337.1,53.68
ORD-006669,2024-11-11,2024-11-14,CUST-00079,PROD-00035,2,0.0,703.52,571.9,131.62
ORD-006670,2024-05-14,2024-05-20,CUST-00133,PROD-00031,2,0.05,313.88,239.34,74.54
ORD-006671,2025-10-13,2025-10-17,CUST-00343,PROD-00181,4,0.0,1396.84,739.56,657.28
ORD-006672,2024-09-04,2024-09-06,CUST-00288,PROD-00053,1,0.0,253.91,211.47,42.44
ORD-006673,2025-03-17,2025-03-20,CUST-00226,PROD-00077,1,0.05,173.53,152.07,21.46
ORD-006674,2025-01-02,2025-01-08,CUST-00545,PROD-00154,2,0.1,419.49,311.5,107.99
ORD-006675,2024-02-09,2024-02-11,CUST-00419,PROD-00025,4,0.0,410.36,265.6,144.76
ORD-006676,2025-12-04,2025-12-05,CUST-00120,PROD-00201,5,0.15,2315.78,1764.45,551.33
ORD-006677,2025-01-21,2025-01-23,CUST-00254,PROD-00111,7,0.15,654.44,620.41,34.03
ORD-006678,2024-09-24,2024-09-27,CUST-00387,PROD-00137,4,0.15,347.41,248.12,99.29
ORD-006679,2024-05-01,2024-05-05,CUST-00404,PROD-00004,6,0.15,156.31,145.8,10.51
ORD-006680,2024-10-05,2024-10-08,CUST-00216,PROD-00159,3,0.05,1311.71,1148.97,162.74
ORD-006681,2024-01-16,2024-01-18,CUST-00373,PROD-00017,6,0.0,3228.54,1784.82,1443.72
ORD-006682,2024-10-24,2024-10-29,CUST-00444,PROD-00219,1,0.1,192.23,118.36,73.87
ORD-006683,2025-01-24,2025-01-25,CUST-00234,PROD-00162,7,0.1,903.04,791.77,111.27
ORD-006684,2025-10-31,2025-11-06,CUST-00174,PROD-00163,4,0.15,202.57,130.24,72.33
ORD-006685,2025-05-24,2025-05-29,CUST-00232,PROD-00076,5,0.3,864.5,662.35,202.15
ORD-006686,2024-03-26,2024-03-31,CUST-00236,PROD-00067,7,0.2,1035.89,894.39,141.5
ORD-006687,2024-04-23,2024-04-28,CUST-00119,PROD-00190,6,0.0,1709.4,1454.76,254.64
ORD-006688,2024-11-27,2024-11-29,CUST-00079,PROD-00066,3,0.0,665.34,471.96,193.38
ORD-006689,2024-05-30,2024-05-31,CUST-00266,PROD-00077,4,0.0,730.64,608.28,122.36
ORD-006690,2024-01-22,2024-01-25,CUST-00520,PROD-00093,1,0.0,192.99,102.55,90.44
ORD-006691,2025-09-09,2025-09-14,CUST-00421,PROD-00064,3,0.15,961.91,739.59,222.32
ORD-006692,2024-01-15,2024-01-17,CUST-00246,PROD-00159,3,0.1,1242.68,1148.97,93.71
ORD-006693,2025-09-29,2025-10-03,CUST-00335,PROD-00215,1,0.05,194.9,173.64,21.26
ORD-006694,2024-04-20,2024-04-25,CUST-00117,PROD-00080,7,0.3,1024.34,818.16,206.18
ORD-006695,2025-12-19,2025-12-22,CUST-00552,PROD-00171,5,0.05,338.3,214.15,124.15
ORD-006696,2025-03-21,2025-03-27,CUST-00583,PROD-00140,1,0.1,280.25,259.79,20.46
ORD-006697,2025-07-12,2025-07-13,CUST-00174,PROD-00188,5,0.0,1438.65,917.3,521.35
ORD-006698,2024-03-25,2024-03-31,CUST-00319,PROD-00030,1,0.0,178.81,145.84,32.97
ORD-006699,2025-10-23,2025-10-24,CUST-00341,PROD-00071,5,0.15,2596.92,1741.4,855.52
ORD-006700,2025-10-06,2025-10-09,CUST-00444,PROD-00034,7,0.05,671.85,394.1,277.75
ORD-006701,2025-04-27,2025-05-02,CUST-00076,PROD-00078,1,0.05,113.98,99.16,14.82
ORD-006702,2025-01-02,2025-01-03,CUST-00280,PROD-00024,3,0.05,652.59,587.52,65.07
ORD-006703,2025-06-27,2025-06-28,CUST-00536,PROD-00194,7,0.1,2764.0,1888.74,875.26
ORD-006704,2024-01-05,2024-01-07,CUST-00109,PROD-00103,4,0.05,1013.42,844.88,168.54
ORD-006705,2025-03-12,2025-03-18,CUST-00318,PROD-00085,5,0.0,397.35,238.05,159.3
ORD-006706,2025-10-12,2025-10-17,CUST-00401,PROD-00060,2,0.0,475.64,288.5,187.14
ORD-006707,2024-10-19,2024-10-21,CUST-00365,PROD-00149,1,0.0,300.23,168.68,131.55
ORD-006708,2024-03-24,2024-03-25,CUST-00319,PROD-00187,2,0.15,509.52,326.44,183.08
ORD-006709,2024-11-23,2024-11-25,CUST-00353,PROD-00099,2,0.3,692.13,532.42,159.71
ORD-006710,2025-07-03,2025-07-08,CUST-00205,PROD-00053,6,0.3,1066.42,1268.82,-202.4
ORD-006711,2024-03-23,2024-03-29,CUST-00543,PROD-00194,2,0.05,833.59,539.64,293.95
ORD-006712,2024-06-09,2024-06-10,CUST-00023,PROD-00185,3,0.3,1056.26,1158.21,-101.95
ORD-006713,2024-04-23,2024-04-28,CUST-00049,PROD-00168,6,0.15,560.03,388.98,171.05
ORD-006714,2025-09-03,2025-09-05,CUST-00392,PROD-00135,1,0.05,482.6,338.05,144.55
ORD-006715,2024-02-18,2024-02-20,CUST-00229,PROD-00181,1,0.05,331.75,184.89,146.86
ORD-006716,2025-05-23,2025-05-28,CUST-00314,PROD-00109,2,0.3,27.5,32.42,-4.92
ORD-006717,2024-10-26,2024-11-01,CUST-00388,PROD-00089,5,0.0,1133.85,734.3,399.55
ORD-006718,2025-08-03,2025-08-06,CUST-00600,PROD-00088,1,0.0,107.52,59.24,48.28
ORD-006719,2025-12-14,2025-12-20,CUST-00329,PROD-00183,2,0.05,634.35,438.34,196.01
ORD-006720,2024-03-28,2024-04-01,CUST-00005,PROD-00047,4,0.3,1385.8,1580.84,-195.04
ORD-006721,2024-09-16,2024-09-17,CUST-00227,PROD-00142,4,0.15,968.46,976.16,-7.7
ORD-006722,2025-09-13,2025-09-14,CUST-00564,PROD-00012,1,0.05,522.59,348.61,173.98
ORD-006723,2024-08-10,2024-08-11,CUST-00011,PROD-00016,5,0.15,2895.31,1986.95,908.36
ORD-006724,2024-06-19,2024-06-22,CUST-00123,PROD-00008,1,0.05,205.24,128.71,76.53
ORD-006725,2025-09-25,2025-09-29,CUST-00407,PROD-00190,7,0.2,1595.44,1697.22,-101.78
ORD-006726,2025-12-25,2025-12-27,CUST-00379,PROD-00023,1,0.05,442.92,305.66,137.26
ORD-006727,2025-02-13,2025-02-15,CUST-00231,PROD-00210,2,0.1,52.11,42.02,10.09
ORD-006728,2024-08-19,2024-08-22,CUST-00339,PROD-00034,2,0.1,181.85,112.6,69.25
ORD-006729,2024-11-13,2024-11-17,CUST-00479,PROD-00043,3,0.0,1128.0,757.65,370.35
ORD-006730,2024-05-10,2024-05-11,CUST-00495,PROD-00215,1,0.1,184.64,173.64,11.0
ORD-006731,2025-08-07,2025-08-08,CUST-00271,PROD-00026,5,0.0,2122.7,1231.5,891.2
ORD-006732,2025-08-16,2025-08-20,CUST-00480,PROD-00030,2,0.05,339.74,291.68,48.06
ORD-006733,2025-11-02,2025-11-06,CUST-00572,PROD-00001,3,0.05,115.28,64.2,51.08
ORD-006734,2024-01-21,2024-01-24,CUST-00091,PROD-00205,3,0.05,1646.39,972.09,674.3
ORD-006735,2025-02-17,2025-02-19,CUST-00381,PROD-00153,3,0.05,1443.61,1130.25,313.36
ORD-006736,2024-06-18,2024-06-21,CUST-00357,PROD-00157,1,0.1,456.16,293.97,162.19
ORD-006737,2024-10-06,2024-10-10,CUST-00257,PROD-00081,7,0.2,2300.76,1756.16,544.6
ORD-006738,2025-08-25,2025-08-29,CUST-00105,PROD-00133,3,0.1,973.0,918.93,54.07
ORD-006739,2024-05-27,2024-05-29,CUST-00199,PROD-00193,1,0.0,252.13,133.31,118.82
ORD-006740,2025-04-16,2025-04-19,CUST-00262,PROD-00142,7,0.15,1694.8,1708.28,-13.48
ORD-006741,2025-04-29,2025-05-04,CUST-00321,PROD-00052,2,0.1,384.75,303.7,81.05
ORD-006742,2025-12-09,2025-12-10,CUST-00356,PROD-00136,1,0.1,203.86,152.38,51.48
ORD-006743,2025-08-18,2025-08-19,CUST-00349,PROD-00025,6,0.0,615.54,398.4,217.14
ORD-006744,2025-09-08,2025-09-12,CUST-00568,PROD-00190,4,0.0,1139.6,969.84,169.76
ORD-006745,2025-01-24,2025-01-28,CUST-00038,PROD-00177,3,0.0,1453.08,972.33,480.75
ORD-006746,2024-05-23,2024-05-25,CUST-00452,PROD-00213,5,0.0,1404.0,1138.45,265.55
ORD-006747,2024-11-25,2024-12-01,CUST-00259,PROD-00212,4,0.05,2243.06,1441.4,801.66
ORD-006748,2025-02-07,2025-02-12,CUST-00066,PROD-00089,2,0.1,408.19,293.72,114.47
ORD-006749,2025-05-17,2025-05-18,CUST-00499,PROD-00205,3,0.2,1386.43,972.09,414.34
ORD-006750,2025-03-24,2025-03-28,CUST-00058,PROD-00112,5,0.0,2015.2,1302.05,713.15
ORD-006751,2024-11-10,2024-11-16,CUST-00315,PROD-00162,6,0.0,860.04,678.66,181.38
ORD-006752,2024-08-09,2024-08-15,CUST-00331,PROD-00068,2,0.3,623.57,700.7,-77.13
ORD-006753,2024-05-09,2024-05-11,CUST-00057,PROD-00165,6,0.05,155.44,99.3,56.14
ORD-006754,2025-05-29,2025-06-04,CUST-00106,PROD-00108,2,0.2,343.41,294.2,49.21
ORD-006755,2025-04-22,2025-04-26,CUST-00166,PROD-00020,2,0.0,443.74,273.46,170.28
ORD-006756,2025-05-24,2025-05-27,CUST-00221,PROD-00014,2,0.15,725.07,538.9,186.17
ORD-006757,2024-10-31,2024-11-05,CUST-00526,PROD-00133,1,0.2,288.3,306.31,-18.01
ORD-006758,2024-08-07,2024-08-08,CUST-00391,PROD-00146,7,0.05,1222.54,1075.2,147.34
ORD-006759,2025-08-06,2025-08-09,CUST-00035,PROD-00071,5,0.05,2902.44,1741.4,1161.04
ORD-006760,2025-08-16,2025-08-22,CUST-00286,PROD-00094,5,0.05,167.68,123.55,44.13
ORD-006761,2024-12-10,2024-12-14,CUST-00330,PROD-00142,4,0.1,1025.42,976.16,49.26
ORD-006762,2025-03-27,2025-03-29,CUST-00026,PROD-00134,5,0.05,2597.96,1917.8,680.16
ORD-006763,2024-11-01,2024-11-06,CUST-00360,PROD-00175,7,0.1,2548.35,1891.82,656.53
ORD-006764,2025-06-06,2025-06-07,CUST-00218,PROD-00107,4,0.0,1004.52,580.32,424.2
ORD-006765,2025-10-03,2025-10-06,CUST-00033,PROD-00104,4,0.05,819.05,727.04,92.01
ORD-006766,2025-05-24,2025-05-29,CUST-00354,PROD-00179,7,0.0,1652.42,962.08,690.34
ORD-006767,2025-01-10,2025-01-13,CUST-00288,PROD-00034,2,0.0,202.06,112.6,89.46
ORD-006768,2024-12-11,2024-12-16,CUST-00408,PROD-00149,2,0.0,600.46,337.36,263.1
ORD-006769,2025-04-19,2025-04-21,CUST-00336,PROD-00002,1,0.0,442.49,375.15,67.34
ORD-006770,2025-05-18,2025-05-23,CUST-00438,PROD-00022,4,0.1,761.58,728.84,32.74
ORD-006771,2025-02-14,2025-02-20,CUST-00234,PROD-00172,3,0.3,296.39,291.42,4.97
ORD-006772,2025-04-06,2025-04-08,CUST-00244,PROD-00165,3,0.05,77.72,49.65,28.07
ORD-006773,2024-03-15,2024-03-21,CUST-00123,PROD-00104,2,0.15,366.42,363.52,2.9
ORD-006774,2025-12-08,2025-12-14,CUST-00070,PROD-00139,3,0.1,627.05,479.91,147.14
ORD-006775,2025-08-29,2025-09-01,CUST-00318,PROD-00181,2,0.1,628.58,369.78,258.8
ORD-006776,2024-11-01,2024-11-03,CUST-00382,PROD-00180,3,0.0,1016.61,799.71,216.9
ORD-006777,2025-02-17,2025-02-22,CUST-00094,PROD-00024,7,0.1,1442.57,1370.88,71.69
ORD-006778,2024-02-06,2024-02-12,CUST-00022,PROD-00002,7,0.0,3097.43,2626.05,471.38
ORD-006779,2024-02-01,2024-02-05,CUST-00274,PROD-00051,7,0.0,529.9,291.06,238.84
ORD-006780,2024-07-28,2024-08-03,CUST-00017,PROD-00112,5,0.0,2015.2,1302.05,713.15
ORD-006781,2025-05-26,2025-05-30,CUST-00436,PROD-00128,5,0.0,1945.45,1531.8,413.65
ORD-006782,2025-10-16,2025-10-18,CUST-00263,PROD-00138,7,0.05,99.42,64.82,34.6
ORD-006783,2025-02-14,2025-02-19,CUST-00465,PROD-00102,2,0.0,487.04,368.9,118.14
ORD-006784,2025-01-25,2025-01-27,CUST-00245,PROD-00018,3,0.05,1349.65,809.1,540.55
ORD-006785,2024-11-14,2024-11-15,CUST-00376,PROD-00146,6,0.3,772.13,921.6,-149.47
ORD-006786,2024-05-04,2024-05-08,CUST-00448,PROD-00092,4,0.0,531.8,329.44,202.36
ORD-006787,2024-03-31,2024-04-04,CUST-00362,PROD-00178,2,0.0,570.14,405.84,164.3
ORD-006788,2025-08-06,2025-08-08,CUST-00027,PROD-00077,6,0.2,876.77,912.42,-35.65
ORD-006789,2025-11-27,2025-12-01,CUST-00045,PROD-00186,7,0.15,3003.08,2231.6,771.48
ORD-006790,2024-12-11,2024-12-13,CUST-00337,PROD-00024,4,0.0,915.92,783.36,132.56
ORD-006791,2025-05-02,2025-05-07,CUST-00572,PROD-00051,1,0.0,75.7,41.58,34.12
ORD-006792,2025-11-20,2025-11-23,CUST-00114,PROD-00006,6,0.1,2803.79,2089.32,714.47
ORD-006793,2024-03-10,2024-03-13,CUST-00592,PROD-00190,7,0.05,1894.58,1697.22,197.36
ORD-006794,2025-08-14,2025-08-18,CUST-00058,PROD-00189,5,0.15,2674.95,1720.05,954.9
ORD-006795,2025-03-31,2025-04-03,CUST-00568,PROD-00067,1,0.15,157.23,127.77,29.46
ORD-006796,2025-03-17,2025-03-21,CUST-00564,PROD-00152,2,0.05,756.33,475.8,280.53
ORD-006797,2024-08-30,2024-09-02,CUST-00432,PROD-00067,1,0.0,184.98,127.77,57.21
ORD-006798,2025-05-21,2025-05-23,CUST-00544,PROD-00166,4,0.15,1738.32,1415.2,323.12
ORD-006799,2025-09-02,2025-09-04,CUST-00463,PROD-00070,5,0.2,378.16,268.1,110.06
ORD-006800,2024-03-27,2024-04-01,CUST-00454,PROD-00067,5,0.05,878.66,638.85,239.81
ORD-006801,2025-01-26,2025-02-01,CUST-00449,PROD-00065,1,0.0,30.54,22.17,8.37
ORD-006802,2024-03-18,2024-03-22,CUST-00262,PROD-00158,6,0.0,517.26,356.94,160.32
ORD-006803,2025-10-31,2025-11-06,CUST-00196,PROD-00034,1,0.05,95.98,56.3,39.68
ORD-006804,2025-01-06,2025-01-07,CUST-00324,PROD-00034,4,0.1,363.71,225.2,138.51
ORD-006805,2025-09-12,2025-09-15,CUST-00535,PROD-00084,7,0.1,569.08,524.3,44.78
ORD-006806,2024-10-27,2024-11-01,CUST-00325,PROD-00080,4,0.1,752.58,467.52,285.06
ORD-006807,2024-04-06,2024-04-07,CUST-00214,PROD-00216,5,0.15,2047.48,1933.85,113.63
ORD-006808,2024-02-01,2024-02-06,CUST-00004,PROD-00195,2,0.05,1223.26,784.14,439.12
ORD-006809,2024-08-22,2024-08-27,CUST-00167,PROD-00031,7,0.1,1040.76,837.69,203.07
ORD-006810,2024-07-21,2024-07-26,CUST-00127,PROD-00177,6,0.2,2324.93,1944.66,380.27
ORD-006811,2025-02-15,2025-02-21,CUST-00290,PROD-00139,1,0.15,197.4,159.97,37.43
ORD-006812,2024-01-17,2024-01-22,CUST-00505,PROD-00200,2,0.2,426.7,376.06,50.64
ORD-006813,2025-01-16,2025-01-20,CUST-00023,PROD-00197,7,0.0,905.8,631.54,274.26
ORD-006814,2024-11-09,2024-11-15,CUST-00345,PROD-00089,5,0.0,1133.85,734.3,399.55
ORD-006815,2025-02-28,2025-03-02,CUST-00464,PROD-00028,1,0.0,17.93,10.96,6.97
ORD-006816,2025-06-06,2025-06-10,CUST-00404,PROD-00169,4,0.15,1212.95,759.44,453.51
ORD-006817,2025-04-13,2025-04-18,CUST-00065,PROD-00178,3,0.2,684.17,608.76,75.41
ORD-006818,2025-12-24,2025-12-27,CUST-00250,PROD-00003,3,0.15,243.68,235.68,8.0
ORD-006819,2024-04-16,2024-04-20,CUST-00143,PROD-00056,5,0.1,2946.46,1988.5,957.96
ORD-006820,2024-11-27,2024-12-01,CUST-00535,PROD-00014,6,0.1,2303.15,1616.7,686.45
ORD-006821,2024-11-25,2024-12-01,CUST-00253,PROD-00117,7,0.15,1214.34,1122.45,91.89
ORD-006822,2024-11-21,2024-11-23,CUST-00525,PROD-00186,2,0.05,958.97,637.6,321.37
ORD-006823,2025-05-06,2025-05-09,CUST-00043,PROD-00128,4,0.2,1245.09,1225.44,19.65
ORD-006824,2024-12-26,2024-12-29,CUST-00206,PROD-00210,3,0.05,82.51,63.03,19.48
ORD-006825,2025-01-13,2025-01-19,CUST-00148,PROD-00029,1,0.05,360.78,264.64,96.14
ORD-006826,2024-11-29,2024-11-30,CUST-00433,PROD-00124,5,0.15,1433.1,1383.2,49.9
ORD-006827,2025-12-28,2026-01-02,CUST-00216,PROD-00172,5,0.0,705.7,485.7,220.0
ORD-006828,2025-11-27,2025-12-03,CUST-00488,PROD-00204,1,0.05,404.06,263.25,140.81
ORD-006829,2024-09-11,2024-09-14,CUST-00135,PROD-00036,5,0.0,2700.1,1838.8,861.3
ORD-006830,2024-03-26,2024-03-28,CUST-00280,PROD-00199,1,0.0,578.21,305.76,272.45
ORD-006831,2025-10-06,2025-10-08,CUST-00250,PROD-00146,1,0.0,183.84,153.6,30.24
ORD-006832,2025-12-30,2025-12-31,CUST-00482,PROD-00003,4,0.0,382.24,314.24,68.0
ORD-006833,2024-08-30,2024-09-05,CUST-00015,PROD-00132,1,0.1,230.4,147.31,83.09
ORD-006834,2024-10-19,2024-10-20,CUST-00575,PROD-00023,5,0.1,2098.04,1528.3,569.74
ORD-006835,2025-12-03,2025-12-09,CUST-00588,PROD-00027,1,0.3,311.16,288.47,22.69
ORD-006836,2025-06-16,2025-06-20,CUST-00233,PROD-00208,5,0.0,2284.7,1680.6,604.1
ORD-006837,2024-09-02,2024-09-06,CUST-00406,PROD-00125,2,0.05,697.87,412.58,285.29
ORD-006838,2025-03-03,2025-03-08,CUST-00287,PROD-00051,2,0.1,136.26,83.16,53.1
ORD-006839,2025-12-05,2025-12-10,CUST-00581,PROD-00136,3,0.1,611.58,457.14,154.44
ORD-006840,2025-09-15,2025-09-16,CUST-00183,PROD-00213,7,0.0,1965.6,1593.83,371.77
ORD-006841,2025-07-19,2025-07-22,CUST-00019,PROD-00127,3,0.05,234.47,202.26,32.21
ORD-006842,2025-07-14,2025-07-20,CUST-00495,PROD-00115,7,0.0,574.63,485.8,88.83
ORD-006843,2024-05-16,2024-05-22,CUST-00327,PROD-00020,6,0.1,1198.1,820.38,377.72
ORD-006844,2025-09-25,2025-09-30,CUST-00389,PROD-00095,7,0.3,1626.31,1302.84,323.47
ORD-006845,2024-08-18,2024-08-22,CUST-00248,PROD-00181,5,0.1,1571.44,924.45,646.99
ORD-006846,2025-11-28,2025-12-02,CUST-00345,PROD-00037,2,0.05,502.61,447.38,55.23
ORD-006847,2024-10-25,2024-10-29,CUST-00404,PROD-00043,7,0.1,2368.8,1767.85,600.95
ORD-006848,2025-10-20,2025-10-22,CUST-00367,PROD-00196,4,0.0,1405.96,909.68,496.28
ORD-006849,2024-08-10,2024-08-14,CUST-00032,PROD-00054,7,0.0,2453.15,1812.65,640.5
ORD-006850,2025-01-11,2025-01-15,CUST-00234,PROD-00061,7,0.05,1302.34,1105.65,196.69
ORD-006851,2024-03-23,2024-03-25,CUST-00211,PROD-00147,5,0.05,3508.97,1996.75,1512.22
ORD-006852,2025-05-03,2025-05-07,CUST-00258,PROD-00150,3,0.0,1486.53,1141.56,344.97
ORD-006853,2025-10-03,2025-10-06,CUST-00226,PROD-00190,5,0.15,1210.82,1212.3,-1.48
ORD-006854,2025-06-24,2025-06-29,CUST-00007,PROD-00152,3,0.0,1194.21,713.7,480.51
ORD-006855,2025-01-18,2025-01-23,CUST-00417,PROD-00093,7,0.1,1215.84,717.85,497.99
ORD-006856,2024-02-04,2024-02-06,CUST-00482,PROD-00208,7,0.05,3038.65,2352.84,685.81
ORD-006857,2025-11-30,2025-12-02,CUST-00062,PROD-00195,7,0.05,4281.4,2744.49,1536.91
ORD-006858,2025-06-09,2025-06-10,CUST-00078,PROD-00119,1,0.0,656.53,397.03,259.5
ORD-006859,2025-07-24,2025-07-29,CUST-00376,PROD-00120,7,0.1,1072.95,765.17,307.78
ORD-006860,2025-09-01,2025-09-07,CUST-00244,PROD-00053,7,0.1,1599.63,1480.29,119.34
ORD-006861,2025-07-26,2025-07-28,CUST-00099,PROD-00118,6,0.15,368.27,333.78,34.49
ORD-006862,2024-12-03,2024-12-04,CUST-00208,PROD-00113,7,0.15,994.07,940.17,53.9
ORD-006863,2025-07-10,2025-07-12,CUST-00437,PROD-00174,2,0.05,419.96,352.04,67.92
ORD-006864,2025-04-06,2025-04-09,CUST-00084,PROD-00155,4,0.0,1134.84,750.44,384.4
ORD-006865,2025-10-17,2025-10-21,CUST-00304,PROD-00026,7,0.15,2526.01,1724.1,801.91
ORD-006866,2025-09-07,2025-09-08,CUST-00361,PROD-00057,3,0.05,730.14,548.91,181.23
ORD-006867,2024-02-01,2024-02-03,CUST-00541,PROD-00150,6,0.1,2675.75,2283.12,392.63
ORD-006868,2024-11-03,2024-11-06,CUST-00419,PROD-00071,3,0.0,1833.12,1044.84,788.28
ORD-006869,2024-01-27,2024-01-30,CUST-00098,PROD-00150,2,0.0,991.02,761.04,229.98
ORD-006870,2024-03-19,2024-03-23,CUST-00558,PROD-00103,7,0.0,1866.83,1478.54,388.29
ORD-006871,2025-03-19,2025-03-22,CUST-00530,PROD-00171,5,0.0,356.1,214.15,141.95
ORD-006872,2025-11-01,2025-11-06,CUST-00488,PROD-00122,6,0.1,218.48,174.66,43.82
ORD-006873,2024-04-01,2024-04-04,CUST-00527,PROD-00128,3,0.0,1167.27,919.08,248.19
ORD-006874,2024-12-08,2024-12-10,CUST-00008,PROD-00112,1,0.2,322.43,260.41,62.02
ORD-006875,2025-11-19,2025-11-24,CUST-00496,PROD-00149,4,0.0,1200.92,674.72,526.2
ORD-006876,2025-09-17,2025-09-19,CUST-00020,PROD-00123,4,0.15,1509.4,1501.84,7.56
ORD-006877,2025-01-15,2025-01-16,CUST-00237,PROD-00077,7,0.15,1086.83,1064.49,22.34
ORD-006878,2025-08-15,2025-08-21,CUST-00106,PROD-00140,1,0.1,280.25,259.79,20.46
ORD-006879,2025-01-17,2025-01-18,CUST-00354,PROD-00214,5,0.0,982.3,787.95,194.35
ORD-006880,2024-05-01,2024-05-02,CUST-00464,PROD-00069,3,0.1,1916.84,1190.79,726.05
ORD-006881,2024-04-05,2024-04-08,CUST-00534,PROD-00163,1,0.0,59.58,32.56,27.02
ORD-006882,2024-05-24,2024-05-28,CUST-00495,PROD-00178,2,0.0,570.14,405.84,164.3
ORD-006883,2024-10-14,2024-10-17,CUST-00440,PROD-00043,7,0.1,2368.8,1767.85,600.95
ORD-006884,2025-11-28,2025-12-03,CUST-00311,PROD-00154,1,0.0,233.05,155.75,77.3
ORD-006885,2025-09-05,2025-09-10,CUST-00190,PROD-00149,4,0.2,960.74,674.72,286.02
ORD-006886,2024-11-29,2024-12-01,CUST-00321,PROD-00060,3,0.0,713.46,432.75,280.71
ORD-006887,2024-12-28,2025-01-03,CUST-00287,PROD-00085,7,0.05,528.48,333.27,195.21
ORD-006888,2024-08-10,2024-08-16,CUST-00252,PROD-00190,6,0.0,1709.4,1454.76,254.64
ORD-006889,2025-06-08,2025-06-12,CUST-00334,PROD-00152,4,0.0,1592.28,951.6,640.68
ORD-006890,2025-09-08,2025-09-14,CUST-00475,PROD-00156,6,0.05,286.94,165.24,121.7
ORD-006891,2024-07-15,2024-07-20,CUST-00343,PROD-00069,5,0.0,3549.7,1984.65,1565.05
ORD-006892,2024-02-02,2024-02-08,CUST-00183,PROD-00071,7,0.05,4063.42,2437.96,1625.46
ORD-006893,2025-04-05,2025-04-08,CUST-00149,PROD-00004,7,0.1,193.1,170.1,23.0
ORD-006894,2025-02-17,2025-02-20,CUST-00005,PROD-00083,7,0.05,3260.56,2125.69,1134.87
ORD-006895,2024-11-14,2024-11-18,CUST-00525,PROD-00134,1,0.3,382.86,383.56,-0.7
ORD-006896,2025-04-20,2025-04-24,CUST-00464,PROD-00015,5,0.1,2133.86,1998.85,135.01
ORD-006897,2025-02-08,2025-02-13,CUST-00048,PROD-00182,7,0.05,1823.03,1572.13,250.9
ORD-006898,2024-07-28,2024-07-30,CUST-00539,PROD-00158,4,0.3,241.39,237.96,3.43
ORD-006899,2024-11-12,2024-11-16,CUST-00052,PROD-00214,3,0.1,530.44,472.77,57.67
ORD-006900,2024-11-27,2024-12-02,CUST-00121,PROD-00042,5,0.0,2824.8,1708.3,1116.5
ORD-006901,2025-11-04,2025-11-06,CUST-00541,PROD-00057,2,0.05,486.76,365.94,120.82
ORD-006902,2025-12-13,2025-12-17,CUST-00391,PROD-00139,3,0.1,627.05,479.91,147.14
ORD-006903,2025-11-10,2025-11-12,CUST-00540,PROD-00089,3,0.3,476.22,440.58,35.64
ORD-006904,2025-06-24,2025-06-26,CUST-00588,PROD-00189,1,0.0,629.4,344.01,285.39
ORD-006905,2025-03-06,2025-03-08,CUST-00310,PROD-00145,4,0.3,257.24,263.2,-5.96
ORD-006906,2025-05-25,2025-05-26,CUST-00336,PROD-00065,4,0.0,122.16,88.68,33.48
ORD-006907,2025-12-02,2025-12-06,CUST-00243,PROD-00100,4,0.05,729.64,431.32,298.32
ORD-006908,2024-07-27,2024-07-28,CUST-00442,PROD-00109,3,0.1,53.03,48.63,4.4
ORD-006909,2025-01-27,2025-01-31,CUST-00371,PROD-00073,1,0.2,316.22,280.42,35.8
ORD-006910,2025-05-26,2025-05-30,CUST-00576,PROD-00054,4,0.0,1401.8,1035.8,366.0
ORD-006911,2025-05-18,2025-05-22,CUST-00453,PROD-00119,5,0.05,3118.52,1985.15,1133.37
ORD-006912,2024-07-30,2024-08-02,CUST-00388,PROD-00070,3,0.15,241.08,160.86,80.22
ORD-006913,2025-03-08,2025-03-11,CUST-00438,PROD-00110,6,0.15,2120.17,1888.38,231.79
ORD-006914,2025-09-02,2025-09-04,CUST-00061,PROD-00168,4,0.0,439.24,259.32,179.92
ORD-006915,2024-12-19,2024-12-25,CUST-00007,PROD-00011,3,0.1,485.89,464.16,21.73
ORD-006916,2025-08-31,2025-09-06,CUST-00120,PROD-00048,5,0.1,1212.66,907.75,304.91
ORD-006917,2024-10-21,2024-10-22,CUST-00445,PROD-00194,7,0.0,3071.11,1888.74,1182.37
ORD-006918,2025-12-02,2025-12-07,CUST-00366,PROD-00181,4,0.15,1187.31,739.56,447.75
ORD-006919,2025-01-26,2025-01-27,CUST-00101,PROD-00058,7,0.0,3439.17,2683.73,755.44
ORD-006920,2025-03-15,2025-03-16,CUST-00246,PROD-00068,7,0.05,2961.98,2452.45,509.53
ORD-006921,2024-01-25,2024-01-29,CUST-00430,PROD-00010,5,0.0,2234.15,1741.55,492.6
ORD-006922,2024-05-10,2024-05-12,CUST-00369,PROD-00208,1,0.05,434.09,336.12,97.97
ORD-006923,2025-04-12,2025-04-16,CUST-00353,PROD-00093,7,0.05,1283.38,717.85,565.53
ORD-006924,2024-11-23,2024-11-27,CUST-00404,PROD-00198,6,0.0,3645.84,2066.46,1579.38
ORD-006925,2025-01-06,2025-01-11,CUST-00112,PROD-00166,3,0.15,1303.74,1061.4,242.34
ORD-006926,2024-02-18,2024-02-21,CUST-00590,PROD-00007,4,0.05,837.82,569.28,268.54
ORD-006927,2025-10-02,2025-10-03,CUST-00175,PROD-00024,6,0.1,1236.49,1175.04,61.45
ORD-006928,2025-08-25,2025-08-27,CUST-00224,PROD-00089,2,0.15,385.51,293.72,91.79
ORD-006929,2024-05-22,2024-05-24,CUST-00188,PROD-00110,3,0.05,1184.8,944.19,240.61
ORD-006930,2025-04-13,2025-04-19,CUST-00444,PROD-00082,1,0.0,296.63,229.26,67.37
ORD-006931,2025-09-20,2025-09-26,CUST-00116,PROD-00160,5,0.0,150.75,111.1,39.65
ORD-006932,2025-04-18,2025-04-19,CUST-00451,PROD-00144,7,0.1,1005.86,631.82,374.04
ORD-006933,2024-09-13,2024-09-16,CUST-00516,PROD-00032,5,0.0,1434.7,1178.65,256.05
ORD-006934,2025-04-30,2025-05-03,CUST-00359,PROD-00112,1,0.0,403.04,260.41,142.63
ORD-006935,2024-06-14,2024-06-19,CUST-00479,PROD-00209,2,0.0,911.9,695.24,216.66
ORD-006936,2024-09-19,2024-09-22,CUST-00235,PROD-00022,6,0.05,1205.84,1093.26,112.58
ORD-006937,2024-07-17,2024-07-18,CUST-00232,PROD-00086,2,0.05,643.4,512.42,130.98
ORD-006938,2025-02-13,2025-02-15,CUST-00468,PROD-00113,5,0.05,793.58,671.55,122.03
ORD-006939,2024-03-24,2024-03-29,CUST-00274,PROD-00072,5,0.0,2289.25,1644.7,644.55
ORD-006940,2025-11-30,2025-12-06,CUST-00194,PROD-00023,4,0.1,1678.43,1222.64,455.79
ORD-006941,2024-10-01,2024-10-05,CUST-00331,PROD-00108,3,0.0,643.89,441.3,202.59
ORD-006942,2024-06-23,2024-06-24,CUST-00100,PROD-00081,6,0.2,1972.08,1505.28,466.8
ORD-006943,2024-12-30,2025-01-01,CUST-00212,PROD-00097,6,0.15,1421.11,1167.6,253.51
ORD-006944,2024-08-18,2024-08-24,CUST-00535,PROD-00214,1,0.05,186.64,157.59,29.05
ORD-006945,2025-01-27,2025-02-02,CUST-00057,PROD-00086,2,0.0,677.26,512.42,164.84
ORD-006946,2024-10-12,2024-10-13,CUST-00143,PROD-00167,6,0.2,896.45,659.88,236.57
ORD-006947,2024-04-11,2024-04-17,CUST-00133,PROD-00088,3,0.0,322.56,177.72,144.84
ORD-006948,2024-08-10,2024-08-11,CUST-00122,PROD-00093,1,0.1,173.69,102.55,71.14
ORD-006949,2024-12-02,2024-12-05,CUST-00559,PROD-00108,3,0.1,579.5,441.3,138.2
ORD-006950,2024-01-24,2024-01-30,CUST-00362,PROD-00208,6,0.05,2604.56,2016.72,587.84
ORD-006951,2025-08-14,2025-08-19,CUST-00432,PROD-00200,2,0.0,533.38,376.06,157.32
ORD-006952,2025-04-04,2025-04-09,CUST-00436,PROD-00140,6,0.0,1868.34,1558.74,309.6
ORD-006953,2025-03-19,2025-03-23,CUST-00536,PROD-00206,1,0.15,81.0,57.5,23.5
ORD-006954,2025-02-04,2025-02-08,CUST-00226,PROD-00102,6,0.3,1022.78,1106.7,-83.92
ORD-006955,2025-03-10,2025-03-12,CUST-00181,PROD-00093,7,0.1,1215.84,717.85,497.99
ORD-006956,2025-11-30,2025-12-05,CUST-00104,PROD-00186,6,0.1,2725.49,1912.8,812.69
ORD-006957,2024-01-07,2024-01-12,CUST-00143,PROD-00143,5,0.05,205.91,154.75,51.16
ORD-006958,2024-02-06,2024-02-10,CUST-00451,PROD-00204,6,0.05,2424.38,1579.5,844.88
ORD-006959,2024-05-26,2024-05-27,CUST-00295,PROD-00129,4,0.05,2056.03,1195.0,861.03
ORD-006960,2024-05-08,2024-05-14,CUST-00374,PROD-00054,4,0.1,1261.62,1035.8,225.82
ORD-006961,2024-05-19,2024-05-21,CUST-00035,PROD-00040,5,0.15,1161.74,747.1,414.64
ORD-006962,2025-05-12,2025-05-18,CUST-00387,PROD-00014,1,0.2,341.21,269.45,71.76
ORD-006963,2024-12-12,2024-12-17,CUST-00487,PROD-00051,6,0.0,454.2,249.48,204.72
ORD-006964,2025-12-28,2025-12-30,CUST-00125,PROD-00212,1,0.05,560.77,360.35,200.42
ORD-006965,2024-07-02,2024-07-06,CUST-00135,PROD-00116,1,0.15,116.68,96.05,20.63
ORD-006966,2024-09-13,2024-09-19,CUST-00298,PROD-00023,6,0.15,2377.77,1833.96,543.81
ORD-006967,2025-12-24,2025-12-30,CUST-00054,PROD-00082,7,0.1,1868.77,1604.82,263.95
ORD-006968,2025-09-30,2025-10-02,CUST-00269,PROD-00068,3,0.1,1202.61,1051.05,151.56
ORD-006969,2024-12-17,2024-12-21,CUST-00085,PROD-00116,3,0.15,350.04,288.15,61.89
ORD-006970,2025-02-11,2025-02-16,CUST-00228,PROD-00083,4,0.05,1863.18,1214.68,648.5
ORD-006971,2025-10-09,2025-10-14,CUST-00181,PROD-00082,7,0.05,1972.59,1604.82,367.77
ORD-006972,2024-12-22,2024-12-27,CUST-00030,PROD-00118,3,0.3,151.64,166.89,-15.25
ORD-006973,2024-06-09,2024-06-15,CUST-00447,PROD-00176,7,0.0,2889.18,2112.04,777.14
ORD-006974,2025-09-27,2025-10-03,CUST-00210,PROD-00003,4,0.0,382.24,314.24,68.0
ORD-006975,2025-01-29,2025-02-02,CUST-00469,PROD-00113,4,0.05,634.87,537.24,97.63
ORD-006976,2024-04-27,2024-05-03,CUST-00597,PROD-00216,5,0.2,1927.04,1933.85,-6.81
ORD-006977,2025-01-04,2025-01-06,CUST-00598,PROD-00063,7,0.0,2315.88,1898.75,417.13
ORD-006978,2024-11-20,2024-11-22,CUST-00093,PROD-00138,5,0.0,74.75,46.3,28.45
ORD-006979,2025-11-02,2025-11-07,CUST-00358,PROD-00010,1,0.2,357.46,348.31,9.15
ORD-006980,2024-04-06,2024-04-09,CUST-00139,PROD-00042,3,0.15,1440.65,1024.98,415.67
ORD-006981,2025-11-02,2025-11-04,CUST-00257,PROD-00218,6,0.05,3723.75,2312.52,1411.23
ORD-006982,2025-01-09,2025-01-13,CUST-00284,PROD-00089,7,0.05,1508.02,1028.02,480.0
ORD-006983,2024-11-15,2024-11-17,CUST-00582,PROD-00107,6,0.1,1356.1,870.48,485.62
ORD-006984,2024-05-04,2024-05-08,CUST-00070,PROD-00010,6,0.05,2546.93,2089.86,457.07
ORD-006985,2025-06-04,2025-06-08,CUST-00315,PROD-00137,7,0.2,572.21,434.21,138.0
ORD-006986,2025-11-26,2025-11-29,CUST-00092,PROD-00062,1,0.05,696.03,397.05,298.98
ORD-006987,2024-11-01,2024-11-03,CUST-00491,PROD-00171,6,0.0,427.32,256.98,170.34
ORD-006988,2024-07-18,2024-07-20,CUST-00197,PROD-00046,5,0.0,713.8,494.6,219.2
ORD-006989,2025-02-11,2025-02-12,CUST-00402,PROD-00090,4,0.05,1136.77,638.92,497.85
ORD-006990,2025-09-03,2025-09-07,CUST-00341,PROD-00066,6,0.0,1330.68,943.92,386.76
ORD-006991,2024-01-03,2024-01-05,CUST-00425,PROD-00003,5,0.2,382.24,392.8,-10.56
ORD-006992,2025-04-11,2025-04-16,CUST-00362,PROD-00096,4,0.15,353.8,231.44,122.36
ORD-006993,2025-03-15,2025-03-21,CUST-00305,PROD-00211,6,0.0,3616.5,2097.06,1519.44
ORD-006994,2024-09-19,2024-09-23,CUST-00205,PROD-00099,7,0.05,3287.63,1863.47,1424.16
ORD-006995,2024-12-08,2024-12-13,CUST-00300,PROD-00002,3,0.0,1327.47,1125.45,202.02
ORD-006996,2024-07-24,2024-07-30,CUST-00474,PROD-00156,2,0.0,100.68,55.08,45.6
ORD-006997,2025-08-29,2025-09-03,CUST-00528,PROD-00051,4,0.05,287.66,166.32,121.34
ORD-006998,2025-04-13,2025-04-16,CUST-00308,PROD-00116,1,0.1,123.54,96.05,27.49
ORD-006999,2025-01-25,2025-01-31,CUST-00485,PROD-00107,5,0.3,878.96,725.4,153.56
ORD-007000,2024-11-10,2024-11-14,CUST-00170,PROD-00205,5,0.0,2888.4,1620.15,1268.25
ORD-007001,2024-08-29,2024-08-31,CUST-00220,PROD-00005,4,0.05,1223.75,1107.6,116.15
ORD-007002,2025-09-23,2025-09-29,CUST-00513,PROD-00212,7,0.1,3718.76,2522.45,1196.31
ORD-007003,2024-12-08,2024-12-13,CUST-00134,PROD-00102,1,0.0,243.52,184.45,59.07
ORD-007004,2025-01-01,2025-01-05,CUST-00566,PROD-00049,7,0.0,3459.68,2775.99,683.69
ORD-007005,2025-01-16,2025-01-21,CUST-00379,PROD-00189,7,0.1,3965.22,2408.07,1557.15
ORD-007006,2024-12-06,2024-12-09,CUST-00288,PROD-00012,5,0.0,2750.45,1743.05,1007.4
ORD-007007,2024-08-02,2024-08-07,CUST-00173,PROD-00095,1,0.15,282.11,186.12,95.99
ORD-007008,2024-04-02,2024-04-07,CUST-00546,PROD-00211,3,0.0,1808.25,1048.53,759.72
ORD-007009,2024-03-16,2024-03-18,CUST-00456,PROD-00104,3,0.0,646.62,545.28,101.34
ORD-007010,2025-08-04,2025-08-08,CUST-00301,PROD-00123,5,0.2,1775.76,1877.3,-101.54
ORD-007011,2024-06-28,2024-07-01,CUST-00394,PROD-00043,2,0.1,676.8,505.1,171.7
ORD-007012,2024-02-12,2024-02-14,CUST-00216,PROD-00164,1,0.05,216.07,131.55,84.52
ORD-007013,2025-09-04,2025-09-08,CUST-00016,PROD-00194,1,0.1,394.86,269.82,125.04
ORD-007014,2024-04-28,2024-04-30,CUST-00209,PROD-00058,1,0.05,466.74,383.39,83.35
ORD-007015,2025-04-06,2025-04-08,CUST-00331,PROD-00205,5,0.1,2599.56,1620.15,979.41
ORD-007016,2024-10-05,2024-10-06,CUST-00125,PROD-00180,6,0.1,1829.9,1599.42,230.48
ORD-007017,2024-04-07,2024-04-08,CUST-00249,PROD-00013,1,0.2,470.55,319.84,150.71
ORD-007018,2024-11-20,2024-11-23,CUST-00576,PROD-00074,3,0.0,1772.55,1120.89,651.66
ORD-007019,2024-01-12,2024-01-16,CUST-00447,PROD-00186,1,0.05,479.48,318.8,160.68
ORD-007020,2025-10-07,2025-10-09,CUST-00446,PROD-00138,5,0.1,67.28,46.3,20.98
ORD-007021,2025-01-10,2025-01-11,CUST-00044,PROD-00174,6,0.1,1193.56,1056.12,137.44
ORD-007022,2024-04-16,2024-04-21,CUST-00378,PROD-00104,2,0.05,409.53,363.52,46.01
ORD-007023,2024-07-13,2024-07-17,CUST-00402,PROD-00134,2,0.0,1093.88,767.12,326.76
ORD-007024,2024-12-06,2024-12-09,CUST-00107,PROD-00024,5,0.1,1030.41,979.2,51.21
ORD-007025,2024-05-24,2024-05-26,CUST-00146,PROD-00004,1,0.05,29.12,24.3,4.82
ORD-007026,2024-08-12,2024-08-13,CUST-00416,PROD-00096,7,0.0,728.42,405.02,323.4
ORD-007027,2025-01-26,2025-01-27,CUST-00314,PROD-00011,7,0.05,1196.73,1083.04,113.69
ORD-007028,2025-10-01,2025-10-03,CUST-00360,PROD-00065,2,0.0,61.08,44.34,16.74
ORD-007029,2024-11-14,2024-11-18,CUST-00113,PROD-00132,7,0.15,1523.2,1031.17,492.03
ORD-007030,2025-06-22,2025-06-27,CUST-00314,PROD-00053,5,0.0,1269.55,1057.35,212.2
ORD-007031,2025-11-02,2025-11-08,CUST-00231,PROD-00014,7,0.2,2388.46,1886.15,502.31
ORD-007032,2024-06-21,2024-06-26,CUST-00563,PROD-00001,2,0.1,72.81,42.8,30.01
ORD-007033,2025-09-11,2025-09-14,CUST-00100,PROD-00149,1,0.3,210.16,168.68,41.48
ORD-007034,2025-08-04,2025-08-07,CUST-00376,PROD-00102,3,0.1,657.5,553.35,104.15
ORD-007035,2024-10-19,2024-10-20,CUST-00406,PROD-00021,3,0.3,515.17,471.36,43.81
ORD-007036,2025-12-26,2025-12-29,CUST-00301,PROD-00108,5,0.1,965.84,735.5,230.34
ORD-007037,2024-08-07,2024-08-10,CUST-00024,PROD-00012,7,0.0,3850.63,2440.27,1410.36
ORD-007038,2024-08-01,2024-08-04,CUST-00070,PROD-00204,7,0.15,2530.71,1842.75,687.96
ORD-007039,2025-08-15,2025-08-19,CUST-00294,PROD-00159,5,0.1,2071.12,1914.95,156.17
ORD-007040,2024-11-30,2024-12-05,CUST-00277,PROD-00009,1,0.1,125.06,81.83,43.23
ORD-007041,2024-09-29,2024-10-04,CUST-00444,PROD-00023,2,0.1,839.21,611.32,227.89
ORD-007042,2024-05-17,2024-05-23,CUST-00357,PROD-00029,3,0.0,1139.31,793.92,345.39
ORD-007043,2025-08-10,2025-08-11,CUST-00575,PROD-00046,5,0.0,713.8,494.6,219.2
ORD-007044,2025-08-26,2025-08-30,CUST-00336,PROD-00168,7,0.0,768.67,453.81,314.86
ORD-007045,2025-02-20,2025-02-22,CUST-00469,PROD-00152,2,0.05,756.33,475.8,280.53
ORD-007046,2025-12-11,2025-12-15,CUST-00194,PROD-00104,1,0.15,183.21,181.76,1.45
ORD-007047,2024-09-19,2024-09-21,CUST-00068,PROD-00099,7,0.2,2768.53,1863.47,905.06
ORD-007048,2024-06-24,2024-06-27,CUST-00020,PROD-00070,4,0.1,340.34,214.48,125.86
ORD-007049,2025-05-16,2025-05-17,CUST-00450,PROD-00028,7,0.0,125.51,76.72,48.79
ORD-007050,2025-08-05,2025-08-06,CUST-00364,PROD-00163,6,0.15,303.86,195.36,108.5
ORD-007051,2024-06-30,2024-07-05,CUST-00413,PROD-00163,2,0.3,83.41,65.12,18.29
ORD-007052,2024-02-28,2024-03-02,CUST-00179,PROD-00014,5,0.0,2132.55,1347.25,785.3
ORD-007053,2025-09-14,2025-09-16,CUST-00115,PROD-00101,7,0.2,3112.54,2199.54,913.0
ORD-007054,2025-12-20,2025-12-26,CUST-00323,PROD-00029,2,0.1,683.59,529.28,154.31
ORD-007055,2025-04-21,2025-04-22,CUST-00450,PROD-00185,5,0.05,2389.16,1930.35,458.81
ORD-007056,2024-08-19,2024-08-23,CUST-00457,PROD-00055,4,0.0,1208.88,867.68,341.2
ORD-007057,2025-12-30,2026-01-03,CUST-00165,PROD-00151,5,0.1,732.28,695.65,36.63
ORD-007058,2025-11-10,2025-11-14,CUST-00058,PROD-00207,5,0.1,1579.46,1376.05,203.41
ORD-007059,2025-01-10,2025-01-12,CUST-00251,PROD-00220,3,0.1,178.85,165.42,13.43
ORD-007060,2025-09-25,2025-09-27,CUST-00330,PROD-00093,4,0.05,733.36,410.2,323.16
ORD-007061,2025-09-18,2025-09-24,CUST-00280,PROD-00087,3,0.15,528.28,384.15,144.13
ORD-007062,2025-11-30,2025-12-04,CUST-00068,PROD-00172,2,0.15,239.94,194.28,45.66
ORD-007063,2025-10-07,2025-10-09,CUST-00423,PROD-00160,4,0.05,114.57,88.88,25.69
ORD-007064,2025-04-20,2025-04-22,CUST-00078,PROD-00170,6,0.05,530.21,478.44,51.77
ORD-007065,2025-03-25,2025-03-29,CUST-00558,PROD-00171,2,0.3,99.71,85.66,14.05
ORD-007066,2024-12-16,2024-12-19,CUST-00581,PROD-00166,1,0.0,511.27,353.8,157.47
ORD-007067,2025-04-07,2025-04-12,CUST-00248,PROD-00159,5,0.1,2071.12,1914.95,156.17
ORD-007068,2025-09-02,2025-09-04,CUST-00315,PROD-00097,6,0.0,1671.9,1167.6,504.3
ORD-007069,2025-12-17,2025-12-19,CUST-00496,PROD-00185,6,0.3,2112.52,2316.42,-203.9
ORD-007070,2024-12-15,2024-12-16,CUST-00393,PROD-00064,4,0.0,1508.88,986.12,522.76
ORD-007071,2025-02-26,2025-03-01,CUST-00065,PROD-00216,2,0.0,963.52,773.54,189.98
ORD-007072,2024-12-05,2024-12-09,CUST-00420,PROD-00141,3,0.0,1095.12,683.34,411.78
ORD-007073,2025-05-09,2025-05-15,CUST-00357,PROD-00110,6,0.05,2369.6,1888.38,481.22
ORD-007074,2025-04-10,2025-04-15,CUST-00365,PROD-00011,6,0.05,1025.77,928.32,97.45
ORD-007075,2024-01-14,2024-01-17,CUST-00106,PROD-00149,1,0.0,300.23,168.68,131.55
ORD-007076,2025-02-01,2025-02-05,CUST-00201,PROD-00106,7,0.15,199.92,153.58,46.34
ORD-007077,2024-03-08,2024-03-13,CUST-00470,PROD-00217,4,0.2,1777.95,1327.24,450.71
ORD-007078,2024-01-21,2024-01-25,CUST-00064,PROD-00169,2,0.1,642.15,379.72,262.43
ORD-007079,2025-08-30,2025-09-04,CUST-00251,PROD-00194,7,0.0,3071.11,1888.74,1182.37
ORD-007080,2024-08-04,2024-08-08,CUST-00120,PROD-00086,1,0.05,321.7,256.21,65.49
ORD-007081,2024-10-06,2024-10-07,CUST-00420,PROD-00081,5,0.05,1951.54,1254.4,697.14
ORD-007082,2024-02-19,2024-02-24,CUST-00088,PROD-00094,2,0.0,70.6,49.42,21.18
ORD-007083,2024-05-17,2024-05-23,CUST-00136,PROD-00069,2,0.3,993.92,793.86,200.06
ORD-007084,2025-08-10,2025-08-13,CUST-00597,PROD-00164,5,0.15,966.62,657.75,308.87
ORD-007085,2024-12-28,2025-01-01,CUST-00316,PROD-00032,2,0.2,459.1,471.46,-12.36
ORD-007086,2025-11-04,2025-11-08,CUST-00539,PROD-00047,6,0.0,2969.58,2371.26,598.32
ORD-007087,2024-11-12,2024-11-17,CUST-00280,PROD-00199,7,0.2,3237.98,2140.32,1097.66
ORD-007088,2024-08-12,2024-08-16,CUST-00299,PROD-00043,2,0.2,601.6,505.1,96.5
ORD-007089,2024-10-12,2024-10-16,CUST-00513,PROD-00140,6,0.2,1494.67,1558.74,-64.07
ORD-007090,2025-06-17,2025-06-18,CUST-00183,PROD-00163,5,0.05,283.0,162.8,120.2
ORD-007091,2025-02-11,2025-02-14,CUST-00227,PROD-00135,4,0.0,2032.0,1352.2,679.8
ORD-007092,2025-11-16,2025-11-17,CUST-00508,PROD-00116,7,0.0,960.89,672.35,288.54
ORD-007093,2025-03-19,2025-03-21,CUST-00395,PROD-00063,1,0.05,314.3,271.25,43.05
ORD-007094,2024-12-28,2025-01-03,CUST-00368,PROD-00129,6,0.15,2759.41,1792.5,966.91
ORD-007095,2025-08-26,2025-08-31,CUST-00086,PROD-00134,1,0.3,382.86,383.56,-0.7
ORD-007096,2025-12-06,2025-12-11,CUST-00359,PROD-00215,5,0.1,923.22,868.2,55.02
ORD-007097,2024-10-18,2024-10-20,CUST-00447,PROD-00076,6,0.15,1259.7,794.82,464.88
ORD-007098,2024-07-27,2024-07-30,CUST-00055,PROD-00049,1,0.0,494.24,396.57,97.67
ORD-007099,2025-03-30,2025-04-03,CUST-00540,PROD-00170,4,0.1,334.87,318.96,15.91
ORD-007100,2024-12-31,2025-01-05,CUST-00373,PROD-00023,5,0.05,2214.59,1528.3,686.29
ORD-007101,2025-12-26,2025-12-28,CUST-00197,PROD-00164,5,0.1,1023.48,657.75,365.73
ORD-007102,2024-12-13,2024-12-18,CUST-00398,PROD-00152,7,0.05,2647.17,1665.3,981.87
ORD-007103,2024-02-27,2024-03-01,CUST-00243,PROD-00076,4,0.0,988.0,529.88,458.12
ORD-007104,2025-12-21,2025-12-25,CUST-00296,PROD-00085,1,0.05,75.5,47.61,27.89
ORD-007105,2025-10-09,2025-10-15,CUST-00258,PROD-00209,7,0.0,3191.65,2433.34,758.31
ORD-007106,2024-05-16,2024-05-18,CUST-00556,PROD-00210,2,0.0,57.9,42.02,15.88
ORD-007107,2025-11-16,2025-11-21,CUST-00290,PROD-00087,1,0.1,186.45,128.05,58.4
ORD-007108,2024-10-06,2024-10-07,CUST-00318,PROD-00128,6,0.1,2101.09,1838.16,262.93
ORD-007109,2024-11-02,2024-11-08,CUST-00285,PROD-00196,4,0.0,1405.96,909.68,496.28
ORD-007110,2025-11-17,2025-11-18,CUST-00318,PROD-00154,6,0.0,1398.3,934.5,463.8
ORD-007111,2025-01-23,2025-01-29,CUST-00344,PROD-00008,1,0.2,172.83,128.71,44.12
ORD-007112,2024-04-15,2024-04-19,CUST-00028,PROD-00007,2,0.1,396.86,284.64,112.22
ORD-007113,2024-10-28,2024-10-29,CUST-00037,PROD-00120,3,0.15,434.29,327.93,106.36
ORD-007114,2025-06-28,2025-07-04,CUST-00372,PROD-00110,6,0.1,2244.89,1888.38,356.51
ORD-007115,2024-05-13,2024-05-16,CUST-00480,PROD-00142,3,0.0,854.52,732.12,122.4
ORD-007116,2025-03-10,2025-03-15,CUST-00327,PROD-00173,4,0.1,964.01,884.28,79.73
ORD-007117,2025-05-30,2025-06-03,CUST-00088,PROD-00078,3,0.15,305.95,297.48,8.47
ORD-007118,2024-10-09,2024-10-10,CUST-00335,PROD-00194,5,0.05,2083.97,1349.1,734.87
ORD-007119,2025-05-29,2025-06-01,CUST-00505,PROD-00182,2,0.15,466.04,449.18,16.86
ORD-007120,2025-11-06,2025-11-11,CUST-00513,PROD-00064,1,0.1,339.5,246.53,92.97
ORD-007121,2024-12-18,2024-12-22,CUST-00247,PROD-00001,1,0.05,38.43,21.4,17.03
ORD-007122,2024-11-05,2024-11-07,CUST-00555,PROD-00172,6,0.1,762.16,582.84,179.32
ORD-007123,2024-07-29,2024-07-31,CUST-00396,PROD-00151,7,0.0,1139.11,973.91,165.2
ORD-007124,2025-03-21,2025-03-23,CUST-00318,PROD-00023,5,0.0,2331.15,1528.3,802.85
ORD-007125,2025-11-04,2025-11-10,CUST-00140,PROD-00190,5,0.05,1353.28,1212.3,140.98
ORD-007126,2024-09-24,2024-09-25,CUST-00330,PROD-00206,4,0.0,381.16,230.0,151.16
ORD-007127,2024-11-11,2024-11-13,CUST-00519,PROD-00094,4,0.1,127.08,98.84,28.24
ORD-007128,2024-11-16,2024-11-18,CUST-00045,PROD-00038,4,0.1,52.81,36.04,16.77
ORD-007129,2025-02-16,2025-02-18,CUST-00302,PROD-00123,3,0.0,1331.82,1126.38,205.44
ORD-007130,2024-07-04,2024-07-05,CUST-00132,PROD-00096,3,0.3,218.53,173.58,44.95
ORD-007131,2025-09-23,2025-09-27,CUST-00265,PROD-00199,3,0.15,1474.44,917.28,557.16
ORD-007132,2024-09-02,2024-09-05,CUST-00471,PROD-00164,1,0.0,227.44,131.55,95.89
ORD-007133,2025-06-09,2025-06-15,CUST-00482,PROD-00121,6,0.0,4019.76,2349.18,1670.58
ORD-007134,2025-01-10,2025-01-13,CUST-00330,PROD-00140,7,0.0,2179.73,1818.53,361.2
ORD-007135,2025-03-07,2025-03-11,CUST-00525,PROD-00204,7,0.0,2977.31,1842.75,1134.56
ORD-007136,2024-05-17,2024-05-19,CUST-00074,PROD-00199,3,0.0,1734.63,917.28,817.35
ORD-007137,2025-07-12,2025-07-13,CUST-00343,PROD-00153,4,0.0,2026.12,1507.0,519.12
ORD-007138,2024-05-24,2024-05-30,CUST-00165,PROD-00103,4,0.2,853.41,844.88,8.53
ORD-007139,2024-03-28,2024-04-02,CUST-00444,PROD-00121,5,0.0,3349.8,1957.65,1392.15
ORD-007140,2025-02-05,2025-02-07,CUST-00098,PROD-00046,5,0.15,606.73,494.6,112.13
ORD-007141,2025-06-14,2025-06-19,CUST-00072,PROD-00096,4,0.1,374.62,231.44,143.18
ORD-007142,2024-02-08,2024-02-13,CUST-00325,PROD-00204,7,0.0,2977.31,1842.75,1134.56
ORD-007143,2024-02-23,2024-02-28,CUST-00367,PROD-00138,4,0.05,56.81,37.04,19.77
ORD-007144,2025-09-08,2025-09-11,CUST-00596,PROD-00162,5,0.2,573.36,565.55,7.81
ORD-007145,2025-09-13,2025-09-18,CUST-00031,PROD-00066,1,0.0,221.78,157.32,64.46
ORD-007146,2024-07-22,2024-07-23,CUST-00494,PROD-00107,5,0.05,1192.87,725.4,467.47
ORD-007147,2025-03-29,2025-03-31,CUST-00053,PROD-00176,1,0.1,371.47,301.72,69.75
ORD-007148,2024-12-04,2024-12-07,CUST-00260,PROD-00113,2,0.1,300.73,268.62,32.11
ORD-007149,2025-04-12,2025-04-18,CUST-00353,PROD-00170,6,0.05,530.21,478.44,51.77
ORD-007150,2025-10-24,2025-10-25,CUST-00337,PROD-00204,3,0.0,1275.99,789.75,486.24
ORD-007151,2024-03-02,2024-03-05,CUST-00124,PROD-00198,3,0.05,1731.77,1033.23,698.54
ORD-007152,2025-08-20,2025-08-26,CUST-00043,PROD-00039,5,0.15,541.92,487.05,54.87
ORD-007153,2024-12-28,2024-12-29,CUST-00195,PROD-00160,4,0.0,120.6,88.88,31.72
ORD-007154,2025-02-18,2025-02-21,CUST-00201,PROD-00113,2,0.15,284.02,268.62,15.4
ORD-007155,2025-04-28,2025-05-04,CUST-00464,PROD-00200,5,0.0,1333.45,940.15,393.3
ORD-007156,2025-11-24,2025-11-26,CUST-00411,PROD-00022,6,0.0,1269.3,1093.26,176.04
ORD-007157,2024-02-13,2024-02-18,CUST-00013,PROD-00150,3,0.2,1189.22,1141.56,47.66
ORD-007158,2024-01-23,2024-01-24,CUST-00295,PROD-00037,7,0.1,1666.54,1565.83,100.71
ORD-007159,2024-05-16,2024-05-20,CUST-00383,PROD-00006,1,0.3,363.45,348.22,15.23
ORD-007160,2025-12-25,2025-12-30,CUST-00158,PROD-00013,2,0.0,1176.38,639.68,536.7
ORD-007161,2025-06-20,2025-06-23,CUST-00148,PROD-00134,5,0.1,2461.23,1917.8,543.43
ORD-007162,2025-03-29,2025-03-31,CUST-00510,PROD-00074,5,0.0,2954.25,1868.15,1086.1
ORD-007163,2024-02-06,2024-02-07,CUST-00086,PROD-00014,4,0.0,1706.04,1077.8,628.24
ORD-007164,2025-11-04,2025-11-05,CUST-00216,PROD-00106,7,0.1,211.68,153.58,58.1
ORD-007165,2025-09-15,2025-09-16,CUST-00563,PROD-00190,5,0.05,1353.28,1212.3,140.98
ORD-007166,2025-05-07,2025-05-08,CUST-00104,PROD-00105,5,0.3,1217.06,1444.0,-226.94
ORD-007167,2024-10-05,2024-10-10,CUST-00351,PROD-00035,3,0.1,949.75,857.85,91.9
ORD-007168,2024-02-24,2024-02-29,CUST-00038,PROD-00078,6,0.15,611.9,594.96,16.94
ORD-007169,2025-03-02,2025-03-08,CUST-00505,PROD-00177,1,0.1,435.92,324.11,111.81
ORD-007170,2025-06-25,2025-06-29,CUST-00185,PROD-00178,7,0.0,1995.49,1420.44,575.05
ORD-007171,2024-03-13,2024-03-15,CUST-00331,PROD-00184,6,0.0,1607.94,1110.42,497.52
ORD-007172,2025-04-13,2025-04-19,CUST-00295,PROD-00065,4,0.0,122.16,88.68,33.48
ORD-007173,2024-08-26,2024-08-30,CUST-00037,PROD-00014,2,0.15,725.07,538.9,186.17
ORD-007174,2025-08-09,2025-08-12,CUST-00567,PROD-00156,6,0.2,241.63,165.24,76.39
ORD-007175,2025-01-30,2025-02-05,CUST-00203,PROD-00158,6,0.0,517.26,356.94,160.32
ORD-007176,2024-04-09,2024-04-12,CUST-00029,PROD-00160,5,0.0,150.75,111.1,39.65
ORD-007177,2025-01-20,2025-01-24,CUST-00272,PROD-00164,2,0.0,454.88,263.1,191.78
ORD-007178,2024-11-11,2024-11-16,CUST-00318,PROD-00211,3,0.15,1537.01,1048.53,488.48
ORD-007179,2024-05-18,2024-05-22,CUST-00165,PROD-00115,2,0.2,131.34,138.8,-7.46
ORD-007180,2025-10-07,2025-10-11,CUST-00267,PROD-00218,2,0.05,1241.25,770.84,470.41
ORD-007181,2024-01-09,2024-01-10,CUST-00475,PROD-00208,2,0.0,913.88,672.24,241.64
ORD-007182,2024-09-14,2024-09-16,CUST-00394,PROD-00060,2,0.15,404.29,288.5,115.79
ORD-007183,2024-01-10,2024-01-13,CUST-00515,PROD-00032,1,0.2,229.55,235.73,-6.18
ORD-007184,2024-03-14,2024-03-17,CUST-00556,PROD-00033,6,0.15,855.42,689.22,166.2
ORD-007185,2024-09-03,2024-09-09,CUST-00304,PROD-00043,4,0.0,1504.0,1010.2,493.8
ORD-007186,2024-02-11,2024-02-13,CUST-00480,PROD-00083,4,0.05,1863.18,1214.68,648.5
ORD-007187,2025-03-15,2025-03-20,CUST-00083,PROD-00156,7,0.2,281.9,192.78,89.12
ORD-007188,2024-03-07,2024-03-09,CUST-00319,PROD-00077,7,0.05,1214.69,1064.49,150.2
ORD-007189,2025-06-05,2025-06-09,CUST-00115,PROD-00081,1,0.05,390.31,250.88,139.43
ORD-007190,2024-02-10,2024-02-11,CUST-00154,PROD-00049,5,0.1,2224.08,1982.85,241.23
ORD-007191,2024-02-15,2024-02-18,CUST-00507,PROD-00132,7,0.05,1702.4,1031.17,671.23
ORD-007192,2024-09-09,2024-09-15,CUST-00126,PROD-00214,3,0.0,589.38,472.77,116.61
ORD-007193,2025-11-12,2025-11-13,CUST-00600,PROD-00128,3,0.0,1167.27,919.08,248.19
ORD-007194,2025-04-19,2025-04-21,CUST-00371,PROD-00063,3,0.0,992.52,813.75,178.77
ORD-007195,2025-08-14,2025-08-16,CUST-00001,PROD-00094,3,0.05,100.6,74.13,26.47
ORD-007196,2024-04-18,2024-04-19,CUST-00012,PROD-00166,2,0.0,1022.54,707.6,314.94
ORD-007197,2025-10-02,2025-10-08,CUST-00579,PROD-00167,6,0.1,1008.5,659.88,348.62
ORD-007198,2024-01-07,2024-01-09,CUST-00571,PROD-00207,6,0.0,2105.94,1651.26,454.68
ORD-007199,2024-06-17,2024-06-19,CUST-00458,PROD-00139,4,0.0,928.96,639.88,289.08
ORD-007200,2025-03-30,2025-04-03,CUST-00111,PROD-00094,5,0.0,176.5,123.55,52.95
ORD-007201,2024-11-01,2024-11-05,CUST-00328,PROD-00038,6,0.1,79.22,54.06,25.16
ORD-007202,2025-12-24,2025-12-26,CUST-00251,PROD-00167,7,0.2,1045.86,769.86,276.0
ORD-007203,2024-01-24,2024-01-30,CUST-00273,PROD-00107,3,0.1,678.05,435.24,242.81
ORD-007204,2025-12-31,2026-01-06,CUST-00087,PROD-00149,3,0.15,765.59,506.04,259.55
ORD-007205,2025-04-05,2025-04-10,CUST-00136,PROD-00077,3,0.15,465.78,456.21,9.57
ORD-007206,2025-02-14,2025-02-19,CUST-00185,PROD-00118,2,0.15,122.76,111.26,11.5
ORD-007207,2024-02-15,2024-02-17,CUST-00577,PROD-00066,1,0.3,155.25,157.32,-2.07
ORD-007208,2024-08-16,2024-08-18,CUST-00472,PROD-00154,7,0.05,1549.78,1090.25,459.53
ORD-007209,2025-11-25,2025-11-28,CUST-00164,PROD-00104,2,0.05,409.53,363.52,46.01
ORD-007210,2024-10-17,2024-10-23,CUST-00104,PROD-00108,2,0.05,407.8,294.2,113.6
ORD-007211,2025-05-04,2025-05-05,CUST-00326,PROD-00185,2,0.05,955.66,772.14,183.52
ORD-007212,2025-12-31,2026-01-05,CUST-00231,PROD-00135,5,0.0,2540.0,1690.25,849.75
ORD-007213,2024-08-08,2024-08-09,CUST-00595,PROD-00166,7,0.1,3221.0,2476.6,744.4
ORD-007214,2025-02-27,2025-03-01,CUST-00317,PROD-00051,5,0.15,321.72,207.9,113.82
ORD-007215,2025-05-31,2025-06-01,CUST-00466,PROD-00049,2,0.2,790.78,793.14,-2.36
ORD-007216,2024-05-06,2024-05-11,CUST-00425,PROD-00145,3,0.1,248.05,197.4,50.65
ORD-007217,2024-04-24,2024-04-28,CUST-00068,PROD-00210,4,0.05,110.01,84.04,25.97
ORD-007218,2024-12-10,2024-12-11,CUST-00421,PROD-00127,4,0.0,329.08,269.68,59.4
ORD-007219,2024-11-06,2024-11-08,CUST-00183,PROD-00088,2,0.0,215.04,118.48,96.56
ORD-007220,2025-06-19,2025-06-22,CUST-00556,PROD-00035,4,0.0,1407.04,1143.8,263.24
ORD-007221,2024-02-23,2024-02-24,CUST-00288,PROD-00218,4,0.15,2221.19,1541.68,679.51
ORD-007222,2025-12-18,2025-12-20,CUST-00127,PROD-00200,2,0.05,506.71,376.06,130.65
ORD-007223,2024-01-11,2024-01-16,CUST-00239,PROD-00176,2,0.1,742.93,603.44,139.49
ORD-007224,2025-03-19,2025-03-24,CUST-00509,PROD-00044,7,0.1,3360.86,2077.95,1282.91
ORD-007225,2025-02-17,2025-02-19,CUST-00033,PROD-00056,4,0.0,2619.08,1590.8,1028.28
ORD-007226,2024-04-13,2024-04-15,CUST-00132,PROD-00008,6,0.05,1231.43,772.26,459.17
ORD-007227,2024-04-25,2024-04-26,CUST-00351,PROD-00006,4,0.0,2076.88,1392.88,684.0
ORD-007228,2025-08-31,2025-09-03,CUST-00552,PROD-00012,6,0.05,3135.51,2091.66,1043.85
ORD-007229,2025-11-08,2025-11-14,CUST-00037,PROD-00205,1,0.1,519.91,324.03,195.88
ORD-007230,2024-08-23,2024-08-25,CUST-00318,PROD-00067,4,0.1,665.93,511.08,154.85
ORD-007231,2024-12-01,2024-12-02,CUST-00479,PROD-00167,5,0.0,933.8,549.9,383.9
ORD-007232,2024-10-17,2024-10-18,CUST-00364,PROD-00053,7,0.0,1777.37,1480.29,297.08
ORD-007233,2024-02-25,2024-02-28,CUST-00040,PROD-00174,4,0.1,795.71,704.08,91.63
ORD-007234,2025-05-13,2025-05-18,CUST-00225,PROD-00127,2,0.15,139.86,134.84,5.02
ORD-007235,2025-09-25,2025-09-28,CUST-00446,PROD-00032,1,0.05,272.59,235.73,36.86
ORD-007236,2024-09-09,2024-09-14,CUST-00541,PROD-00201,2,0.3,762.85,705.78,57.07
ORD-007237,2025-12-27,2025-12-31,CUST-00522,PROD-00062,2,0.0,1465.32,794.1,671.22
ORD-007238,2024-02-28,2024-03-04,CUST-00229,PROD-00100,7,0.0,1344.07,754.81,589.26
ORD-007239,2025-05-04,2025-05-10,CUST-00367,PROD-00031,4,0.0,660.8,478.68,182.12
ORD-007240,2024-12-06,2024-12-12,CUST-00541,PROD-00017,3,0.15,1372.13,892.41,479.72
ORD-007241,2024-12-06,2024-12-08,CUST-00175,PROD-00074,6,0.0,3545.1,2241.78,1303.32
ORD-007242,2024-12-11,2024-12-14,CUST-00202,PROD-00037,3,0.0,793.59,671.07,122.52
ORD-007243,2024-08-04,2024-08-08,CUST-00253,PROD-00115,4,0.0,328.36,277.6,50.76
ORD-007244,2025-06-20,2025-06-21,CUST-00064,PROD-00005,2,0.0,644.08,553.8,90.28
ORD-007245,2025-06-27,2025-07-01,CUST-00330,PROD-00036,3,0.2,1296.05,1103.28,192.77
ORD-007246,2024-08-23,2024-08-26,CUST-00349,PROD-00109,7,0.2,109.98,113.47,-3.49
ORD-007247,2025-10-03,2025-10-08,CUST-00523,PROD-00194,2,0.2,701.97,539.64,162.33
ORD-007248,2024-09-18,2024-09-21,CUST-00448,PROD-00035,3,0.1,949.75,857.85,91.9
ORD-007249,2025-07-01,2025-07-05,CUST-00080,PROD-00095,2,0.1,597.42,372.24,225.18
ORD-007250,2024-04-02,2024-04-03,CUST-00535,PROD-00185,1,0.0,502.98,386.07,116.91
ORD-007251,2024-05-09,2024-05-15,CUST-00462,PROD-00092,3,0.0,398.85,247.08,151.77
ORD-007252,2024-09-17,2024-09-22,CUST-00300,PROD-00089,6,0.2,1088.5,881.16,207.34
ORD-007253,2025-03-13,2025-03-15,CUST-00436,PROD-00129,7,0.0,3787.42,2091.25,1696.17
ORD-007254,2025-04-22,2025-04-27,CUST-00320,PROD-00136,2,0.15,385.07,304.76,80.31
ORD-007255,2024-11-11,2024-11-12,CUST-00013,PROD-00129,5,0.05,2570.03,1493.75,1076.28
ORD-007256,2024-02-29,2024-03-02,CUST-00108,PROD-00069,5,0.05,3372.22,1984.65,1387.57
ORD-007257,2024-11-01,2024-11-06,CUST-00367,PROD-00063,6,0.0,1985.04,1627.5,357.54
ORD-007258,2025-05-25,2025-05-27,CUST-00259,PROD-00173,5,0.0,1338.9,1105.35,233.55
ORD-007259,2025-05-11,2025-05-12,CUST-00452,PROD-00014,5,0.1,1919.3,1347.25,572.05
ORD-007260,2024-05-02,2024-05-04,CUST-00441,PROD-00143,4,0.1,156.06,123.8,32.26
ORD-007261,2024-01-06,2024-01-09,CUST-00448,PROD-00214,4,0.15,667.96,630.36,37.6
ORD-007262,2025-07-31,2025-08-04,CUST-00515,PROD-00181,2,0.05,663.5,369.78,293.72
ORD-007263,2024-03-22,2024-03-23,CUST-00072,PROD-00182,7,0.3,1343.29,1572.13,-228.84
ORD-007264,2024-03-04,2024-03-06,CUST-00310,PROD-00187,3,0.0,899.16,489.66,409.5
ORD-007265,2024-01-03,2024-01-05,CUST-00585,PROD-00128,6,0.0,2334.54,1838.16,496.38
ORD-007266,2024-11-29,2024-12-04,CUST-00355,PROD-00154,7,0.3,1141.94,1090.25,51.69
ORD-007267,2025-01-03,2025-01-09,CUST-00475,PROD-00076,1,0.0,247.0,132.47,114.53
ORD-007268,2025-04-16,2025-04-21,CUST-00474,PROD-00039,5,0.1,573.8,487.05,86.75
ORD-007269,2024-09-02,2024-09-05,CUST-00343,PROD-00179,6,0.1,1274.72,824.64,450.08
ORD-007270,2025-06-15,2025-06-16,CUST-00596,PROD-00191,7,0.0,3195.08,2307.13,887.95
ORD-007271,2024-05-09,2024-05-14,CUST-00094,PROD-00095,4,0.2,1062.08,744.48,317.6
ORD-007272,2025-09-30,2025-10-06,CUST-00112,PROD-00047,2,0.15,841.38,790.42,50.96
ORD-007273,2025-02-24,2025-03-02,CUST-00281,PROD-00113,4,0.15,568.04,537.24,30.8
ORD-007274,2025-03-05,2025-03-11,CUST-00540,PROD-00192,5,0.0,368.9,203.6,165.3
ORD-007275,2024-06-13,2024-06-16,CUST-00015,PROD-00128,7,0.0,2723.63,2144.52,579.11
ORD-007276,2024-02-26,2024-03-02,CUST-00203,PROD-00157,3,0.1,1368.47,881.91,486.56
ORD-007277,2024-12-14,2024-12-17,CUST-00169,PROD-00020,3,0.05,632.33,410.19,222.14
ORD-007278,2025-03-30,2025-04-04,CUST-00193,PROD-00131,4,0.0,2106.56,1196.0,910.56
ORD-007279,2024-03-13,2024-03-18,CUST-00549,PROD-00132,6,0.0,1536.0,883.86,652.14
ORD-007280,2025-12-08,2025-12-09,CUST-00337,PROD-00084,4,0.1,325.19,299.6,25.59
ORD-007281,2025-12-22,2025-12-26,CUST-00106,PROD-00102,1,0.0,243.52,184.45,59.07
ORD-007282,2025-02-04,2025-02-07,CUST-00352,PROD-00080,6,0.05,1191.58,701.28,490.3
ORD-007283,2025-12-08,2025-12-11,CUST-00477,PROD-00001,6,0.0,242.7,128.4,114.3
ORD-007284,2024-05-17,2024-05-23,CUST-00501,PROD-00130,6,0.15,1476.14,992.34,483.8
ORD-007285,2024-01-20,2024-01-25,CUST-00455,PROD-00066,2,0.1,399.2,314.64,84.56
ORD-007286,2024-01-31,2024-02-01,CUST-00403,PROD-00083,7,0.05,3260.56,2125.69,1134.87
ORD-007287,2025-03-08,2025-03-13,CUST-00146,PROD-00113,1,0.2,133.66,134.31,-0.65
ORD-007288,2024-02-17,2024-02-22,CUST-00456,PROD-00011,4,0.05,683.85,618.88,64.97
ORD-007289,2025-12-12,2025-12-14,CUST-00102,PROD-00166,6,0.0,3067.62,2122.8,944.82
ORD-007290,2024-04-18,2024-04-24,CUST-00200,PROD-00201,2,0.0,1089.78,705.78,384.0
ORD-007291,2024-09-09,2024-09-13,CUST-00102,PROD-00136,3,0.0,679.53,457.14,222.39
ORD-007292,2025-09-23,2025-09-26,CUST-00197,PROD-00204,7,0.0,2977.31,1842.75,1134.56
ORD-007293,2024-06-23,2024-06-24,CUST-00133,PROD-00020,4,0.15,754.36,546.92,207.44
ORD-007294,2024-07-20,2024-07-24,CUST-00498,PROD-00192,4,0.05,280.36,162.88,117.48
ORD-007295,2025-04-19,2025-04-25,CUST-00459,PROD-00002,7,0.2,2477.94,2626.05,-148.11
ORD-007296,2024-08-18,2024-08-23,CUST-00263,PROD-00038,2,0.1,26.41,18.02,8.39
ORD-007297,2024-06-22,2024-06-26,CUST-00128,PROD-00019,4,0.05,906.03,529.36,376.67
ORD-007298,2024-08-01,2024-08-07,CUST-00140,PROD-00126,7,0.0,3648.19,2136.47,1511.72
ORD-007299,2024-12-27,2024-12-28,CUST-00564,PROD-00125,1,0.0,367.3,206.29,161.01
ORD-007300,2025-12-15,2025-12-20,CUST-00132,PROD-00177,4,0.0,1937.44,1296.44,641.0
ORD-007301,2025-09-30,2025-10-03,CUST-00319,PROD-00015,6,0.15,2418.37,2398.62,19.75
ORD-007302,2024-08-24,2024-08-26,CUST-00567,PROD-00172,5,0.05,670.41,485.7,184.71
ORD-007303,2024-10-24,2024-10-29,CUST-00427,PROD-00072,6,0.05,2609.75,1973.64,636.11
ORD-007304,2024-12-14,2024-12-20,CUST-00075,PROD-00184,6,0.2,1286.35,1110.42,175.93
ORD-007305,2025-12-21,2025-12-27,CUST-00243,PROD-00089,2,0.1,408.19,293.72,114.47
ORD-007306,2024-05-12,2024-05-16,CUST-00308,PROD-00147,2,0.1,1329.71,798.7,531.01
ORD-007307,2024-10-19,2024-10-25,CUST-00339,PROD-00194,7,0.0,3071.11,1888.74,1182.37
ORD-007308,2025-07-06,2025-07-07,CUST-00163,PROD-00102,3,0.3,511.39,553.35,-41.96
ORD-007309,2025-12-14,2025-12-18,CUST-00414,PROD-00113,3,0.0,501.21,402.93,98.28
ORD-007310,2024-04-29,2024-05-01,CUST-00456,PROD-00217,2,0.0,1111.22,663.62,447.6
ORD-007311,2024-07-03,2024-07-05,CUST-00152,PROD-00026,7,0.0,2971.78,1724.1,1247.68
ORD-007312,2024-07-01,2024-07-05,CUST-00167,PROD-00097,4,0.1,1003.14,778.4,224.74
ORD-007313,2024-01-17,2024-01-18,CUST-00299,PROD-00195,4,0.0,2575.28,1568.28,1007.0
ORD-007314,2025-03-21,2025-03-27,CUST-00478,PROD-00166,6,0.05,2914.24,2122.8,791.44
ORD-007315,2025-05-11,2025-05-12,CUST-00447,PROD-00187,4,0.0,1198.88,652.88,546.0
ORD-007316,2025-03-20,2025-03-26,CUST-00427,PROD-00186,2,0.15,858.02,637.6,220.42
ORD-007317,2024-02-24,2024-02-27,CUST-00594,PROD-00040,4,0.0,1093.4,597.68,495.72
ORD-007318,2024-02-23,2024-02-25,CUST-00375,PROD-00059,5,0.05,517.94,374.15,143.79
ORD-007319,2024-06-14,2024-06-18,CUST-00360,PROD-00066,3,0.0,665.34,471.96,193.38
ORD-007320,2024-08-29,2024-08-30,CUST-00264,PROD-00032,3,0.1,774.74,707.19,67.55
ORD-007321,2025-08-26,2025-08-29,CUST-00492,PROD-00021,4,0.0,981.28,628.48,352.8
ORD-007322,2024-05-02,2024-05-05,CUST-00541,PROD-00071,5,0.0,3055.2,1741.4,1313.8
ORD-007323,2024-02-03,2024-02-07,CUST-00289,PROD-00025,1,0.15,87.2,66.4,20.8
ORD-007324,2024-11-10,2024-11-14,CUST-00313,PROD-00097,2,0.1,501.57,389.2,112.37
ORD-007325,2024-11-21,2024-11-26,CUST-00057,PROD-00123,7,0.05,2952.2,2628.22,323.98
ORD-007326,2024-12-08,2024-12-14,CUST-00310,PROD-00051,4,0.0,302.8,166.32,136.48
ORD-007327,2025-09-26,2025-09-29,CUST-00002,PROD-00020,3,0.2,532.49,410.19,122.3
ORD-007328,2024-03-16,2024-03-18,CUST-00375,PROD-00216,7,0.0,3372.32,2707.39,664.93
ORD-007329,2025-06-08,2025-06-14,CUST-00225,PROD-00170,2,0.15,158.13,159.48,-1.35
ORD-007330,2024-10-04,2024-10-07,CUST-00151,PROD-00036,6,0.0,3240.12,2206.56,1033.56
ORD-007331,2024-09-13,2024-09-15,CUST-00030,PROD-00210,1,0.1,26.06,21.01,5.05
ORD-007332,2025-11-29,2025-11-30,CUST-00149,PROD-00118,4,0.1,259.96,222.52,37.44
ORD-007333,2024-07-26,2024-07-29,CUST-00563,PROD-00024,6,0.1,1236.49,1175.04,61.45
ORD-007334,2025-04-19,2025-04-21,CUST-00276,PROD-00080,4,0.0,836.2,467.52,368.68
ORD-007335,2024-08-17,2024-08-22,CUST-00402,PROD-00065,7,0.15,181.71,155.19,26.52
ORD-007336,2025-01-05,2025-01-11,CUST-00513,PROD-00147,7,0.0,5171.11,2795.45,2375.66
ORD-007337,2025-08-26,2025-08-30,CUST-00226,PROD-00007,4,0.0,881.92,569.28,312.64
ORD-007338,2025-11-05,2025-11-10,CUST-00591,PROD-00153,6,0.0,3039.18,2260.5,778.68
ORD-007339,2025-10-05,2025-10-11,CUST-00283,PROD-00119,3,0.1,1772.63,1191.09,581.54
ORD-007340,2025-03-04,2025-03-08,CUST-00308,PROD-00051,2,0.1,136.26,83.16,53.1
ORD-007341,2024-07-26,2024-07-31,CUST-00311,PROD-00053,1,0.05,241.21,211.47,29.74
ORD-007342,2025-05-04,2025-05-06,CUST-00480,PROD-00134,1,0.05,519.59,383.56,136.03
ORD-007343,2025-06-14,2025-06-17,CUST-00355,PROD-00006,4,0.0,2076.88,1392.88,684.0
ORD-007344,2024-01-09,2024-01-15,CUST-00277,PROD-00192,5,0.0,368.9,203.6,165.3
ORD-007345,2024-12-02,2024-12-07,CUST-00018,PROD-00158,2,0.05,163.8,118.98,44.82
ORD-007346,2025-10-09,2025-10-13,CUST-00226,PROD-00202,6,0.15,2073.61,1990.68,82.93
ORD-007347,2024-12-26,2024-12-27,CUST-00319,PROD-00195,1,0.15,547.25,392.07,155.18
ORD-007348,2024-09-14,2024-09-15,CUST-00476,PROD-00150,4,0.0,1982.04,1522.08,459.96
ORD-007349,2025-10-31,2025-11-02,CUST-00289,PROD-00175,3,0.1,1092.15,810.78,281.37
ORD-007350,2024-04-29,2024-04-30,CUST-00324,PROD-00039,1,0.0,127.51,97.41,30.1
ORD-007351,2024-06-10,2024-06-11,CUST-00221,PROD-00145,6,0.1,496.1,394.8,101.3
ORD-007352,2025-05-24,2025-05-30,CUST-00132,PROD-00137,5,0.05,485.36,310.15,175.21
ORD-007353,2024-10-15,2024-10-18,CUST-00435,PROD-00218,7,0.0,4573.03,2697.94,1875.09
ORD-007354,2025-06-18,2025-06-20,CUST-00345,PROD-00036,4,0.2,1728.06,1471.04,257.02
ORD-007355,2024-05-01,2024-05-07,CUST-00562,PROD-00057,7,0.0,1793.33,1280.79,512.54
ORD-007356,2024-07-30,2024-08-04,CUST-00501,PROD-00217,5,0.1,2500.25,1659.05,841.2
ORD-007357,2024-04-30,2024-05-05,CUST-00360,PROD-00054,5,0.0,1752.25,1294.75,457.5
ORD-007358,2025-12-09,2025-12-13,CUST-00411,PROD-00005,3,0.05,917.81,830.7,87.11
ORD-007359,2024-11-16,2024-11-18,CUST-00460,PROD-00109,6,0.3,82.49,97.26,-14.77
ORD-007360,2024-10-04,2024-10-09,CUST-00532,PROD-00186,6,0.0,3028.32,1912.8,1115.52
ORD-007361,2024-01-11,2024-01-15,CUST-00291,PROD-00190,5,0.05,1353.28,1212.3,140.98
ORD-007362,2024-04-27,2024-05-01,CUST-00554,PROD-00172,7,0.1,889.18,679.98,209.2
ORD-007363,2024-11-23,2024-11-26,CUST-00255,PROD-00209,2,0.0,911.9,695.24,216.66
ORD-007364,2024-02-22,2024-02-28,CUST-00100,PROD-00212,3,0.2,1416.67,1081.05,335.62
ORD-007365,2025-01-08,2025-01-11,CUST-00157,PROD-00042,6,0.3,2372.83,2049.96,322.87
ORD-007366,2024-12-10,2024-12-15,CUST-00360,PROD-00024,6,0.05,1305.19,1175.04,130.15
ORD-007367,2025-08-11,2025-08-15,CUST-00326,PROD-00078,1,0.1,107.98,99.16,8.82
ORD-007368,2025-05-03,2025-05-07,CUST-00089,PROD-00015,5,0.2,1896.76,1998.85,-102.09
ORD-007369,2024-12-05,2024-12-10,CUST-00178,PROD-00206,5,0.15,404.98,287.5,117.48
ORD-007370,2024-06-30,2024-07-05,CUST-00339,PROD-00136,5,0.0,1132.55,761.9,370.65
ORD-007371,2025-07-03,2025-07-09,CUST-00137,PROD-00107,2,0.1,452.03,290.16,161.87
ORD-007372,2025-06-12,2025-06-17,CUST-00382,PROD-00032,6,0.1,1549.48,1414.38,135.1
ORD-007373,2024-04-27,2024-04-29,CUST-00476,PROD-00209,6,0.0,2735.7,2085.72,649.98
ORD-007374,2025-11-21,2025-11-24,CUST-00430,PROD-00069,2,0.05,1348.89,793.86,555.03
ORD-007375,2024-02-19,2024-02-21,CUST-00043,PROD-00170,5,0.1,418.59,398.7,19.89
ORD-007376,2024-02-12,2024-02-13,CUST-00270,PROD-00145,1,0.2,73.5,65.8,7.7
ORD-007377,2024-05-23,2024-05-24,CUST-00475,PROD-00048,3,0.0,808.44,544.65,263.79
ORD-007378,2025-11-18,2025-11-22,CUST-00045,PROD-00031,7,0.2,925.12,837.69,87.43
ORD-007379,2025-01-15,2025-01-16,CUST-00504,PROD-00168,2,0.15,186.68,129.66,57.02
ORD-007380,2025-08-27,2025-08-29,CUST-00224,PROD-00153,7,0.0,3545.71,2637.25,908.46
ORD-007381,2024-07-03,2024-07-05,CUST-00226,PROD-00200,3,0.2,640.06,564.09,75.97
ORD-007382,2024-12-26,2025-01-01,CUST-00277,PROD-00003,2,0.1,172.01,157.12,14.89
ORD-007383,2024-10-20,2024-10-24,CUST-00574,PROD-00005,3,0.0,966.12,830.7,135.42
ORD-007384,2025-09-27,2025-09-30,CUST-00238,PROD-00061,7,0.15,1165.25,1105.65,59.6
ORD-007385,2024-01-18,2024-01-24,CUST-00178,PROD-00062,2,0.1,1318.79,794.1,524.69
ORD-007386,2024-07-21,2024-07-22,CUST-00483,PROD-00059,4,0.1,392.54,299.32,93.22
ORD-007387,2024-04-27,2024-05-03,CUST-00447,PROD-00023,7,0.1,2937.25,2139.62,797.63
ORD-007388,2025-10-21,2025-10-23,CUST-00029,PROD-00034,2,0.15,171.75,112.6,59.15
ORD-007389,2024-12-16,2024-12-21,CUST-00101,PROD-00141,7,0.0,2555.28,1594.46,960.82
ORD-007390,2024-11-15,2024-11-19,CUST-00206,PROD-00089,2,0.05,430.86,293.72,137.14
ORD-007391,2024-12-07,2024-12-11,CUST-00136,PROD-00005,5,0.05,1529.69,1384.5,145.19
ORD-007392,2025-12-18,2025-12-19,CUST-00314,PROD-00148,3,0.1,1059.99,773.76,286.23
ORD-007393,2025-10-14,2025-10-18,CUST-00424,PROD-00016,4,0.2,2180.0,1589.56,590.44
ORD-007394,2025-06-10,2025-06-14,CUST-00020,PROD-00032,2,0.0,573.88,471.46,102.42
ORD-007395,2024-08-29,2024-08-31,CUST-00279,PROD-00127,5,0.1,370.22,337.1,33.12
ORD-007396,2024-05-06,2024-05-12,CUST-00038,PROD-00206,3,0.05,271.58,172.5,99.08
ORD-007397,2025-11-24,2025-11-30,CUST-00537,PROD-00142,5,0.05,1352.99,1220.2,132.79
ORD-007398,2024-11-24,2024-11-29,CUST-00125,PROD-00036,1,0.0,540.02,367.76,172.26
ORD-007399,2024-08-20,2024-08-23,CUST-00194,PROD-00162,4,0.05,544.69,452.44,92.25
ORD-007400,2024-12-17,2024-12-21,CUST-00450,PROD-00052,1,0.15,181.69,151.85,29.84
ORD-007401,2025-11-22,2025-11-28,CUST-00103,PROD-00005,3,0.0,966.12,830.7,135.42
ORD-007402,2024-11-07,2024-11-10,CUST-00229,PROD-00196,3,0.0,1054.47,682.26,372.21
ORD-007403,2025-02-17,2025-02-18,CUST-00374,PROD-00024,2,0.05,435.06,391.68,43.38
ORD-007404,2025-09-08,2025-09-14,CUST-00112,PROD-00038,6,0.1,79.22,54.06,25.16
ORD-007405,2024-11-26,2024-11-28,CUST-00197,PROD-00158,2,0.3,120.69,118.98,1.71
ORD-007406,2024-07-09,2024-07-15,CUST-00402,PROD-00187,5,0.0,1498.6,816.1,682.5
ORD-007407,2025-12-29,2026-01-03,CUST-00589,PROD-00082,5,0.2,1186.52,1146.3,40.22
ORD-007408,2025-12-11,2025-12-13,CUST-00189,PROD-00099,6,0.05,2817.97,1597.26,1220.71
ORD-007409,2025-10-09,2025-10-13,CUST-00460,PROD-00194,3,0.0,1316.19,809.46,506.73
ORD-007410,2025-05-25,2025-05-27,CUST-00311,PROD-00074,6,0.05,3367.84,2241.78,1126.06
ORD-007411,2024-09-01,2024-09-03,CUST-00246,PROD-00015,3,0.0,1422.57,1199.31,223.26
ORD-007412,2025-11-20,2025-11-23,CUST-00141,PROD-00109,1,0.0,19.64,16.21,3.43
ORD-007413,2024-08-17,2024-08-19,CUST-00578,PROD-00144,6,0.2,766.37,541.56,224.81
ORD-007414,2025-09-06,2025-09-11,CUST-00210,PROD-00105,2,0.0,695.46,577.6,117.86
ORD-007415,2025-11-22,2025-11-26,CUST-00547,PROD-00104,4,0.0,862.16,727.04,135.12
ORD-007416,2025-03-20,2025-03-21,CUST-00300,PROD-00085,4,0.1,286.09,190.44,95.65
ORD-007417,2025-09-08,2025-09-11,CUST-00420,PROD-00024,1,0.05,217.53,195.84,21.69
ORD-007418,2025-08-30,2025-09-05,CUST-00011,PROD-00173,6,0.05,1526.35,1326.42,199.93
ORD-007419,2024-05-28,2024-05-30,CUST-00086,PROD-00132,7,0.2,1433.6,1031.17,402.43
ORD-007420,2025-05-09,2025-05-10,CUST-00531,PROD-00082,4,0.2,949.22,917.04,32.18
ORD-007421,2024-03-12,2024-03-17,CUST-00261,PROD-00160,5,0.1,135.68,111.1,24.58
ORD-007422,2025-01-06,2025-01-12,CUST-00427,PROD-00086,7,0.0,2370.41,1793.47,576.94
ORD-007423,2024-05-04,2024-05-07,CUST-00336,PROD-00005,2,0.15,547.47,553.8,-6.33
ORD-007424,2024-11-21,2024-11-23,CUST-00582,PROD-00139,7,0.05,1544.4,1119.79,424.61
ORD-007425,2025-10-01,2025-10-04,CUST-00279,PROD-00065,4,0.2,97.73,88.68,9.05
ORD-007426,2025-12-25,2025-12-30,CUST-00131,PROD-00012,4,0.1,1980.32,1394.44,585.88
ORD-007427,2024-09-19,2024-09-21,CUST-00117,PROD-00149,5,0.1,1351.04,843.4,507.64
ORD-007428,2025-01-25,2025-01-29,CUST-00427,PROD-00005,4,0.3,901.71,1107.6,-205.89
ORD-007429,2025-01-09,2025-01-11,CUST-00001,PROD-00008,7,0.15,1285.44,900.97,384.47
ORD-007430,2025-12-10,2025-12-14,CUST-00571,PROD-00217,7,0.0,3889.27,2322.67,1566.6
ORD-007431,2024-12-21,2024-12-25,CUST-00140,PROD-00145,5,0.0,459.35,329.0,130.35
ORD-007432,2025-06-02,2025-06-08,CUST-00104,PROD-00208,7,0.1,2878.72,2352.84,525.88
ORD-007433,2025-11-24,2025-11-25,CUST-00179,PROD-00011,1,0.1,161.96,154.72,7.24
ORD-007434,2024-10-31,2024-11-06,CUST-00575,PROD-00212,2,0.05,1121.53,720.7,400.83
ORD-007435,2025-11-15,2025-11-21,CUST-00263,PROD-00171,7,0.05,473.61,299.81,173.8
ORD-007436,2025-11-22,2025-11-27,CUST-00025,PROD-00193,1,0.2,201.7,133.31,68.39
ORD-007437,2025-11-28,2025-12-04,CUST-00490,PROD-00024,1,0.1,206.08,195.84,10.24
ORD-007438,2024-08-13,2024-08-17,CUST-00590,PROD-00090,4,0.0,1196.6,638.92,557.68
ORD-007439,2024-11-13,2024-11-17,CUST-00415,PROD-00128,3,0.0,1167.27,919.08,248.19
ORD-007440,2025-10-30,2025-11-01,CUST-00021,PROD-00055,7,0.2,1692.43,1518.44,173.99
ORD-007441,2024-10-20,2024-10-21,CUST-00129,PROD-00024,3,0.2,549.55,587.52,-37.97
ORD-007442,2025-03-18,2025-03-23,CUST-00295,PROD-00055,4,0.0,1208.88,867.68,341.2
ORD-007443,2024-03-31,2024-04-04,CUST-00156,PROD-00184,5,0.15,1138.96,925.35,213.61
ORD-007444,2024-02-13,2024-02-15,CUST-00285,PROD-00069,3,0.05,2023.33,1190.79,832.54
ORD-007445,2024-11-19,2024-11-22,CUST-00248,PROD-00103,4,0.05,1013.42,844.88,168.54
ORD-007446,2025-03-02,2025-03-04,CUST-00087,PROD-00112,2,0.15,685.17,520.82,164.35
ORD-007447,2024-11-10,2024-11-11,CUST-00586,PROD-00002,1,0.1,398.24,375.15,23.09
ORD-007448,2025-03-01,2025-03-03,CUST-00583,PROD-00083,1,0.3,343.22,303.67,39.55
ORD-007449,2025-01-12,2025-01-14,CUST-00043,PROD-00051,7,0.05,503.4,291.06,212.34
ORD-007450,2025-05-23,2025-05-27,CUST-00235,PROD-00163,3,0.0,178.74,97.68,81.06
ORD-007451,2025-04-25,2025-04-26,CUST-00481,PROD-00001,4,0.0,161.8,85.6,76.2
ORD-007452,2024-11-25,2024-11-27,CUST-00185,PROD-00116,4,0.0,549.08,384.2,164.88
ORD-007453,2024-11-25,2024-11-28,CUST-00093,PROD-00180,3,0.05,965.78,799.71,166.07
ORD-007454,2024-04-18,2024-04-23,CUST-00542,PROD-00131,4,0.1,1895.9,1196.0,699.9
ORD-007455,2025-01-10,2025-01-13,CUST-00411,PROD-00116,1,0.1,123.54,96.05,27.49
ORD-007456,2025-03-08,2025-03-14,CUST-00329,PROD-00016,6,0.05,3883.12,2384.34,1498.78
ORD-007457,2024-12-20,2024-12-21,CUST-00234,PROD-00141,1,0.15,310.28,227.78,82.5
ORD-007458,2024-09-25,2024-09-30,CUST-00410,PROD-00049,2,0.05,939.06,793.14,145.92
ORD-007459,2025-06-27,2025-06-29,CUST-00149,PROD-00157,4,0.2,1621.89,1175.88,446.01
ORD-007460,2024-02-27,2024-02-28,CUST-00596,PROD-00103,7,0.0,1866.83,1478.54,388.29
ORD-007461,2025-11-20,2025-11-26,CUST-00589,PROD-00043,5,0.05,1786.0,1262.75,523.25
ORD-007462,2024-01-16,2024-01-20,CUST-00250,PROD-00052,1,0.05,203.06,151.85,51.21
ORD-007463,2025-12-13,2025-12-16,CUST-00251,PROD-00058,1,0.0,491.31,383.39,107.92
ORD-007464,2024-12-13,2024-12-14,CUST-00521,PROD-00164,1,0.1,204.7,131.55,73.15
ORD-007465,2024-11-19,2024-11-23,CUST-00350,PROD-00135,6,0.05,2895.6,2028.3,867.3
ORD-007466,2024-08-03,2024-08-07,CUST-00494,PROD-00202,6,0.05,2317.56,1990.68,326.88
ORD-007467,2024-01-08,2024-01-11,CUST-00508,PROD-00205,6,0.05,3292.78,1944.18,1348.6
ORD-007468,2024-08-17,2024-08-22,CUST-00201,PROD-00165,1,0.3,19.09,16.55,2.54
ORD-007469,2024-03-24,2024-03-29,CUST-00582,PROD-00116,7,0.05,912.85,672.35,240.5
ORD-007470,2025-05-03,2025-05-08,CUST-00486,PROD-00183,2,0.0,667.74,438.34,229.4
ORD-007471,2024-09-20,2024-09-25,CUST-00231,PROD-00055,4,0.15,1027.55,867.68,159.87
ORD-007472,2025-08-11,2025-08-12,CUST-00081,PROD-00164,3,0.05,648.2,394.65,253.55
ORD-007473,2024-06-10,2024-06-14,CUST-00219,PROD-00140,7,0.0,2179.73,1818.53,361.2
ORD-007474,2025-11-14,2025-11-16,CUST-00381,PROD-00152,1,0.1,358.26,237.9,120.36
ORD-007475,2025-01-18,2025-01-23,CUST-00210,PROD-00022,6,0.0,1269.3,1093.26,176.04
ORD-007476,2024-03-28,2024-03-31,CUST-00600,PROD-00173,5,0.05,1271.95,1105.35,166.6
ORD-007477,2024-11-14,2024-11-18,CUST-00338,PROD-00015,5,0.3,1659.66,1998.85,-339.19
ORD-007478,2024-06-10,2024-06-16,CUST-00580,PROD-00068,4,0.05,1692.56,1401.4,291.16
ORD-007479,2024-06-02,2024-06-03,CUST-00315,PROD-00058,3,0.05,1400.23,1150.17,250.06
ORD-007480,2025-01-05,2025-01-06,CUST-00056,PROD-00203,3,0.0,1855.98,1088.7,767.28
ORD-007481,2025-05-12,2025-05-13,CUST-00433,PROD-00211,5,0.0,3013.75,1747.55,1266.2
ORD-007482,2025-11-19,2025-11-20,CUST-00024,PROD-00044,4,0.0,2133.88,1187.4,946.48
ORD-007483,2025-01-02,2025-01-06,CUST-00492,PROD-00184,7,0.15,1594.54,1295.49,299.05
ORD-007484,2025-12-15,2025-12-17,CUST-00483,PROD-00165,5,0.3,95.44,82.75,12.69
ORD-007485,2025-12-03,2025-12-07,CUST-00450,PROD-00120,1,0.05,161.79,109.31,52.48
ORD-007486,2025-10-26,2025-11-01,CUST-00485,PROD-00163,5,0.05,283.0,162.8,120.2
ORD-007487,2024-12-31,2025-01-01,CUST-00514,PROD-00097,1,0.1,250.78,194.6,56.18
ORD-007488,2024-04-18,2024-04-22,CUST-00433,PROD-00215,5,0.1,923.22,868.2,55.02
ORD-007489,2024-06-22,2024-06-28,CUST-00191,PROD-00082,7,0.2,1661.13,1604.82,56.31
ORD-007490,2025-04-23,2025-04-29,CUST-00217,PROD-00206,6,0.05,543.15,345.0,198.15
ORD-007491,2024-11-24,2024-11-25,CUST-00078,PROD-00067,2,0.05,351.46,255.54,95.92
ORD-007492,2024-04-22,2024-04-26,CUST-00437,PROD-00199,2,0.05,1098.6,611.52,487.08
ORD-007493,2024-12-21,2024-12-27,CUST-00525,PROD-00195,4,0.05,2446.52,1568.28,878.24
ORD-007494,2024-01-14,2024-01-19,CUST-00598,PROD-00180,5,0.15,1440.2,1332.85,107.35
ORD-007495,2025-07-11,2025-07-16,CUST-00215,PROD-00102,4,0.05,925.38,737.8,187.58
ORD-007496,2024-02-26,2024-02-27,CUST-00568,PROD-00220,6,0.3,278.21,330.84,-52.63
ORD-007497,2025-04-09,2025-04-15,CUST-00466,PROD-00217,4,0.15,1889.07,1327.24,561.83
ORD-007498,2025-08-31,2025-09-04,CUST-00460,PROD-00182,6,0.05,1562.6,1347.54,215.06
ORD-007499,2024-04-11,2024-04-16,CUST-00060,PROD-00217,7,0.0,3889.27,2322.67,1566.6
ORD-007500,2025-01-14,2025-01-17,CUST-00179,PROD-00067,1,0.15,157.23,127.77,29.46
ORD-007501,2025-08-21,2025-08-25,CUST-00068,PROD-00082,3,0.1,800.9,687.78,113.12
ORD-007502,2024-08-06,2024-08-08,CUST-00578,PROD-00033,5,0.0,838.65,574.35,264.3
ORD-007503,2024-05-05,2024-05-11,CUST-00324,PROD-00123,1,0.05,421.74,375.46,46.28
ORD-007504,2024-10-03,2024-10-08,CUST-00517,PROD-00161,6,0.0,1182.36,687.6,494.76
ORD-007505,2025-02-11,2025-02-15,CUST-00517,PROD-00195,3,0.1,1738.31,1176.21,562.1
ORD-007506,2025-02-27,2025-03-03,CUST-00169,PROD-00217,7,0.3,2722.49,2322.67,399.82
ORD-007507,2024-04-10,2024-04-11,CUST-00476,PROD-00178,5,0.0,1425.35,1014.6,410.75
ORD-007508,2024-12-11,2024-12-12,CUST-00138,PROD-00218,1,0.1,587.96,385.42,202.54
ORD-007509,2024-08-12,2024-08-15,CUST-00377,PROD-00074,3,0.0,1772.55,1120.89,651.66
ORD-007510,2025-10-08,2025-10-11,CUST-00422,PROD-00168,7,0.1,691.8,453.81,237.99
ORD-007511,2024-09-16,2024-09-17,CUST-00247,PROD-00205,4,0.0,2310.72,1296.12,1014.6
ORD-007512,2025-10-05,2025-10-11,CUST-00387,PROD-00086,4,0.3,948.16,1024.84,-76.68
ORD-007513,2024-11-27,2024-11-30,CUST-00402,PROD-00084,6,0.2,433.58,449.4,-15.82
ORD-007514,2025-07-03,2025-07-04,CUST-00585,PROD-00081,4,0.1,1479.06,1003.52,475.54
ORD-007515,2025-01-08,2025-01-12,CUST-00349,PROD-00022,6,0.0,1269.3,1093.26,176.04
ORD-007516,2025-04-04,2025-04-10,CUST-00534,PROD-00197,1,0.05,122.93,90.22,32.71
ORD-007517,2024-11-11,2024-11-14,CUST-00419,PROD-00069,7,0.0,4969.58,2778.51,2191.07
ORD-007518,2025-08-12,2025-08-16,CUST-00319,PROD-00086,3,0.2,812.71,768.63,44.08
ORD-007519,2024-11-25,2024-11-27,CUST-00590,PROD-00123,1,0.15,377.35,375.46,1.89
ORD-007520,2024-12-11,2024-12-14,CUST-00017,PROD-00034,2,0.0,202.06,112.6,89.46
ORD-007521,2025-01-14,2025-01-18,CUST-00446,PROD-00162,4,0.05,544.69,452.44,92.25
ORD-007522,2025-09-30,2025-10-02,CUST-00114,PROD-00097,6,0.0,1671.9,1167.6,504.3
ORD-007523,2025-05-02,2025-05-03,CUST-00322,PROD-00072,5,0.1,2060.33,1644.7,415.63
ORD-007524,2024-10-13,2024-10-14,CUST-00124,PROD-00157,7,0.3,2483.52,2057.79,425.73
ORD-007525,2025-05-11,2025-05-12,CUST-00235,PROD-00190,6,0.0,1709.4,1454.76,254.64
ORD-007526,2025-04-19,2025-04-21,CUST-00018,PROD-00191,6,0.0,2738.64,1977.54,761.1
ORD-007527,2025-11-28,2025-12-04,CUST-00120,PROD-00096,6,0.1,561.92,347.16,214.76
ORD-007528,2025-10-07,2025-10-09,CUST-00046,PROD-00035,4,0.1,1266.34,1143.8,122.54
ORD-007529,2025-04-23,2025-04-27,CUST-00285,PROD-00134,1,0.05,519.59,383.56,136.03
ORD-007530,2024-10-07,2024-10-11,CUST-00260,PROD-00080,4,0.0,836.2,467.52,368.68
ORD-007531,2025-08-21,2025-08-23,CUST-00084,PROD-00154,4,0.0,932.2,623.0,309.2
ORD-007532,2025-02-27,2025-03-05,CUST-00346,PROD-00155,1,0.0,283.71,187.61,96.1
ORD-007533,2025-12-24,2025-12-26,CUST-00378,PROD-00087,2,0.05,393.62,256.1,137.52
ORD-007534,2024-07-25,2024-07-26,CUST-00488,PROD-00052,1,0.15,181.69,151.85,29.84
ORD-007535,2024-03-02,2024-03-08,CUST-00293,PROD-00190,7,0.05,1894.58,1697.22,197.36
ORD-007536,2024-02-23,2024-02-25,CUST-00017,PROD-00216,5,0.05,2288.36,1933.85,354.51
ORD-007537,2025-04-17,2025-04-18,CUST-00544,PROD-00019,3,0.1,643.76,397.02,246.74
ORD-007538,2025-12-02,2025-12-03,CUST-00533,PROD-00215,6,0.0,1230.96,1041.84,189.12
ORD-007539,2024-01-02,2024-01-05,CUST-00113,PROD-00098,6,0.05,3273.68,1894.38,1379.3
ORD-007540,2025-07-02,2025-07-07,CUST-00208,PROD-00011,4,0.15,611.86,618.88,-7.02
ORD-007541,2025-05-01,2025-05-02,CUST-00186,PROD-00040,5,0.0,1366.75,747.1,619.65
ORD-007542,2025-07-09,2025-07-13,CUST-00086,PROD-00044,5,0.0,2667.35,1484.25,1183.1
ORD-007543,2024-10-18,2024-10-19,CUST-00461,PROD-00121,5,0.05,3182.31,1957.65,1224.66
ORD-007544,2025-09-21,2025-09-23,CUST-00189,PROD-00101,6,0.0,3334.86,1885.32,1449.54
ORD-007545,2024-02-04,2024-02-09,CUST-00131,PROD-00171,2,0.05,135.32,85.66,49.66
ORD-007546,2025-08-02,2025-08-04,CUST-00511,PROD-00085,2,0.1,143.05,95.22,47.83
ORD-007547,2024-08-11,2024-08-12,CUST-00440,PROD-00032,6,0.0,1721.64,1414.38,307.26
ORD-007548,2024-12-20,2024-12-24,CUST-00356,PROD-00021,1,0.05,233.05,157.12,75.93
ORD-007549,2025-09-23,2025-09-29,CUST-00533,PROD-00117,4,0.05,775.54,641.4,134.14
ORD-007550,2024-08-14,2024-08-16,CUST-00215,PROD-00024,4,0.0,915.92,783.36,132.56
ORD-007551,2024-05-22,2024-05-24,CUST-00436,PROD-00065,7,0.0,213.78,155.19,58.59
ORD-007552,2025-05-19,2025-05-22,CUST-00348,PROD-00010,6,0.1,2412.88,2089.86,323.02
ORD-007553,2025-01-26,2025-02-01,CUST-00522,PROD-00149,3,0.0,900.69,506.04,394.65
ORD-007554,2025-01-11,2025-01-17,CUST-00015,PROD-00070,2,0.0,189.08,107.24,81.84
ORD-007555,2024-08-03,2024-08-07,CUST-00104,PROD-00024,6,0.05,1305.19,1175.04,130.15
ORD-007556,2024-01-27,2024-02-01,CUST-00282,PROD-00147,2,0.0,1477.46,798.7,678.76
ORD-007557,2024-11-18,2024-11-24,CUST-00559,PROD-00099,5,0.05,2348.3,1331.05,1017.25
ORD-007558,2024-03-22,2024-03-26,CUST-00237,PROD-00140,5,0.1,1401.26,1298.95,102.31
ORD-007559,2025-11-16,2025-11-19,CUST-00423,PROD-00132,2,0.3,358.4,294.62,63.78
ORD-007560,2024-02-01,2024-02-04,CUST-00118,PROD-00126,5,0.2,2084.68,1526.05,558.63
ORD-007561,2024-11-28,2024-12-03,CUST-00339,PROD-00163,3,0.1,160.87,97.68,63.19
ORD-007562,2024-02-10,2024-02-12,CUST-00462,PROD-00085,4,0.2,254.3,190.44,63.86
ORD-007563,2024-03-14,2024-03-18,CUST-00271,PROD-00051,2,0.05,143.83,83.16,60.67
ORD-007564,2025-05-02,2025-05-04,CUST-00434,PROD-00190,5,0.1,1282.05,1212.3,69.75
ORD-007565,2025-04-23,2025-04-27,CUST-00265,PROD-00104,3,0.05,614.29,545.28,69.01
ORD-007566,2024-01-26,2024-01-30,CUST-00239,PROD-00174,1,0.2,176.82,176.02,0.8
ORD-007567,2024-01-01,2024-01-04,CUST-00461,PROD-00202,5,0.05,1931.3,1658.9,272.4
ORD-007568,2024-03-01,2024-03-06,CUST-00178,PROD-00137,6,0.0,613.08,372.18,240.9
ORD-007569,2025-08-08,2025-08-10,CUST-00537,PROD-00126,2,0.2,833.87,610.42,223.45
ORD-007570,2025-03-06,2025-03-11,CUST-00101,PROD-00148,4,0.2,1256.29,1031.68,224.61
ORD-007571,2024-01-30,2024-01-31,CUST-00069,PROD-00037,1,0.0,264.53,223.69,40.84
ORD-007572,2024-12-25,2024-12-30,CUST-00301,PROD-00136,4,0.0,906.04,609.52,296.52
ORD-007573,2025-06-17,2025-06-23,CUST-00137,PROD-00061,5,0.0,979.2,789.75,189.45
ORD-007574,2025-10-29,2025-11-02,CUST-00035,PROD-00010,3,0.2,1072.39,1044.93,27.46
ORD-007575,2025-11-30,2025-12-06,CUST-00265,PROD-00144,1,0.1,143.69,90.26,53.43
ORD-007576,2024-09-26,2024-10-02,CUST-00383,PROD-00023,7,0.0,3263.61,2139.62,1123.99
ORD-007577,2024-04-14,2024-04-17,CUST-00567,PROD-00159,2,0.2,736.4,765.98,-29.58
ORD-007578,2024-07-13,2024-07-18,CUST-00384,PROD-00048,7,0.0,1886.36,1270.85,615.51
ORD-007579,2025-08-18,2025-08-19,CUST-00081,PROD-00118,5,0.2,288.84,278.15,10.69
ORD-007580,2025-12-18,2025-12-20,CUST-00311,PROD-00086,1,0.0,338.63,256.21,82.42
ORD-007581,2024-12-15,2024-12-19,CUST-00590,PROD-00126,5,0.05,2475.56,1526.05,949.51
ORD-007582,2024-09-09,2024-09-14,CUST-00116,PROD-00024,6,0.0,1373.88,1175.04,198.84
ORD-007583,2024-11-27,2024-12-01,CUST-00233,PROD-00114,7,0.0,2709.63,1707.58,1002.05
ORD-007584,2024-09-09,2024-09-13,CUST-00370,PROD-00093,7,0.0,1350.93,717.85,633.08
ORD-007585,2024-08-03,2024-08-04,CUST-00353,PROD-00011,2,0.05,341.92,309.44,32.48
ORD-007586,2025-03-13,2025-03-16,CUST-00162,PROD-00022,2,0.0,423.1,364.42,58.68
ORD-007587,2024-01-13,2024-01-19,CUST-00206,PROD-00096,6,0.05,593.14,347.16,245.98
ORD-007588,2024-08-05,2024-08-09,CUST-00512,PROD-00019,5,0.2,953.72,661.7,292.02
ORD-007589,2025-05-04,2025-05-06,CUST-00402,PROD-00095,5,0.2,1327.6,930.6,397.0
ORD-007590,2024-01-25,2024-01-28,CUST-00155,PROD-00085,1,0.3,55.63,47.61,8.02
ORD-007591,2024-03-04,2024-03-08,CUST-00366,PROD-00206,1,0.1,85.76,57.5,28.26
ORD-007592,2024-08-31,2024-09-06,CUST-00020,PROD-00034,2,0.0,202.06,112.6,89.46
ORD-007593,2025-11-03,2025-11-05,CUST-00158,PROD-00108,5,0.05,1019.49,735.5,283.99
ORD-007594,2025-08-10,2025-08-16,CUST-00323,PROD-00089,3,0.15,578.26,440.58,137.68
ORD-007595,2024-01-18,2024-01-23,CUST-00203,PROD-00047,3,0.2,1187.83,1185.63,2.2
ORD-007596,2025-01-01,2025-01-05,CUST-00532,PROD-00148,1,0.0,392.59,257.92,134.67
ORD-007597,2024-08-17,2024-08-18,CUST-00247,PROD-00113,3,0.0,501.21,402.93,98.28
ORD-007598,2025-04-24,2025-04-25,CUST-00496,PROD-00033,7,0.15,997.99,804.09,193.9
ORD-007599,2025-06-27,2025-07-02,CUST-00438,PROD-00016,5,0.05,3235.94,1986.95,1248.99
ORD-007600,2025-10-24,2025-10-27,CUST-00544,PROD-00178,7,0.2,1596.39,1420.44,175.95
ORD-007601,2024-12-19,2024-12-23,CUST-00103,PROD-00216,4,0.15,1637.98,1547.08,90.9
ORD-007602,2025-12-29,2026-01-04,CUST-00478,PROD-00010,4,0.0,1787.32,1393.24,394.08
ORD-007603,2025-12-22,2025-12-23,CUST-00224,PROD-00114,2,0.0,774.18,487.88,286.3
ORD-007604,2025-11-05,2025-11-11,CUST-00217,PROD-00016,1,0.15,579.06,397.39,181.67
ORD-007605,2025-02-26,2025-03-04,CUST-00261,PROD-00007,5,0.1,992.16,711.6,280.56
ORD-007606,2024-11-12,2024-11-16,CUST-00116,PROD-00212,5,0.0,2951.4,1801.75,1149.65
ORD-007607,2024-10-25,2024-10-27,CUST-00447,PROD-00078,7,0.1,755.87,694.12,61.75
ORD-007608,2024-01-10,2024-01-15,CUST-00551,PROD-00121,6,0.0,4019.76,2349.18,1670.58
ORD-007609,2024-07-27,2024-08-02,CUST-00214,PROD-00092,5,0.0,664.75,411.8,252.95
ORD-007610,2025-06-24,2025-06-30,CUST-00013,PROD-00070,5,0.0,472.7,268.1,204.6
ORD-007611,2025-03-21,2025-03-25,CUST-00406,PROD-00128,1,0.05,369.64,306.36,63.28
ORD-007612,2025-11-21,2025-11-26,CUST-00081,PROD-00182,6,0.0,1644.84,1347.54,297.3
ORD-007613,2024-02-08,2024-02-13,CUST-00166,PROD-00209,7,0.0,3191.65,2433.34,758.31
ORD-007614,2024-04-29,2024-05-02,CUST-00525,PROD-00052,1,0.0,213.75,151.85,61.9
ORD-007615,2025-08-28,2025-09-01,CUST-00007,PROD-00044,4,0.0,2133.88,1187.4,946.48
ORD-007616,2024-10-20,2024-10-23,CUST-00589,PROD-00044,7,0.0,3734.29,2077.95,1656.34
ORD-007617,2024-03-31,2024-04-05,CUST-00491,PROD-00062,3,0.0,2197.98,1191.15,1006.83
ORD-007618,2025-12-30,2026-01-01,CUST-00193,PROD-00077,1,0.15,155.26,152.07,3.19
ORD-007619,2025-08-27,2025-09-02,CUST-00216,PROD-00043,1,0.05,357.2,252.55,104.65
ORD-007620,2024-11-17,2024-11-18,CUST-00418,PROD-00110,2,0.1,748.3,629.46,118.84
ORD-007621,2025-09-24,2025-09-28,CUST-00430,PROD-00093,3,0.05,550.02,307.65,242.37
ORD-007622,2025-05-19,2025-05-21,CUST-00570,PROD-00038,6,0.0,88.02,54.06,33.96
ORD-007623,2025-08-29,2025-09-03,CUST-00282,PROD-00058,1,0.1,442.18,383.39,58.79
ORD-007624,2025-09-17,2025-09-20,CUST-00243,PROD-00148,3,0.1,1059.99,773.76,286.23
ORD-007625,2024-03-06,2024-03-11,CUST-00387,PROD-00151,1,0.0,162.73,139.13,23.6
ORD-007626,2025-04-04,2025-04-10,CUST-00250,PROD-00172,1,0.0,141.14,97.14,44.0
ORD-007627,2024-01-06,2024-01-11,CUST-00550,PROD-00027,2,0.0,889.02,576.94,312.08
ORD-007628,2024-02-03,2024-02-09,CUST-00477,PROD-00065,2,0.0,61.08,44.34,16.74
ORD-007629,2025-11-15,2025-11-19,CUST-00415,PROD-00004,5,0.2,122.6,121.5,1.1
ORD-007630,2025-01-21,2025-01-24,CUST-00003,PROD-00187,7,0.0,2098.04,1142.54,955.5
ORD-007631,2025-07-13,2025-07-14,CUST-00007,PROD-00115,6,0.05,467.91,416.4,51.51
ORD-007632,2025-10-05,2025-10-09,CUST-00077,PROD-00043,4,0.15,1278.4,1010.2,268.2
ORD-007633,2025-12-07,2025-12-12,CUST-00585,PROD-00190,3,0.1,769.23,727.38,41.85
ORD-007634,2025-10-29,2025-11-01,CUST-00278,PROD-00046,6,0.3,599.59,593.52,6.07
ORD-007635,2024-12-23,2024-12-25,CUST-00550,PROD-00156,4,0.15,171.16,110.16,61.0
ORD-007636,2024-10-03,2024-10-06,CUST-00042,PROD-00060,6,0.05,1355.57,865.5,490.07
ORD-007637,2024-04-28,2024-05-01,CUST-00205,PROD-00032,7,0.0,2008.58,1650.11,358.47
ORD-007638,2024-11-13,2024-11-15,CUST-00369,PROD-00085,4,0.1,286.09,190.44,95.65
ORD-007639,2024-10-26,2024-10-31,CUST-00295,PROD-00063,2,0.1,595.51,542.5,53.01
ORD-007640,2025-02-15,2025-02-19,CUST-00294,PROD-00007,6,0.05,1256.74,853.92,402.82
ORD-007641,2025-05-07,2025-05-11,CUST-00215,PROD-00164,2,0.3,318.42,263.1,55.32
ORD-007642,2025-12-21,2025-12-22,CUST-00261,PROD-00046,3,0.0,428.28,296.76,131.52
ORD-007643,2025-07-05,2025-07-11,CUST-00566,PROD-00108,3,0.0,643.89,441.3,202.59
ORD-007644,2025-04-20,2025-04-25,CUST-00559,PROD-00134,5,0.15,2324.5,1917.8,406.7
ORD-007645,2024-10-02,2024-10-04,CUST-00478,PROD-00126,3,0.0,1563.51,915.63,647.88
ORD-007646,2024-01-27,2024-01-28,CUST-00323,PROD-00089,4,0.2,725.66,587.44,138.22
ORD-007647,2024-08-27,2024-08-31,CUST-00100,PROD-00078,3,0.05,341.94,297.48,44.46
ORD-007648,2025-08-12,2025-08-17,CUST-00023,PROD-00144,4,0.0,638.64,361.04,277.6
ORD-007649,2024-06-08,2024-06-09,CUST-00095,PROD-00151,6,0.1,878.74,834.78,43.96
ORD-007650,2025-06-17,2025-06-22,CUST-00291,PROD-00173,7,0.05,1780.74,1547.49,233.25
ORD-007651,2025-03-02,2025-03-08,CUST-00069,PROD-00025,7,0.1,646.32,464.8,181.52
ORD-007652,2024-05-11,2024-05-14,CUST-00333,PROD-00130,6,0.0,1736.64,992.34,744.3
ORD-007653,2024-08-07,2024-08-12,CUST-00173,PROD-00032,1,0.1,258.25,235.73,22.52
ORD-007654,2024-12-29,2024-12-30,CUST-00217,PROD-00121,4,0.2,2143.87,1566.12,577.75
ORD-007655,2024-11-22,2024-11-26,CUST-00393,PROD-00086,2,0.05,643.4,512.42,130.98
ORD-007656,2025-08-20,2025-08-22,CUST-00454,PROD-00187,5,0.0,1498.6,816.1,682.5
ORD-007657,2025-07-11,2025-07-13,CUST-00379,PROD-00193,2,0.2,403.41,266.62,136.79
ORD-007658,2025-02-26,2025-02-27,CUST-00149,PROD-00046,4,0.1,513.94,395.68,118.26
ORD-007659,2025-09-23,2025-09-25,CUST-00160,PROD-00167,3,0.05,532.27,329.94,202.33
ORD-007660,2025-02-17,2025-02-23,CUST-00547,PROD-00080,6,0.05,1191.58,701.28,490.3
ORD-007661,2025-12-14,2025-12-20,CUST-00244,PROD-00009,5,0.0,694.8,409.15,285.65
ORD-007662,2024-06-22,2024-06-26,CUST-00300,PROD-00064,1,0.3,264.05,246.53,17.52
ORD-007663,2025-06-19,2025-06-20,CUST-00462,PROD-00142,1,0.05,270.6,244.04,26.56
ORD-007664,2024-10-29,2024-11-02,CUST-00244,PROD-00057,7,0.15,1524.33,1280.79,243.54
ORD-007665,2024-08-20,2024-08-23,CUST-00275,PROD-00134,3,0.2,1312.66,1150.68,161.98
ORD-007666,2024-05-18,2024-05-20,CUST-00025,PROD-00102,7,0.05,1619.41,1291.15,328.26
ORD-007667,2025-02-09,2025-02-11,CUST-00267,PROD-00162,7,0.1,903.04,791.77,111.27
ORD-007668,2024-06-20,2024-06-22,CUST-00247,PROD-00174,4,0.05,839.91,704.08,135.83
ORD-007669,2024-06-03,2024-06-07,CUST-00571,PROD-00085,6,0.15,405.3,285.66,119.64
ORD-007670,2025-12-27,2026-01-02,CUST-00125,PROD-00041,1,0.1,157.51,100.85,56.66
ORD-007671,2025-09-07,2025-09-12,CUST-00186,PROD-00083,6,0.1,2647.67,1822.02,825.65
ORD-007672,2025-07-26,2025-07-31,CUST-00520,PROD-00213,1,0.0,280.8,227.69,53.11
ORD-007673,2025-09-01,2025-09-05,CUST-00207,PROD-00091,1,0.1,269.9,172.08,97.82
ORD-007674,2025-12-17,2025-12-22,CUST-00362,PROD-00144,7,0.1,1005.86,631.82,374.04
ORD-007675,2025-02-25,2025-03-01,CUST-00599,PROD-00008,3,0.1,583.31,386.13,197.18
ORD-007676,2024-06-25,2024-06-27,CUST-00079,PROD-00030,7,0.15,1063.92,1020.88,43.04
ORD-007677,2025-10-23,2025-10-25,CUST-00599,PROD-00058,3,0.0,1473.93,1150.17,323.76
ORD-007678,2025-07-20,2025-07-26,CUST-00097,PROD-00146,5,0.1,827.28,768.0,59.28
ORD-007679,2024-11-20,2024-11-23,CUST-00371,PROD-00137,2,0.05,194.14,124.06,70.08
ORD-007680,2024-12-19,2024-12-22,CUST-00334,PROD-00062,3,0.15,1868.28,1191.15,677.13
ORD-007681,2024-11-19,2024-11-20,CUST-00060,PROD-00056,2,0.1,1178.59,795.4,383.19
ORD-007682,2025-11-28,2025-12-04,CUST-00041,PROD-00182,1,0.0,274.14,224.59,49.55
ORD-007683,2024-10-08,2024-10-09,CUST-00093,PROD-00215,1,0.0,205.16,173.64,31.52
ORD-007684,2025-12-14,2025-12-15,CUST-00151,PROD-00118,2,0.1,129.98,111.26,18.72
ORD-007685,2025-11-18,2025-11-20,CUST-00422,PROD-00134,4,0.1,1968.98,1534.24,434.74
ORD-007686,2025-04-10,2025-04-14,CUST-00477,PROD-00076,4,0.05,938.6,529.88,408.72
ORD-007687,2025-03-02,2025-03-06,CUST-00387,PROD-00106,4,0.0,134.4,87.76,46.64
ORD-007688,2024-10-29,2024-11-01,CUST-00187,PROD-00199,4,0.05,2197.2,1223.04,974.16
ORD-007689,2024-01-15,2024-01-18,CUST-00539,PROD-00207,2,0.0,701.98,550.42,151.56
ORD-007690,2024-04-07,2024-04-09,CUST-00257,PROD-00219,4,0.1,768.92,473.44,295.48
ORD-007691,2025-08-01,2025-08-06,CUST-00334,PROD-00045,5,0.15,458.58,389.75,68.83
ORD-007692,2024-12-18,2024-12-22,CUST-00403,PROD-00088,6,0.05,612.86,355.44,257.42
ORD-007693,2024-04-25,2024-04-27,CUST-00075,PROD-00054,1,0.0,350.45,258.95,91.5
ORD-007694,2024-08-08,2024-08-13,CUST-00230,PROD-00034,1,0.05,95.98,56.3,39.68
ORD-007695,2025-12-06,2025-12-11,CUST-00101,PROD-00211,5,0.0,3013.75,1747.55,1266.2
ORD-007696,2024-10-27,2024-11-01,CUST-00339,PROD-00148,5,0.3,1374.06,1289.6,84.46
ORD-007697,2025-11-17,2025-11-18,CUST-00407,PROD-00069,6,0.1,3833.68,2381.58,1452.1
ORD-007698,2024-09-09,2024-09-10,CUST-00186,PROD-00170,3,0.05,265.11,239.22,25.89
ORD-007699,2025-02-02,2025-02-06,CUST-00301,PROD-00176,4,0.0,1650.96,1206.88,444.08
ORD-007700,2024-01-16,2024-01-22,CUST-00177,PROD-00034,3,0.0,303.09,168.9,134.19
ORD-007701,2025-01-17,2025-01-19,CUST-00485,PROD-00054,5,0.1,1577.02,1294.75,282.27
ORD-007702,2025-04-15,2025-04-19,CUST-00076,PROD-00210,2,0.15,49.22,42.02,7.2
ORD-007703,2024-07-10,2024-07-13,CUST-00595,PROD-00056,7,0.1,4125.05,2783.9,1341.15
ORD-007704,2025-03-02,2025-03-08,CUST-00411,PROD-00111,4,0.1,395.96,354.52,41.44
ORD-007705,2025-04-23,2025-04-27,CUST-00546,PROD-00119,4,0.0,2626.12,1588.12,1038.0
ORD-007706,2025-05-23,2025-05-24,CUST-00296,PROD-00015,3,0.15,1209.18,1199.31,9.87
ORD-007707,2025-08-18,2025-08-21,CUST-00142,PROD-00207,4,0.3,982.77,1100.84,-118.07
ORD-007708,2024-09-14,2024-09-15,CUST-00409,PROD-00078,2,0.1,215.96,198.32,17.64
ORD-007709,2025-02-21,2025-02-22,CUST-00395,PROD-00218,3,0.15,1665.89,1156.26,509.63
ORD-007710,2025-12-23,2025-12-26,CUST-00458,PROD-00038,6,0.0,88.02,54.06,33.96
ORD-007711,2025-11-13,2025-11-19,CUST-00578,PROD-00041,2,0.1,315.02,201.7,113.32
ORD-007712,2025-12-09,2025-12-10,CUST-00132,PROD-00009,5,0.0,694.8,409.15,285.65
ORD-007713,2024-11-07,2024-11-12,CUST-00402,PROD-00059,3,0.0,327.12,224.49,102.63
ORD-007714,2025-08-27,2025-09-02,CUST-00045,PROD-00101,2,0.1,1000.46,628.44,372.02
ORD-007715,2025-04-02,2025-04-07,CUST-00292,PROD-00212,4,0.3,1652.78,1441.4,211.38
ORD-007716,2024-03-04,2024-03-07,CUST-00246,PROD-00063,5,0.05,1571.49,1356.25,215.24
ORD-007717,2025-09-24,2025-09-26,CUST-00465,PROD-00102,5,0.0,1217.6,922.25,295.35
ORD-007718,2025-05-16,2025-05-18,CUST-00114,PROD-00145,1,0.0,91.87,65.8,26.07
ORD-007719,2024-06-01,2024-06-05,CUST-00408,PROD-00077,4,0.3,511.45,608.28,-96.83
ORD-007720,2024-03-02,2024-03-06,CUST-00167,PROD-00021,5,0.15,1042.61,785.6,257.01
ORD-007721,2025-10-04,2025-10-06,CUST-00261,PROD-00175,3,0.05,1152.82,810.78,342.04
ORD-007722,2024-03-01,2024-03-03,CUST-00552,PROD-00139,1,0.15,197.4,159.97,37.43
ORD-007723,2024-03-11,2024-03-17,CUST-00335,PROD-00218,1,0.0,653.29,385.42,267.87
ORD-007724,2024-11-26,2024-12-02,CUST-00122,PROD-00124,7,0.0,2360.4,1936.48,423.92
ORD-007725,2024-04-13,2024-04-15,CUST-00276,PROD-00093,1,0.05,183.34,102.55,80.79
ORD-007726,2025-11-20,2025-11-25,CUST-00299,PROD-00021,2,0.2,392.51,314.24,78.27
ORD-007727,2024-12-17,2024-12-23,CUST-00436,PROD-00101,2,0.05,1056.04,628.44,427.6
ORD-007728,2025-02-22,2025-02-27,CUST-00466,PROD-00058,5,0.0,2456.55,1916.95,539.6
ORD-007729,2025-11-27,2025-11-28,CUST-00265,PROD-00095,7,0.2,1858.64,1302.84,555.8
ORD-007730,2025-01-23,2025-01-25,CUST-00457,PROD-00061,6,0.05,1116.29,947.7,168.59
ORD-007731,2024-10-16,2024-10-20,CUST-00202,PROD-00006,5,0.1,2336.49,1741.1,595.39
ORD-007732,2025-09-03,2025-09-08,CUST-00094,PROD-00040,4,0.0,1093.4,597.68,495.72
ORD-007733,2024-12-04,2024-12-07,CUST-00243,PROD-00108,7,0.0,1502.41,1029.7,472.71
ORD-007734,2024-09-19,2024-09-20,CUST-00201,PROD-00051,3,0.15,193.04,124.74,68.3
ORD-007735,2025-06-29,2025-07-02,CUST-00597,PROD-00160,6,0.0,180.9,133.32,47.58
ORD-007736,2025-09-07,2025-09-09,CUST-00226,PROD-00147,5,0.0,3693.65,1996.75,1696.9
ORD-007737,2025-08-30,2025-09-01,CUST-00452,PROD-00049,1,0.1,444.82,396.57,48.25
ORD-007738,2025-12-21,2025-12-22,CUST-00517,PROD-00097,2,0.1,501.57,389.2,112.37
ORD-007739,2025-08-26,2025-09-01,CUST-00145,PROD-00140,7,0.0,2179.73,1818.53,361.2
ORD-007740,2025-08-14,2025-08-20,CUST-00204,PROD-00079,6,0.1,1326.73,1065.24,261.49
ORD-007741,2025-10-20,2025-10-25,CUST-00428,PROD-00095,3,0.05,945.91,558.36,387.55
ORD-007742,2024-01-01,2024-01-06,CUST-00379,PROD-00008,1,0.15,183.63,128.71,54.92
ORD-007743,2024-10-23,2024-10-28,CUST-00081,PROD-00104,5,0.0,1077.7,908.8,168.9
ORD-007744,2025-07-15,2025-07-21,CUST-00348,PROD-00121,7,0.1,4220.75,2740.71,1480.04
ORD-007745,2025-03-18,2025-03-19,CUST-00574,PROD-00212,4,0.0,2361.12,1441.4,919.72
ORD-007746,2024-05-16,2024-05-20,CUST-00234,PROD-00102,6,0.0,1461.12,1106.7,354.42
ORD-007747,2024-09-08,2024-09-10,CUST-00331,PROD-00017,7,0.0,3766.63,2082.29,1684.34
ORD-007748,2024-10-03,2024-10-04,CUST-00549,PROD-00057,5,0.05,1216.9,914.85,302.05
ORD-007749,2025-02-21,2025-02-22,CUST-00495,PROD-00027,5,0.1,2000.3,1442.35,557.95
ORD-007750,2025-09-30,2025-10-03,CUST-00227,PROD-00021,3,0.0,735.96,471.36,264.6
ORD-007751,2025-11-29,2025-12-03,CUST-00258,PROD-00158,2,0.15,146.56,118.98,27.58
ORD-007752,2025-07-28,2025-07-30,CUST-00020,PROD-00168,5,0.15,466.69,324.15,142.54
ORD-007753,2025-10-09,2025-10-11,CUST-00467,PROD-00189,1,0.0,629.4,344.01,285.39
ORD-007754,2024-12-17,2024-12-19,CUST-00270,PROD-00153,2,0.15,861.1,753.5,107.6
ORD-007755,2024-11-08,2024-11-10,CUST-00160,PROD-00173,4,0.0,1071.12,884.28,186.84
ORD-007756,2024-11-10,2024-11-11,CUST-00047,PROD-00192,6,0.0,442.68,244.32,198.36
ORD-007757,2025-03-30,2025-04-04,CUST-00533,PROD-00095,7,0.1,2090.97,1302.84,788.13
ORD-007758,2024-04-05,2024-04-07,CUST-00105,PROD-00126,3,0.05,1485.33,915.63,569.7
ORD-007759,2025-03-02,2025-03-08,CUST-00596,PROD-00041,4,0.15,595.03,403.4,191.63
ORD-007760,2025-05-07,2025-05-13,CUST-00234,PROD-00175,3,0.3,849.45,810.78,38.67
ORD-007761,2024-12-02,2024-12-05,CUST-00171,PROD-00216,4,0.1,1734.34,1547.08,187.26
ORD-007762,2025-12-09,2025-12-13,CUST-00301,PROD-00165,5,0.3,95.44,82.75,12.69
ORD-007763,2025-03-24,2025-03-25,CUST-00353,PROD-00087,3,0.0,621.51,384.15,237.36
ORD-007764,2024-06-25,2024-06-29,CUST-00009,PROD-00207,1,0.0,350.99,275.21,75.78
ORD-007765,2024-12-21,2024-12-27,CUST-00032,PROD-00175,5,0.05,1921.38,1351.3,570.08
ORD-007766,2025-05-15,2025-05-21,CUST-00111,PROD-00089,2,0.05,430.86,293.72,137.14
ORD-007767,2024-09-23,2024-09-26,CUST-00271,PROD-00018,6,0.15,2415.16,1618.2,796.96
ORD-007768,2024-03-02,2024-03-04,CUST-00308,PROD-00022,6,0.1,1142.37,1093.26,49.11
ORD-007769,2025-03-05,2025-03-11,CUST-00464,PROD-00056,5,0.0,3273.85,1988.5,1285.35
ORD-007770,2025-12-06,2025-12-12,CUST-00279,PROD-00110,2,0.15,706.72,629.46,77.26
ORD-007771,2024-12-24,2024-12-26,CUST-00381,PROD-00054,6,0.1,1892.43,1553.7,338.73
ORD-007772,2025-11-16,2025-11-21,CUST-00466,PROD-00127,5,0.0,411.35,337.1,74.25
ORD-007773,2025-10-02,2025-10-03,CUST-00001,PROD-00106,7,0.0,235.2,153.58,81.62
ORD-007774,2024-04-23,2024-04-29,CUST-00169,PROD-00121,2,0.15,1138.93,783.06,355.87
ORD-007775,2025-06-12,2025-06-14,CUST-00474,PROD-00122,2,0.2,64.74,58.22,6.52
ORD-007776,2024-11-30,2024-12-03,CUST-00292,PROD-00170,7,0.1,586.03,558.18,27.85
ORD-007777,2024-07-28,2024-08-03,CUST-00284,PROD-00045,4,0.0,431.6,311.8,119.8
ORD-007778,2025-05-23,2025-05-29,CUST-00337,PROD-00191,7,0.15,2715.82,2307.13,408.69
ORD-007779,2025-07-20,2025-07-23,CUST-00151,PROD-00029,7,0.15,2259.63,1852.48,407.15
ORD-007780,2024-05-18,2024-05-20,CUST-00272,PROD-00103,4,0.0,1066.76,844.88,221.88
ORD-007781,2025-11-20,2025-11-23,CUST-00447,PROD-00050,5,0.05,1218.04,700.95,517.09
ORD-007782,2025-07-29,2025-08-01,CUST-00113,PROD-00121,5,0.0,3349.8,1957.65,1392.15
ORD-007783,2025-11-30,2025-12-03,CUST-00526,PROD-00064,1,0.05,358.36,246.53,111.83
ORD-007784,2024-09-18,2024-09-20,CUST-00518,PROD-00099,1,0.15,420.22,266.21,154.01
ORD-007785,2025-12-02,2025-12-03,CUST-00479,PROD-00135,7,0.15,3022.6,2366.35,656.25
ORD-007786,2024-10-28,2024-11-03,CUST-00507,PROD-00187,6,0.15,1528.57,979.32,549.25
ORD-007787,2024-02-11,2024-02-14,CUST-00477,PROD-00062,1,0.3,512.86,397.05,115.81
ORD-007788,2025-08-08,2025-08-10,CUST-00478,PROD-00052,6,0.05,1218.38,911.1,307.28
ORD-007789,2025-06-07,2025-06-10,CUST-00319,PROD-00139,1,0.15,197.4,159.97,37.43
ORD-007790,2025-03-16,2025-03-22,CUST-00586,PROD-00038,6,0.05,83.62,54.06,29.56
ORD-007791,2024-12-26,2025-01-01,CUST-00324,PROD-00197,6,0.1,698.76,541.32,157.44
ORD-007792,2024-01-25,2024-01-29,CUST-00115,PROD-00185,4,0.2,1609.54,1544.28,65.26
ORD-007793,2025-04-06,2025-04-12,CUST-00310,PROD-00113,6,0.0,1002.42,805.86,196.56
ORD-007794,2024-11-21,2024-11-24,CUST-00019,PROD-00203,7,0.15,3681.03,2540.3,1140.73
ORD-007795,2025-02-15,2025-02-19,CUST-00467,PROD-00060,1,0.0,237.82,144.25,93.57
ORD-007796,2024-11-27,2024-12-02,CUST-00152,PROD-00171,7,0.1,448.69,299.81,148.88
ORD-007797,2025-12-15,2025-12-20,CUST-00180,PROD-00218,6,0.05,3723.75,2312.52,1411.23
ORD-007798,2025-03-21,2025-03-27,CUST-00320,PROD-00023,5,0.0,2331.15,1528.3,802.85
ORD-007799,2025-07-27,2025-07-28,CUST-00329,PROD-00092,2,0.0,265.9,164.72,101.18
ORD-007800,2025-12-01,2025-12-07,CUST-00478,PROD-00154,4,0.0,932.2,623.0,309.2
ORD-007801,2025-03-11,2025-03-12,CUST-00119,PROD-00040,4,0.1,984.06,597.68,386.38
ORD-007802,2024-01-10,2024-01-13,CUST-00006,PROD-00055,2,0.0,604.44,433.84,170.6
ORD-007803,2024-01-27,2024-01-31,CUST-00146,PROD-00029,5,0.1,1708.96,1323.2,385.76
ORD-007804,2025-06-06,2025-06-09,CUST-00594,PROD-00136,6,0.0,1359.06,914.28,444.78
ORD-007805,2024-08-20,2024-08-26,CUST-00585,PROD-00099,6,0.0,2966.28,1597.26,1369.02
ORD-007806,2025-03-02,2025-03-03,CUST-00089,PROD-00177,1,0.1,435.92,324.11,111.81
ORD-007807,2024-06-05,2024-06-10,CUST-00575,PROD-00160,3,0.15,76.88,66.66,10.22
ORD-007808,2024-08-13,2024-08-16,CUST-00278,PROD-00090,3,0.05,852.58,479.19,373.39
ORD-007809,2025-01-04,2025-01-07,CUST-00293,PROD-00028,1,0.1,16.14,10.96,5.18
ORD-007810,2025-12-20,2025-12-24,CUST-00265,PROD-00189,4,0.1,2265.84,1376.04,889.8
ORD-007811,2025-03-30,2025-04-01,CUST-00566,PROD-00133,5,0.2,1441.48,1531.55,-90.07
ORD-007812,2025-12-01,2025-12-07,CUST-00403,PROD-00066,5,0.1,998.01,786.6,211.41
ORD-007813,2025-12-12,2025-12-18,CUST-00545,PROD-00118,3,0.0,216.63,166.89,49.74
ORD-007814,2024-06-12,2024-06-17,CUST-00410,PROD-00045,3,0.15,275.15,233.85,41.3
ORD-007815,2024-09-14,2024-09-15,CUST-00102,PROD-00010,1,0.0,446.83,348.31,98.52
ORD-007816,2025-08-14,2025-08-16,CUST-00383,PROD-00071,2,0.05,1160.98,696.56,464.42
ORD-007817,2025-10-27,2025-11-02,CUST-00532,PROD-00141,7,0.1,2299.75,1594.46,705.29
ORD-007818,2025-01-15,2025-01-20,CUST-00487,PROD-00160,3,0.05,85.93,66.66,19.27
ORD-007819,2025-12-28,2025-12-31,CUST-00272,PROD-00023,3,0.0,1398.69,916.98,481.71
ORD-007820,2024-01-09,2024-01-12,CUST-00583,PROD-00173,3,0.2,642.67,663.21,-20.54
ORD-007821,2024-09-05,2024-09-10,CUST-00051,PROD-00115,4,0.0,328.36,277.6,50.76
ORD-007822,2025-04-05,2025-04-07,CUST-00518,PROD-00167,5,0.05,887.11,549.9,337.21
ORD-007823,2024-12-16,2024-12-19,CUST-00082,PROD-00021,3,0.15,625.57,471.36,154.21
ORD-007824,2024-03-30,2024-04-04,CUST-00086,PROD-00072,6,0.15,2335.04,1973.64,361.4
ORD-007825,2024-10-27,2024-11-02,CUST-00071,PROD-00070,3,0.0,283.62,160.86,122.76
ORD-007826,2024-01-20,2024-01-23,CUST-00047,PROD-00218,1,0.05,620.63,385.42,235.21
ORD-007827,2025-04-20,2025-04-25,CUST-00397,PROD-00217,5,0.3,1944.64,1659.05,285.59
ORD-007828,2025-11-10,2025-11-12,CUST-00170,PROD-00109,4,0.0,78.56,64.84,13.72
ORD-007829,2025-11-06,2025-11-08,CUST-00037,PROD-00003,2,0.1,172.01,157.12,14.89
ORD-007830,2025-06-03,2025-06-05,CUST-00408,PROD-00007,1,0.05,209.46,142.32,67.14
ORD-007831,2024-12-15,2024-12-17,CUST-00358,PROD-00186,5,0.3,1766.52,1594.0,172.52
ORD-007832,2025-01-09,2025-01-13,CUST-00161,PROD-00028,1,0.05,17.03,10.96,6.07
ORD-007833,2024-04-15,2024-04-21,CUST-00231,PROD-00212,7,0.15,3512.17,2522.45,989.72
ORD-007834,2024-10-07,2024-10-12,CUST-00318,PROD-00185,5,0.05,2389.16,1930.35,458.81
ORD-007835,2024-05-24,2024-05-30,CUST-00577,PROD-00052,3,0.0,641.25,455.55,185.7
ORD-007836,2025-09-22,2025-09-23,CUST-00582,PROD-00162,6,0.05,817.04,678.66,138.38
ORD-007837,2025-11-21,2025-11-24,CUST-00267,PROD-00050,7,0.2,1436.01,981.33,454.68
ORD-007838,2025-01-28,2025-02-02,CUST-00207,PROD-00173,6,0.0,1606.68,1326.42,280.26
ORD-007839,2025-07-04,2025-07-08,CUST-00394,PROD-00121,6,0.05,3818.77,2349.18,1469.59
ORD-007840,2024-04-03,2024-04-09,CUST-00421,PROD-00194,4,0.3,1228.44,1079.28,149.16
ORD-007841,2025-03-24,2025-03-26,CUST-00303,PROD-00082,2,0.0,593.26,458.52,134.74
ORD-007842,2025-06-06,2025-06-09,CUST-00005,PROD-00176,5,0.0,2063.7,1508.6,555.1
ORD-007843,2024-12-09,2024-12-14,CUST-00103,PROD-00179,4,0.05,897.03,549.76,347.27
ORD-007844,2024-07-20,2024-07-25,CUST-00066,PROD-00067,6,0.1,998.89,766.62,232.27
ORD-007845,2025-11-03,2025-11-04,CUST-00180,PROD-00068,3,0.0,1336.23,1051.05,285.18
ORD-007846,2025-07-20,2025-07-26,CUST-00259,PROD-00130,7,0.05,1924.78,1157.73,767.05
ORD-007847,2025-11-13,2025-11-14,CUST-00421,PROD-00209,3,0.0,1367.85,1042.86,324.99
ORD-007848,2025-09-20,2025-09-22,CUST-00401,PROD-00152,5,0.1,1791.32,1189.5,601.82
ORD-007849,2025-12-27,2025-12-31,CUST-00472,PROD-00167,4,0.0,747.04,439.92,307.12
ORD-007850,2024-05-27,2024-05-30,CUST-00071,PROD-00219,2,0.0,427.18,236.72,190.46
ORD-007851,2024-03-07,2024-03-09,CUST-00140,PROD-00143,5,0.0,216.75,154.75,62.0
ORD-007852,2024-10-03,2024-10-07,CUST-00513,PROD-00007,1,0.0,220.48,142.32,78.16
ORD-007853,2024-04-09,2024-04-12,CUST-00002,PROD-00023,7,0.0,3263.61,2139.62,1123.99
ORD-007854,2025-01-18,2025-01-21,CUST-00422,PROD-00047,4,0.05,1880.73,1580.84,299.89
ORD-007855,2025-04-12,2025-04-14,CUST-00151,PROD-00050,1,0.2,205.14,140.19,64.95
ORD-007856,2025-03-01,2025-03-04,CUST-00197,PROD-00190,5,0.0,1424.5,1212.3,212.2
ORD-007857,2024-08-05,2024-08-10,CUST-00097,PROD-00027,7,0.05,2955.99,2019.29,936.7
ORD-007858,2025-11-18,2025-11-19,CUST-00068,PROD-00189,1,0.0,629.4,344.01,285.39
ORD-007859,2024-01-17,2024-01-20,CUST-00067,PROD-00179,4,0.0,944.24,549.76,394.48
ORD-007860,2024-10-12,2024-10-17,CUST-00186,PROD-00206,6,0.15,485.98,345.0,140.98
ORD-007861,2025-06-24,2025-06-27,CUST-00284,PROD-00107,2,0.0,502.26,290.16,212.1
ORD-007862,2025-08-11,2025-08-12,CUST-00195,PROD-00012,4,0.1,1980.32,1394.44,585.88
ORD-007863,2024-11-21,2024-11-23,CUST-00348,PROD-00080,5,0.1,940.72,584.4,356.32
ORD-007864,2024-01-13,2024-01-18,CUST-00419,PROD-00080,2,0.2,334.48,233.76,100.72
ORD-007865,2025-04-01,2025-04-04,CUST-00393,PROD-00078,1,0.0,119.98,99.16,20.82
ORD-007866,2024-02-18,2024-02-20,CUST-00258,PROD-00111,2,0.0,219.98,177.26,42.72
ORD-007867,2024-03-23,2024-03-25,CUST-00441,PROD-00199,7,0.2,3237.98,2140.32,1097.66
ORD-007868,2025-04-25,2025-04-28,CUST-00433,PROD-00173,4,0.0,1071.12,884.28,186.84
ORD-007869,2024-09-15,2024-09-17,CUST-00562,PROD-00139,7,0.0,1625.68,1119.79,505.89
ORD-007870,2024-10-12,2024-10-17,CUST-00221,PROD-00113,5,0.0,835.35,671.55,163.8
ORD-007871,2024-12-25,2024-12-30,CUST-00018,PROD-00012,7,0.0,3850.63,2440.27,1410.36
ORD-007872,2025-12-21,2025-12-23,CUST-00399,PROD-00025,1,0.3,71.81,66.4,5.41
ORD-007873,2025-12-15,2025-12-16,CUST-00295,PROD-00184,5,0.3,937.96,925.35,12.61
ORD-007874,2024-11-21,2024-11-26,CUST-00374,PROD-00033,2,0.2,268.37,229.74,38.63
ORD-007875,2024-08-10,2024-08-14,CUST-00039,PROD-00004,5,0.2,122.6,121.5,1.1
ORD-007876,2024-09-07,2024-09-10,CUST-00268,PROD-00118,2,0.05,137.2,111.26,25.94
ORD-007877,2024-08-12,2024-08-18,CUST-00175,PROD-00112,4,0.1,1450.94,1041.64,409.3
ORD-007878,2025-01-25,2025-01-29,CUST-00111,PROD-00153,5,0.0,2532.65,1883.75,648.9
ORD-007879,2025-03-23,2025-03-26,CUST-00186,PROD-00041,7,0.0,1225.07,705.95,519.12
ORD-007880,2024-12-26,2024-12-29,CUST-00126,PROD-00146,1,0.0,183.84,153.6,30.24
ORD-007881,2024-11-17,2024-11-22,CUST-00536,PROD-00047,4,0.0,1979.72,1580.84,398.88
ORD-007882,2024-06-15,2024-06-16,CUST-00182,PROD-00215,4,0.0,820.64,694.56,126.08
ORD-007883,2024-12-23,2024-12-24,CUST-00150,PROD-00148,2,0.0,785.18,515.84,269.34
ORD-007884,2024-10-07,2024-10-10,CUST-00246,PROD-00046,3,0.0,428.28,296.76,131.52
ORD-007885,2025-02-01,2025-02-06,CUST-00009,PROD-00002,6,0.15,2256.7,2250.9,5.8
ORD-007886,2025-05-14,2025-05-16,CUST-00315,PROD-00010,3,0.15,1139.42,1044.93,94.49
ORD-007887,2025-04-12,2025-04-16,CUST-00560,PROD-00134,4,0.05,2078.37,1534.24,544.13
ORD-007888,2024-12-13,2024-12-16,CUST-00083,PROD-00010,1,0.0,446.83,348.31,98.52
ORD-007889,2025-02-12,2025-02-13,CUST-00019,PROD-00018,3,0.15,1207.58,809.1,398.48
ORD-007890,2024-08-24,2024-08-26,CUST-00522,PROD-00123,7,0.3,2175.31,2628.22,-452.91
ORD-007891,2024-01-19,2024-01-23,CUST-00144,PROD-00039,5,0.2,510.04,487.05,22.99
ORD-007892,2025-04-06,2025-04-07,CUST-00520,PROD-00136,5,0.1,1019.3,761.9,257.4
ORD-007893,2024-07-30,2024-08-04,CUST-00153,PROD-00017,7,0.1,3389.97,2082.29,1307.68
ORD-007894,2025-05-10,2025-05-12,CUST-00056,PROD-00044,5,0.05,2533.98,1484.25,1049.73
ORD-007895,2025-07-25,2025-07-27,CUST-00098,PROD-00025,6,0.0,615.54,398.4,217.14
ORD-007896,2025-11-21,2025-11-24,CUST-00169,PROD-00079,7,0.05,1633.84,1242.78,391.06
ORD-007897,2025-12-11,2025-12-16,CUST-00530,PROD-00017,2,0.0,1076.18,594.94,481.24
ORD-007898,2024-01-09,2024-01-12,CUST-00315,PROD-00011,5,0.0,899.8,773.6,126.2
ORD-007899,2025-12-27,2025-12-29,CUST-00549,PROD-00005,6,0.0,1932.24,1661.4,270.84
ORD-007900,2025-05-20,2025-05-24,CUST-00090,PROD-00079,7,0.2,1375.86,1242.78,133.08
ORD-007901,2025-04-20,2025-04-25,CUST-00586,PROD-00056,3,0.2,1571.45,1193.1,378.35
ORD-007902,2024-01-12,2024-01-15,CUST-00117,PROD-00078,4,0.05,455.92,396.64,59.28
ORD-007903,2025-10-23,2025-10-25,CUST-00074,PROD-00021,1,0.1,220.79,157.12,63.67
ORD-007904,2024-04-21,2024-04-27,CUST-00254,PROD-00207,5,0.0,1754.95,1376.05,378.9
ORD-007905,2025-10-04,2025-10-08,CUST-00297,PROD-00005,4,0.1,1159.34,1107.6,51.74
ORD-007906,2024-01-12,2024-01-17,CUST-00419,PROD-00005,6,0.1,1739.02,1661.4,77.62
ORD-007907,2025-04-22,2025-04-28,CUST-00435,PROD-00069,2,0.1,1277.89,793.86,484.03
ORD-007908,2024-11-30,2024-12-02,CUST-00581,PROD-00176,6,0.0,2476.44,1810.32,666.12
ORD-007909,2024-06-04,2024-06-08,CUST-00352,PROD-00050,7,0.0,1795.01,981.33,813.68
ORD-007910,2024-03-23,2024-03-27,CUST-00273,PROD-00181,3,0.15,890.49,554.67,335.82
ORD-007911,2024-12-02,2024-12-07,CUST-00242,PROD-00134,7,0.1,3445.72,2684.92,760.8
ORD-007912,2024-04-04,2024-04-06,CUST-00310,PROD-00023,3,0.1,1258.82,916.98,341.84
ORD-007913,2024-12-25,2024-12-30,CUST-00403,PROD-00155,1,0.0,283.71,187.61,96.1
ORD-007914,2025-04-06,2025-04-09,CUST-00379,PROD-00025,5,0.0,512.95,332.0,180.95
ORD-007915,2025-09-27,2025-09-28,CUST-00070,PROD-00104,2,0.1,387.97,363.52,24.45
ORD-007916,2025-05-17,2025-05-23,CUST-00580,PROD-00007,6,0.0,1322.88,853.92,468.96
ORD-007917,2024-02-20,2024-02-21,CUST-00250,PROD-00038,6,0.15,74.82,54.06,20.76
ORD-007918,2024-09-11,2024-09-14,CUST-00461,PROD-00111,1,0.0,109.99,88.63,21.36
ORD-007919,2024-08-27,2024-09-01,CUST-00204,PROD-00207,7,0.3,1719.85,1926.47,-206.62
ORD-007920,2025-11-21,2025-11-24,CUST-00550,PROD-00198,1,0.1,546.88,344.41,202.47
ORD-007921,2025-10-28,2025-10-29,CUST-00095,PROD-00213,6,0.0,1684.8,1366.14,318.66
ORD-007922,2024-10-29,2024-10-31,CUST-00280,PROD-00149,1,0.2,240.18,168.68,71.5
ORD-007923,2024-02-24,2024-03-01,CUST-00406,PROD-00190,3,0.3,598.29,727.38,-129.09
ORD-007924,2025-11-11,2025-11-15,CUST-00321,PROD-00022,3,0.15,539.45,546.63,-7.18
ORD-007925,2025-11-08,2025-11-12,CUST-00456,PROD-00055,5,0.0,1511.1,1084.6,426.5
ORD-007926,2025-10-18,2025-10-19,CUST-00531,PROD-00108,1,0.3,150.24,147.1,3.14
ORD-007927,2025-10-10,2025-10-15,CUST-00273,PROD-00096,1,0.0,104.06,57.86,46.2
ORD-007928,2024-12-22,2024-12-28,CUST-00190,PROD-00152,7,0.1,2507.84,1665.3,842.54
ORD-007929,2024-05-16,2024-05-17,CUST-00034,PROD-00187,7,0.3,1468.63,1142.54,326.09
ORD-007930,2024-12-20,2024-12-24,CUST-00118,PROD-00111,2,0.0,219.98,177.26,42.72
ORD-007931,2024-12-29,2025-01-04,CUST-00458,PROD-00194,2,0.1,789.71,539.64,250.07
ORD-007932,2024-12-26,2024-12-31,CUST-00120,PROD-00123,2,0.1,799.09,750.92,48.17
ORD-007933,2025-01-30,2025-02-02,CUST-00229,PROD-00217,7,0.0,3889.27,2322.67,1566.6
ORD-007934,2024-08-04,2024-08-08,CUST-00114,PROD-00191,3,0.05,1300.85,988.77,312.08
ORD-007935,2024-10-26,2024-10-28,CUST-00538,PROD-00084,3,0.0,270.99,224.7,46.29
ORD-007936,2024-11-30,2024-12-03,CUST-00573,PROD-00185,6,0.05,2866.99,2316.42,550.57
ORD-007937,2024-04-10,2024-04-11,CUST-00032,PROD-00155,5,0.0,1418.55,938.05,480.5
ORD-007938,2024-12-10,2024-12-16,CUST-00052,PROD-00114,4,0.0,1548.36,975.76,572.6
ORD-007939,2025-09-14,2025-09-17,CUST-00502,PROD-00095,3,0.15,846.34,558.36,287.98
ORD-007940,2025-09-27,2025-09-28,CUST-00505,PROD-00128,1,0.05,369.64,306.36,63.28
ORD-007941,2024-11-19,2024-11-23,CUST-00287,PROD-00119,7,0.0,4595.71,2779.21,1816.5
ORD-007942,2025-01-14,2025-01-16,CUST-00487,PROD-00107,3,0.0,753.39,435.24,318.15
ORD-007943,2024-01-26,2024-02-01,CUST-00442,PROD-00117,5,0.1,918.41,801.75,116.66
ORD-007944,2025-05-14,2025-05-17,CUST-00023,PROD-00197,1,0.0,129.4,90.22,39.18
ORD-007945,2024-11-15,2024-11-17,CUST-00217,PROD-00154,3,0.2,559.32,467.25,92.07
ORD-007946,2024-12-05,2024-12-07,CUST-00443,PROD-00203,3,0.15,1577.58,1088.7,488.88
ORD-007947,2025-11-01,2025-11-04,CUST-00257,PROD-00127,2,0.0,164.54,134.84,29.7
ORD-007948,2024-12-13,2024-12-16,CUST-00219,PROD-00052,3,0.3,448.87,455.55,-6.68
ORD-007949,2024-01-17,2024-01-18,CUST-00275,PROD-00039,4,0.15,433.53,389.64,43.89
ORD-007950,2024-07-03,2024-07-07,CUST-00217,PROD-00047,5,0.1,2227.18,1976.05,251.13
ORD-007951,2024-12-19,2024-12-24,CUST-00328,PROD-00152,4,0.05,1512.67,951.6,561.07
ORD-007952,2024-11-25,2024-11-27,CUST-00232,PROD-00120,2,0.0,340.62,218.62,122.0
ORD-007953,2025-10-22,2025-10-23,CUST-00513,PROD-00011,1,0.05,170.96,154.72,16.24
ORD-007954,2025-02-01,2025-02-04,CUST-00475,PROD-00081,3,0.0,1232.55,752.64,479.91
ORD-007955,2025-05-26,2025-05-28,CUST-00273,PROD-00103,7,0.0,1866.83,1478.54,388.29
ORD-007956,2024-12-16,2024-12-18,CUST-00112,PROD-00023,1,0.2,372.98,305.66,67.32
ORD-007957,2024-12-02,2024-12-03,CUST-00501,PROD-00106,6,0.1,181.44,131.64,49.8
ORD-007958,2024-12-05,2024-12-11,CUST-00508,PROD-00110,3,0.2,997.73,944.19,53.54
ORD-007959,2024-11-18,2024-11-22,CUST-00035,PROD-00202,7,0.15,2419.21,2322.46,96.75
ORD-007960,2025-01-30,2025-02-05,CUST-00416,PROD-00090,5,0.2,1196.6,798.65,397.95
ORD-007961,2024-07-28,2024-07-31,CUST-00403,PROD-00093,5,0.05,916.7,512.75,403.95
ORD-007962,2025-11-09,2025-11-14,CUST-00111,PROD-00043,7,0.0,2632.0,1767.85,864.15
ORD-007963,2024-09-30,2024-10-03,CUST-00523,PROD-00102,6,0.05,1388.06,1106.7,281.36
ORD-007964,2024-04-23,2024-04-24,CUST-00363,PROD-00006,1,0.0,519.22,348.22,171.0
ORD-007965,2024-03-15,2024-03-17,CUST-00306,PROD-00072,2,0.0,915.7,657.88,257.82
ORD-007966,2024-01-11,2024-01-12,CUST-00057,PROD-00022,4,0.0,846.2,728.84,117.36
ORD-007967,2024-11-24,2024-11-25,CUST-00048,PROD-00161,1,0.2,157.65,114.6,43.05
ORD-007968,2024-05-24,2024-05-26,CUST-00355,PROD-00181,4,0.05,1327.0,739.56,587.44
ORD-007969,2024-01-17,2024-01-20,CUST-00369,PROD-00171,1,0.15,60.54,42.83,17.71
ORD-007970,2025-01-15,2025-01-18,CUST-00177,PROD-00192,5,0.0,368.9,203.6,165.3
ORD-007971,2025-05-18,2025-05-19,CUST-00441,PROD-00217,1,0.1,500.05,331.81,168.24
ORD-007972,2024-03-06,2024-03-12,CUST-00174,PROD-00058,5,0.0,2456.55,1916.95,539.6
ORD-007973,2024-12-12,2024-12-15,CUST-00196,PROD-00072,6,0.1,2472.39,1973.64,498.75
ORD-007974,2025-07-21,2025-07-22,CUST-00113,PROD-00084,3,0.0,270.99,224.7,46.29
ORD-007975,2025-12-25,2025-12-26,CUST-00071,PROD-00219,5,0.2,854.36,591.8,262.56
ORD-007976,2025-05-08,2025-05-12,CUST-00381,PROD-00184,7,0.0,1875.93,1295.49,580.44
ORD-007977,2024-07-22,2024-07-26,CUST-00382,PROD-00126,6,0.05,2970.67,1831.26,1139.41
ORD-007978,2025-06-22,2025-06-26,CUST-00154,PROD-00034,1,0.2,80.82,56.3,24.52
ORD-007979,2025-03-16,2025-03-22,CUST-00148,PROD-00142,7,0.15,1694.8,1708.28,-13.48
ORD-007980,2024-06-16,2024-06-19,CUST-00551,PROD-00165,3,0.1,73.63,49.65,23.98
ORD-007981,2025-10-15,2025-10-19,CUST-00271,PROD-00217,1,0.3,388.93,331.81,57.12
ORD-007982,2024-11-26,2024-11-27,CUST-00256,PROD-00174,6,0.05,1259.87,1056.12,203.75
ORD-007983,2025-12-13,2025-12-15,CUST-00190,PROD-00043,5,0.0,1880.0,1262.75,617.25
ORD-007984,2025-06-28,2025-06-30,CUST-00396,PROD-00128,1,0.1,350.18,306.36,43.82
ORD-007985,2025-04-21,2025-04-24,CUST-00412,PROD-00165,7,0.05,181.35,115.85,65.5
ORD-007986,2025-07-04,2025-07-07,CUST-00045,PROD-00006,6,0.0,3115.32,2089.32,1026.0
ORD-007987,2024-12-21,2024-12-24,CUST-00230,PROD-00025,3,0.3,215.44,199.2,16.24
ORD-007988,2025-01-04,2025-01-08,CUST-00138,PROD-00173,7,0.05,1780.74,1547.49,233.25
ORD-007989,2025-10-15,2025-10-21,CUST-00107,PROD-00159,6,0.05,2623.42,2297.94,325.48
ORD-007990,2025-05-19,2025-05-22,CUST-00098,PROD-00097,1,0.1,250.78,194.6,56.18
ORD-007991,2025-11-12,2025-11-13,CUST-00342,PROD-00168,3,0.2,263.54,194.49,69.05
ORD-007992,2025-11-09,2025-11-10,CUST-00432,PROD-00168,7,0.05,730.24,453.81,276.43
ORD-007993,2025-12-20,2025-12-23,CUST-00451,PROD-00190,3,0.05,811.96,727.38,84.58
ORD-007994,2025-06-04,2025-06-07,CUST-00309,PROD-00061,7,0.0,1370.88,1105.65,265.23
ORD-007995,2025-01-02,2025-01-07,CUST-00090,PROD-00118,3,0.15,184.14,166.89,17.25
ORD-007996,2024-05-07,2024-05-12,CUST-00209,PROD-00087,2,0.0,414.34,256.1,158.24
ORD-007997,2025-06-09,2025-06-12,CUST-00245,PROD-00102,2,0.0,487.04,368.9,118.14
ORD-007998,2024-08-30,2024-09-03,CUST-00394,PROD-00119,7,0.05,4365.92,2779.21,1586.71
ORD-007999,2024-08-23,2024-08-25,CUST-00251,PROD-00022,3,0.15,539.45,546.63,-7.18
ORD-008000,2024-07-15,2024-07-20,CUST-00091,PROD-00128,3,0.0,1167.27,919.08,248.19
ORD-008001,2025-11-02,2025-11-04,CUST-00509,PROD-00168,1,0.05,104.32,64.83,39.49
ORD-008002,2025-10-28,2025-10-29,CUST-00237,PROD-00215,5,0.05,974.51,868.2,106.31
ORD-008003,2025-04-11,2025-04-15,CUST-00051,PROD-00081,7,0.0,2875.95,1756.16,1119.79
ORD-008004,2024-12-18,2024-12-24,CUST-00062,PROD-00087,1,0.05,196.81,128.05,68.76
ORD-008005,2025-05-12,2025-05-17,CUST-00041,PROD-00185,6,0.05,2866.99,2316.42,550.57
ORD-008006,2025-03-23,2025-03-28,CUST-00382,PROD-00096,3,0.0,312.18,173.58,138.6
ORD-008007,2024-11-21,2024-11-26,CUST-00538,PROD-00094,7,0.1,222.39,172.97,49.42
ORD-008008,2024-11-03,2024-11-05,CUST-00141,PROD-00091,7,0.2,1679.38,1204.56,474.82
ORD-008009,2024-11-05,2024-11-06,CUST-00023,PROD-00108,2,0.0,429.26,294.2,135.06
ORD-008010,2025-03-09,2025-03-11,CUST-00551,PROD-00078,1,0.15,101.98,99.16,2.82
ORD-008011,2025-04-23,2025-04-28,CUST-00416,PROD-00169,5,0.0,1783.75,949.3,834.45
ORD-008012,2024-12-08,2024-12-11,CUST-00489,PROD-00152,3,0.1,1074.79,713.7,361.09
ORD-008013,2025-12-16,2025-12-21,CUST-00594,PROD-00121,4,0.05,2545.85,1566.12,979.73
ORD-008014,2024-03-05,2024-03-11,CUST-00004,PROD-00173,2,0.0,535.56,442.14,93.42
ORD-008015,2024-10-11,2024-10-15,CUST-00102,PROD-00058,5,0.05,2333.72,1916.95,416.77
ORD-008016,2024-11-22,2024-11-28,CUST-00428,PROD-00030,7,0.05,1189.09,1020.88,168.21
ORD-008017,2024-01-13,2024-01-19,CUST-00292,PROD-00045,3,0.05,307.52,233.85,73.67
ORD-008018,2024-10-25,2024-10-31,CUST-00435,PROD-00203,5,0.15,2629.3,1814.5,814.8
ORD-008019,2024-08-16,2024-08-18,CUST-00348,PROD-00087,2,0.1,372.91,256.1,116.81
ORD-008020,2025-01-05,2025-01-09,CUST-00229,PROD-00154,3,0.1,629.24,467.25,161.99
ORD-008021,2024-10-03,2024-10-05,CUST-00458,PROD-00042,5,0.15,2401.08,1708.3,692.78
ORD-008022,2025-07-02,2025-07-08,CUST-00412,PROD-00003,4,0.3,267.57,314.24,-46.67
ORD-008023,2025-01-08,2025-01-09,CUST-00589,PROD-00134,2,0.05,1039.19,767.12,272.07
ORD-008024,2024-04-09,2024-04-15,CUST-00354,PROD-00081,4,0.3,1150.38,1003.52,146.86
ORD-008025,2025-07-28,2025-08-02,CUST-00067,PROD-00041,5,0.0,875.05,504.25,370.8
ORD-008026,2024-03-17,2024-03-23,CUST-00564,PROD-00037,3,0.0,793.59,671.07,122.52
ORD-008027,2025-10-06,2025-10-10,CUST-00341,PROD-00066,2,0.05,421.38,314.64,106.74
ORD-008028,2025-11-29,2025-12-03,CUST-00209,PROD-00002,3,0.2,1061.98,1125.45,-63.47
ORD-008029,2024-09-22,2024-09-26,CUST-00022,PROD-00113,3,0.0,501.21,402.93,98.28
ORD-008030,2025-11-26,2025-11-30,CUST-00377,PROD-00003,4,0.15,324.9,314.24,10.66
ORD-008031,2025-08-31,2025-09-01,CUST-00395,PROD-00010,3,0.0,1340.49,1044.93,295.56
ORD-008032,2025-11-24,2025-11-28,CUST-00227,PROD-00120,6,0.0,1021.86,655.86,366.0
ORD-008033,2025-05-08,2025-05-11,CUST-00008,PROD-00162,1,0.0,143.34,113.11,30.23
ORD-008034,2024-07-12,2024-07-15,CUST-00564,PROD-00102,3,0.0,730.56,553.35,177.21
ORD-008035,2025-11-11,2025-11-16,CUST-00303,PROD-00114,3,0.1,1045.14,731.82,313.32
ORD-008036,2024-05-21,2024-05-25,CUST-00590,PROD-00005,6,0.05,1835.63,1661.4,174.23
ORD-008037,2024-06-17,2024-06-22,CUST-00173,PROD-00192,5,0.0,368.9,203.6,165.3
ORD-008038,2024-08-14,2024-08-15,CUST-00412,PROD-00180,3,0.1,914.95,799.71,115.24
ORD-008039,2024-09-08,2024-09-12,CUST-00073,PROD-00057,2,0.1,461.14,365.94,95.2
ORD-008040,2025-01-11,2025-01-16,CUST-00124,PROD-00129,4,0.3,1514.97,1195.0,319.97
ORD-008041,2025-06-18,2025-06-24,CUST-00232,PROD-00070,1,0.05,89.81,53.62,36.19
ORD-008042,2025-11-26,2025-11-28,CUST-00030,PROD-00155,3,0.05,808.57,562.83,245.74
ORD-008043,2024-03-08,2024-03-12,CUST-00532,PROD-00203,6,0.15,3155.17,2177.4,977.77
ORD-008044,2025-12-10,2025-12-12,CUST-00405,PROD-00150,1,0.3,346.86,380.52,-33.66
ORD-008045,2025-11-24,2025-11-29,CUST-00128,PROD-00107,3,0.05,715.72,435.24,280.48
ORD-008046,2024-02-11,2024-02-14,CUST-00265,PROD-00195,6,0.2,3090.34,2352.42,737.92
ORD-008047,2024-10-21,2024-10-22,CUST-00428,PROD-00075,5,0.15,2381.02,1848.6,532.42
ORD-008048,2025-09-16,2025-09-19,CUST-00404,PROD-00192,7,0.15,438.99,285.04,153.95
ORD-008049,2025-03-27,2025-03-30,CUST-00407,PROD-00129,2,0.15,919.8,597.5,322.3
ORD-008050,2025-08-21,2025-08-26,CUST-00130,PROD-00045,3,0.15,275.15,233.85,41.3
ORD-008051,2025-06-24,2025-06-30,CUST-00082,PROD-00011,5,0.15,764.83,773.6,-8.77
ORD-008052,2024-12-30,2024-12-31,CUST-00182,PROD-00176,6,0.0,2476.44,1810.32,666.12
ORD-008053,2024-02-01,2024-02-02,CUST-00445,PROD-00101,3,0.2,1333.94,942.66,391.28
ORD-008054,2025-03-06,2025-03-07,CUST-00262,PROD-00057,6,0.0,1537.14,1097.82,439.32
ORD-008055,2024-02-07,2024-02-08,CUST-00579,PROD-00147,7,0.1,4654.0,2795.45,1858.55
ORD-008056,2025-03-21,2025-03-23,CUST-00057,PROD-00016,3,0.1,1839.38,1192.17,647.21
ORD-008057,2025-09-06,2025-09-12,CUST-00546,PROD-00046,5,0.0,713.8,494.6,219.2
ORD-008058,2025-03-06,2025-03-10,CUST-00252,PROD-00166,3,0.2,1227.05,1061.4,165.65
ORD-008059,2025-12-30,2026-01-03,CUST-00389,PROD-00070,4,0.2,302.53,214.48,88.05
ORD-008060,2024-12-10,2024-12-14,CUST-00497,PROD-00184,2,0.0,535.98,370.14,165.84
ORD-008061,2025-07-27,2025-07-29,CUST-00543,PROD-00216,6,0.0,2890.56,2320.62,569.94
ORD-008062,2025-05-08,2025-05-11,CUST-00346,PROD-00030,5,0.05,849.35,729.2,120.15
ORD-008063,2025-12-27,2026-01-01,CUST-00419,PROD-00190,3,0.05,811.96,727.38,84.58
ORD-008064,2025-06-18,2025-06-20,CUST-00232,PROD-00178,6,0.0,1710.42,1217.52,492.9
ORD-008065,2024-05-05,2024-05-09,CUST-00438,PROD-00083,6,0.0,2941.86,1822.02,1119.84
ORD-008066,2025-12-10,2025-12-13,CUST-00506,PROD-00143,2,0.3,60.69,61.9,-1.21
ORD-008067,2025-05-09,2025-05-10,CUST-00181,PROD-00200,3,0.15,680.06,564.09,115.97
ORD-008068,2024-02-15,2024-02-17,CUST-00029,PROD-00007,1,0.0,220.48,142.32,78.16
ORD-008069,2025-05-01,2025-05-03,CUST-00339,PROD-00166,1,0.2,409.02,353.8,55.22
ORD-008070,2025-11-05,2025-11-10,CUST-00152,PROD-00050,4,0.0,1025.72,560.76,464.96
ORD-008071,2025-02-28,2025-03-04,CUST-00490,PROD-00054,5,0.0,1752.25,1294.75,457.5
ORD-008072,2024-10-17,2024-10-18,CUST-00484,PROD-00037,1,0.0,264.53,223.69,40.84
ORD-008073,2025-09-22,2025-09-25,CUST-00016,PROD-00037,5,0.0,1322.65,1118.45,204.2
ORD-008074,2025-08-23,2025-08-29,CUST-00320,PROD-00114,6,0.1,2090.29,1463.64,626.65
ORD-008075,2025-02-03,2025-02-06,CUST-00016,PROD-00213,3,0.15,716.04,683.07,32.97
ORD-008076,2024-04-28,2024-05-03,CUST-00086,PROD-00207,3,0.05,1000.32,825.63,174.69
ORD-008077,2024-07-29,2024-08-01,CUST-00592,PROD-00131,2,0.0,1053.28,598.0,455.28
ORD-008078,2025-07-16,2025-07-21,CUST-00199,PROD-00200,3,0.0,800.07,564.09,235.98
ORD-008079,2025-09-10,2025-09-14,CUST-00494,PROD-00103,4,0.0,1066.76,844.88,221.88
ORD-008080,2024-08-20,2024-08-23,CUST-00103,PROD-00187,1,0.0,299.72,163.22,136.5
ORD-008081,2024-10-27,2024-10-30,CUST-00089,PROD-00204,7,0.15,2530.71,1842.75,687.96
ORD-008082,2024-02-29,2024-03-04,CUST-00434,PROD-00021,5,0.05,1165.27,785.6,379.67
ORD-008083,2025-06-18,2025-06-20,CUST-00120,PROD-00143,2,0.1,78.03,61.9,16.13
ORD-008084,2024-01-03,2024-01-07,CUST-00554,PROD-00062,7,0.2,4102.9,2779.35,1323.55
ORD-008085,2024-02-05,2024-02-10,CUST-00573,PROD-00093,6,0.05,1100.04,615.3,484.74
ORD-008086,2024-01-04,2024-01-08,CUST-00228,PROD-00152,3,0.3,835.95,713.7,122.25
ORD-008087,2025-04-22,2025-04-23,CUST-00311,PROD-00068,7,0.2,2494.3,2452.45,41.85
ORD-008088,2024-11-22,2024-11-27,CUST-00500,PROD-00192,1,0.2,59.02,40.72,18.3
ORD-008089,2024-09-03,2024-09-09,CUST-00167,PROD-00186,1,0.0,504.72,318.8,185.92
ORD-008090,2025-11-20,2025-11-24,CUST-00224,PROD-00078,4,0.05,455.92,396.64,59.28
ORD-008091,2024-05-27,2024-05-29,CUST-00142,PROD-00120,7,0.0,1192.17,765.17,427.0
ORD-008092,2024-11-08,2024-11-10,CUST-00312,PROD-00121,1,0.15,569.47,391.53,177.94
ORD-008093,2025-12-03,2025-12-09,CUST-00086,PROD-00043,4,0.0,1504.0,1010.2,493.8
ORD-008094,2024-11-26,2024-12-02,CUST-00356,PROD-00131,4,0.05,2001.23,1196.0,805.23
ORD-008095,2025-02-11,2025-02-15,CUST-00229,PROD-00027,1,0.05,422.28,288.47,133.81
ORD-008096,2024-03-02,2024-03-08,CUST-00374,PROD-00174,5,0.0,1105.15,880.1,225.05
ORD-008097,2025-08-29,2025-08-30,CUST-00116,PROD-00175,5,0.2,1618.0,1351.3,266.7
ORD-008098,2024-11-24,2024-11-27,CUST-00005,PROD-00070,2,0.0,189.08,107.24,81.84
ORD-008099,2025-09-06,2025-09-09,CUST-00333,PROD-00210,2,0.1,52.11,42.02,10.09
ORD-008100,2024-08-01,2024-08-05,CUST-00424,PROD-00104,7,0.1,1357.9,1272.32,85.58
ORD-008101,2024-11-24,2024-11-25,CUST-00374,PROD-00120,5,0.0,851.55,546.55,305.0
ORD-008102,2025-08-26,2025-09-01,CUST-00443,PROD-00038,4,0.1,52.81,36.04,16.77
ORD-008103,2025-12-19,2025-12-21,CUST-00539,PROD-00074,3,0.0,1772.55,1120.89,651.66
ORD-008104,2024-02-15,2024-02-21,CUST-00161,PROD-00128,4,0.2,1245.09,1225.44,19.65
ORD-008105,2025-09-15,2025-09-20,CUST-00547,PROD-00041,2,0.1,315.02,201.7,113.32
ORD-008106,2024-09-06,2024-09-07,CUST-00261,PROD-00150,2,0.15,842.37,761.04,81.33
ORD-008107,2025-02-08,2025-02-13,CUST-00307,PROD-00177,1,0.05,460.14,324.11,136.03
ORD-008108,2024-08-28,2024-08-31,CUST-00157,PROD-00181,1,0.3,244.45,184.89,59.56
ORD-008109,2025-03-28,2025-03-29,CUST-00028,PROD-00151,7,0.2,911.29,973.91,-62.62
ORD-008110,2024-10-16,2024-10-19,CUST-00199,PROD-00069,2,0.0,1419.88,793.86,626.02
ORD-008111,2024-10-01,2024-10-07,CUST-00546,PROD-00008,5,0.0,1080.2,643.55,436.65
ORD-008112,2024-01-30,2024-01-31,CUST-00365,PROD-00150,1,0.05,470.73,380.52,90.21
ORD-008113,2024-04-22,2024-04-24,CUST-00232,PROD-00211,6,0.0,3616.5,2097.06,1519.44
ORD-008114,2025-11-22,2025-11-23,CUST-00215,PROD-00066,5,0.0,1108.9,786.6,322.3
ORD-008115,2025-12-31,2026-01-05,CUST-00320,PROD-00005,2,0.1,579.67,553.8,25.87
ORD-008116,2025-08-22,2025-08-26,CUST-00054,PROD-00032,4,0.0,1147.76,942.92,204.84
ORD-008117,2024-08-26,2024-08-31,CUST-00582,PROD-00203,2,0.05,1175.45,725.8,449.65
ORD-008118,2024-11-14,2024-11-17,CUST-00571,PROD-00047,7,0.15,2944.83,2766.47,178.36
ORD-008119,2025-07-17,2025-07-21,CUST-00370,PROD-00003,4,0.2,305.79,314.24,-8.45
ORD-008120,2025-12-16,2025-12-18,CUST-00591,PROD-00065,3,0.3,64.13,66.51,-2.38
ORD-008121,2024-12-10,2024-12-16,CUST-00217,PROD-00074,5,0.0,2954.25,1868.15,1086.1
ORD-008122,2025-09-28,2025-10-03,CUST-00284,PROD-00102,1,0.0,243.52,184.45,59.07
ORD-008123,2025-12-20,2025-12-25,CUST-00123,PROD-00010,7,0.0,3127.81,2438.17,689.64
ORD-008124,2025-11-01,2025-11-03,CUST-00474,PROD-00188,6,0.0,1726.38,1100.76,625.62
ORD-008125,2024-07-02,2024-07-05,CUST-00539,PROD-00124,3,0.05,961.02,829.92,131.1
ORD-008126,2024-01-07,2024-01-12,CUST-00237,PROD-00212,3,0.0,1770.84,1081.05,689.79
ORD-008127,2024-12-27,2024-12-29,CUST-00303,PROD-00102,5,0.15,1034.96,922.25,112.71
ORD-008128,2025-01-24,2025-01-27,CUST-00193,PROD-00053,7,0.1,1599.63,1480.29,119.34
ORD-008129,2024-06-04,2024-06-06,CUST-00211,PROD-00096,3,0.2,249.74,173.58,76.16
ORD-008130,2024-08-24,2024-08-30,CUST-00227,PROD-00066,4,0.2,709.7,629.28,80.42
ORD-008131,2025-08-10,2025-08-15,CUST-00598,PROD-00098,2,0.0,1148.66,631.46,517.2
ORD-008132,2024-12-17,2024-12-21,CUST-00261,PROD-00198,3,0.0,1822.92,1033.23,789.69
ORD-008133,2024-09-18,2024-09-19,CUST-00318,PROD-00037,7,0.0,1851.71,1565.83,285.88
ORD-008134,2025-04-04,2025-04-07,CUST-00536,PROD-00082,2,0.1,533.93,458.52,75.41
ORD-008135,2025-04-27,2025-04-28,CUST-00206,PROD-00169,1,0.2,285.4,189.86,95.54
ORD-008136,2025-08-13,2025-08-17,CUST-00465,PROD-00123,4,0.05,1686.97,1501.84,185.13
ORD-008137,2024-04-30,2024-05-05,CUST-00140,PROD-00091,7,0.0,2099.23,1204.56,894.67
ORD-008138,2025-07-19,2025-07-23,CUST-00455,PROD-00028,6,0.0,107.58,65.76,41.82
ORD-008139,2025-03-17,2025-03-23,CUST-00164,PROD-00132,3,0.1,691.2,441.93,249.27
ORD-008140,2024-02-14,2024-02-16,CUST-00012,PROD-00074,6,0.15,3013.34,2241.78,771.56
ORD-008141,2025-08-19,2025-08-23,CUST-00525,PROD-00183,5,0.05,1585.88,1095.85,490.03
ORD-008142,2024-11-05,2024-11-06,CUST-00198,PROD-00116,3,0.0,411.81,288.15,123.66
ORD-008143,2024-09-28,2024-10-04,CUST-00108,PROD-00180,3,0.0,1016.61,799.71,216.9
ORD-008144,2024-12-06,2024-12-10,CUST-00555,PROD-00044,6,0.05,3040.78,1781.1,1259.68
ORD-008145,2024-10-11,2024-10-16,CUST-00204,PROD-00009,2,0.0,277.92,163.66,114.26
ORD-008146,2024-10-04,2024-10-07,CUST-00449,PROD-00059,7,0.05,725.12,523.81,201.31
ORD-008147,2025-09-12,2025-09-18,CUST-00353,PROD-00183,6,0.0,2003.22,1315.02,688.2
ORD-008148,2024-04-05,2024-04-06,CUST-00340,PROD-00116,5,0.0,686.35,480.25,206.1
ORD-008149,2025-12-17,2025-12-18,CUST-00351,PROD-00039,3,0.05,363.4,292.23,71.17
ORD-008150,2025-02-11,2025-02-16,CUST-00440,PROD-00040,6,0.1,1476.09,896.52,579.57
ORD-008151,2024-05-20,2024-05-25,CUST-00278,PROD-00135,2,0.3,711.2,676.1,35.1
ORD-008152,2024-04-10,2024-04-12,CUST-00580,PROD-00198,6,0.0,3645.84,2066.46,1579.38
ORD-008153,2025-03-11,2025-03-14,CUST-00451,PROD-00100,6,0.0,1152.06,646.98,505.08
ORD-008154,2025-04-12,2025-04-18,CUST-00528,PROD-00012,6,0.05,3135.51,2091.66,1043.85
ORD-008155,2024-02-10,2024-02-15,CUST-00021,PROD-00131,5,0.1,2369.88,1495.0,874.88
ORD-008156,2024-07-20,2024-07-24,CUST-00505,PROD-00197,1,0.2,103.52,90.22,13.3
ORD-008157,2025-09-02,2025-09-04,CUST-00232,PROD-00116,5,0.0,686.35,480.25,206.1
ORD-008158,2024-02-08,2024-02-13,CUST-00223,PROD-00097,6,0.05,1588.3,1167.6,420.7
ORD-008159,2025-10-18,2025-10-22,CUST-00255,PROD-00195,6,0.0,3862.92,2352.42,1510.5
ORD-008160,2025-05-01,2025-05-04,CUST-00502,PROD-00066,2,0.0,443.56,314.64,128.92
ORD-008161,2024-11-30,2024-12-04,CUST-00330,PROD-00207,2,0.05,666.88,550.42,116.46
ORD-008162,2024-10-11,2024-10-13,CUST-00222,PROD-00190,4,0.0,1139.6,969.84,169.76
ORD-008163,2024-01-15,2024-01-16,CUST-00089,PROD-00187,3,0.0,899.16,489.66,409.5
ORD-008164,2025-09-25,2025-09-28,CUST-00426,PROD-00076,7,0.1,1556.1,927.29,628.81
ORD-008165,2024-04-19,2024-04-22,CUST-00171,PROD-00198,1,0.1,546.88,344.41,202.47
ORD-008166,2024-09-12,2024-09-16,CUST-00384,PROD-00021,4,0.0,981.28,628.48,352.8
ORD-008167,2025-02-22,2025-02-25,CUST-00531,PROD-00113,4,0.0,668.28,537.24,131.04
ORD-008168,2024-07-23,2024-07-28,CUST-00319,PROD-00062,6,0.05,4176.16,2382.3,1793.86
ORD-008169,2024-12-30,2025-01-02,CUST-00544,PROD-00201,1,0.2,435.91,352.89,83.02
ORD-008170,2025-09-13,2025-09-15,CUST-00304,PROD-00018,5,0.15,2012.63,1348.5,664.13
ORD-008171,2024-12-17,2024-12-20,CUST-00455,PROD-00103,4,0.0,1066.76,844.88,221.88
ORD-008172,2025-12-07,2025-12-08,CUST-00114,PROD-00025,4,0.05,389.84,265.6,124.24
ORD-008173,2025-10-12,2025-10-13,CUST-00250,PROD-00169,5,0.3,1248.62,949.3,299.32
ORD-008174,2024-09-30,2024-10-05,CUST-00548,PROD-00057,7,0.0,1793.33,1280.79,512.54
ORD-008175,2024-11-13,2024-11-18,CUST-00532,PROD-00006,1,0.15,441.34,348.22,93.12
ORD-008176,2024-11-24,2024-11-25,CUST-00461,PROD-00100,3,0.1,518.43,323.49,194.94
ORD-008177,2025-04-07,2025-04-08,CUST-00364,PROD-00134,7,0.0,3828.58,2684.92,1143.66
ORD-008178,2024-08-26,2024-08-28,CUST-00299,PROD-00108,4,0.15,729.74,588.4,141.34
ORD-008179,2025-12-17,2025-12-23,CUST-00054,PROD-00051,3,0.0,227.1,124.74,102.36
ORD-008180,2025-03-24,2025-03-26,CUST-00221,PROD-00170,6,0.2,446.5,478.44,-31.94
ORD-008181,2024-11-13,2024-11-19,CUST-00581,PROD-00015,5,0.0,2370.95,1998.85,372.1
ORD-008182,2025-04-21,2025-04-25,CUST-00024,PROD-00121,5,0.05,3182.31,1957.65,1224.66
ORD-008183,2024-11-11,2024-11-14,CUST-00122,PROD-00044,5,0.0,2667.35,1484.25,1183.1
ORD-008184,2025-09-19,2025-09-22,CUST-00208,PROD-00210,6,0.05,165.02,126.06,38.96
ORD-008185,2025-02-21,2025-02-23,CUST-00556,PROD-00075,4,0.05,2128.91,1478.88,650.03
ORD-008186,2024-02-02,2024-02-05,CUST-00166,PROD-00086,5,0.0,1693.15,1281.05,412.1
ORD-008187,2024-05-15,2024-05-19,CUST-00576,PROD-00161,2,0.0,394.12,229.2,164.92
ORD-008188,2025-10-25,2025-10-29,CUST-00067,PROD-00005,6,0.1,1739.02,1661.4,77.62
ORD-008189,2025-02-17,2025-02-19,CUST-00016,PROD-00075,4,0.15,1904.82,1478.88,425.94
ORD-008190,2025-12-08,2025-12-14,CUST-00461,PROD-00136,4,0.1,815.44,609.52,205.92
ORD-008191,2024-02-25,2024-02-29,CUST-00542,PROD-00066,5,0.3,776.23,786.6,-10.37
ORD-008192,2024-09-01,2024-09-06,CUST-00129,PROD-00168,2,0.3,153.73,129.66,24.07
ORD-008193,2024-05-28,2024-05-30,CUST-00473,PROD-00141,4,0.15,1241.14,911.12,330.02
ORD-008194,2025-02-10,2025-02-15,CUST-00597,PROD-00218,7,0.3,3201.12,2697.94,503.18
ORD-008195,2024-11-05,2024-11-07,CUST-00268,PROD-00076,5,0.0,1235.0,662.35,572.65
ORD-008196,2024-04-30,2024-05-05,CUST-00160,PROD-00130,3,0.05,824.9,496.17,328.73
ORD-008197,2025-04-20,2025-04-22,CUST-00541,PROD-00013,2,0.0,1176.38,639.68,536.7
ORD-008198,2025-01-28,2025-01-29,CUST-00599,PROD-00074,6,0.0,3545.1,2241.78,1303.32
ORD-008199,2024-08-17,2024-08-22,CUST-00386,PROD-00113,5,0.1,751.82,671.55,80.27
ORD-008200,2024-12-21,2024-12-25,CUST-00441,PROD-00055,1,0.15,256.89,216.92,39.97
ORD-008201,2025-07-24,2025-07-26,CUST-00336,PROD-00074,7,0.05,3929.15,2615.41,1313.74
ORD-008202,2024-06-08,2024-06-13,CUST-00466,PROD-00129,1,0.3,378.74,298.75,79.99
ORD-008203,2024-08-31,2024-09-01,CUST-00277,PROD-00066,3,0.15,565.54,471.96,93.58
ORD-008204,2024-10-10,2024-10-15,CUST-00468,PROD-00178,2,0.2,456.11,405.84,50.27
ORD-008205,2025-07-25,2025-07-31,CUST-00452,PROD-00158,2,0.2,137.94,118.98,18.96
ORD-008206,2025-10-12,2025-10-13,CUST-00316,PROD-00136,3,0.1,611.58,457.14,154.44
ORD-008207,2024-11-02,2024-11-07,CUST-00561,PROD-00202,7,0.0,2846.13,2322.46,523.67
ORD-008208,2024-09-02,2024-09-05,CUST-00121,PROD-00053,5,0.15,1079.12,1057.35,21.77
ORD-008209,2025-11-08,2025-11-13,CUST-00053,PROD-00009,5,0.0,694.8,409.15,285.65
ORD-008210,2025-12-31,2026-01-04,CUST-00124,PROD-00122,7,0.0,283.22,203.77,79.45
ORD-008211,2025-05-11,2025-05-16,CUST-00505,PROD-00095,6,0.1,1792.26,1116.72,675.54
ORD-008212,2025-12-27,2025-12-30,CUST-00460,PROD-00209,7,0.15,2712.9,2433.34,279.56
ORD-008213,2025-05-03,2025-05-05,CUST-00087,PROD-00193,5,0.0,1260.65,666.55,594.1
ORD-008214,2025-07-10,2025-07-11,CUST-00433,PROD-00048,4,0.0,1077.92,726.2,351.72
ORD-008215,2024-11-08,2024-11-10,CUST-00594,PROD-00063,4,0.1,1191.02,1085.0,106.02
ORD-008216,2024-11-29,2024-12-05,CUST-00154,PROD-00096,7,0.05,692.0,405.02,286.98
ORD-008217,2024-04-20,2024-04-26,CUST-00018,PROD-00211,4,0.0,2411.0,1398.04,1012.96
ORD-008218,2025-09-23,2025-09-28,CUST-00049,PROD-00166,7,0.05,3399.95,2476.6,923.35
ORD-008219,2025-11-28,2025-12-01,CUST-00576,PROD-00033,2,0.15,285.14,229.74,55.4
ORD-008220,2025-04-05,2025-04-07,CUST-00125,PROD-00061,4,0.1,705.02,631.8,73.22
ORD-008221,2024-10-09,2024-10-12,CUST-00066,PROD-00179,6,0.0,1416.36,824.64,591.72
ORD-008222,2024-04-28,2024-04-30,CUST-00344,PROD-00192,3,0.0,221.34,122.16,99.18
ORD-008223,2024-08-09,2024-08-12,CUST-00192,PROD-00094,6,0.0,211.8,148.26,63.54
ORD-008224,2024-08-02,2024-08-05,CUST-00344,PROD-00020,5,0.3,776.54,683.65,92.89
ORD-008225,2025-03-28,2025-03-29,CUST-00487,PROD-00123,2,0.3,621.52,750.92,-129.4
ORD-008226,2025-12-05,2025-12-10,CUST-00335,PROD-00207,5,0.15,1491.71,1376.05,115.66
ORD-008227,2024-02-07,2024-02-09,CUST-00175,PROD-00080,5,0.0,1045.25,584.4,460.85
ORD-008228,2024-01-01,2024-01-04,CUST-00118,PROD-00021,2,0.1,441.58,314.24,127.34
ORD-008229,2025-03-18,2025-03-23,CUST-00035,PROD-00030,4,0.0,715.24,583.36,131.88
ORD-008230,2024-08-24,2024-08-25,CUST-00257,PROD-00125,6,0.1,1983.42,1237.74,745.68
ORD-008231,2025-11-04,2025-11-07,CUST-00575,PROD-00183,6,0.0,2003.22,1315.02,688.2
ORD-008232,2024-09-26,2024-09-29,CUST-00527,PROD-00127,1,0.05,78.16,67.42,10.74
ORD-008233,2024-08-28,2024-08-29,CUST-00151,PROD-00108,1,0.0,214.63,147.1,67.53
ORD-008234,2024-08-13,2024-08-16,CUST-00106,PROD-00159,6,0.15,2347.28,2297.94,49.34
ORD-008235,2024-04-21,2024-04-22,CUST-00273,PROD-00082,3,0.2,711.91,687.78,24.13
ORD-008236,2025-03-04,2025-03-06,CUST-00466,PROD-00172,7,0.0,987.98,679.98,308.0
ORD-008237,2024-05-09,2024-05-12,CUST-00177,PROD-00065,4,0.0,122.16,88.68,33.48
ORD-008238,2024-11-25,2024-11-29,CUST-00378,PROD-00160,1,0.1,27.14,22.22,4.92
ORD-008239,2024-12-12,2024-12-15,CUST-00570,PROD-00040,2,0.05,519.36,298.84,220.52
ORD-008240,2024-01-16,2024-01-21,CUST-00525,PROD-00062,4,0.1,2637.58,1588.2,1049.38
ORD-008241,2024-01-13,2024-01-16,CUST-00428,PROD-00023,5,0.05,2214.59,1528.3,686.29
ORD-008242,2025-01-16,2025-01-20,CUST-00206,PROD-00066,2,0.1,399.2,314.64,84.56
ORD-008243,2025-05-30,2025-05-31,CUST-00546,PROD-00040,5,0.0,1366.75,747.1,619.65
ORD-008244,2025-12-04,2025-12-07,CUST-00077,PROD-00191,4,0.15,1551.9,1318.36,233.54
ORD-008245,2024-05-17,2024-05-22,CUST-00154,PROD-00155,2,0.1,510.68,375.22,135.46
ORD-008246,2024-03-20,2024-03-21,CUST-00390,PROD-00068,4,0.15,1514.39,1401.4,112.99
ORD-008247,2024-02-09,2024-02-10,CUST-00220,PROD-00040,3,0.2,656.04,448.26,207.78
ORD-008248,2024-12-01,2024-12-06,CUST-00079,PROD-00060,6,0.05,1355.57,865.5,490.07
ORD-008249,2025-04-05,2025-04-06,CUST-00588,PROD-00050,7,0.0,1795.01,981.33,813.68
ORD-008250,2025-10-07,2025-10-10,CUST-00582,PROD-00026,3,0.0,1273.62,738.9,534.72
ORD-008251,2025-05-20,2025-05-25,CUST-00308,PROD-00144,3,0.1,431.08,270.78,160.3
ORD-008252,2024-06-12,2024-06-14,CUST-00022,PROD-00042,5,0.0,2824.8,1708.3,1116.5
ORD-008253,2024-12-13,2024-12-15,CUST-00047,PROD-00096,5,0.0,520.3,289.3,231.0
ORD-008254,2025-11-18,2025-11-20,CUST-00537,PROD-00082,7,0.1,1868.77,1604.82,263.95
ORD-008255,2024-09-26,2024-09-28,CUST-00297,PROD-00044,5,0.1,2400.62,1484.25,916.37
ORD-008256,2024-12-31,2025-01-02,CUST-00549,PROD-00118,5,0.1,324.94,278.15,46.79
ORD-008257,2025-12-12,2025-12-13,CUST-00322,PROD-00013,3,0.2,1411.66,959.52,452.14
ORD-008258,2025-07-11,2025-07-12,CUST-00365,PROD-00145,5,0.15,390.45,329.0,61.45
ORD-008259,2025-07-26,2025-07-29,CUST-00072,PROD-00108,1,0.0,214.63,147.1,67.53
ORD-008260,2024-07-30,2024-08-03,CUST-00040,PROD-00039,5,0.15,541.92,487.05,54.87
ORD-008261,2024-11-20,2024-11-22,CUST-00302,PROD-00160,2,0.0,60.3,44.44,15.86
ORD-008262,2024-03-04,2024-03-06,CUST-00555,PROD-00004,5,0.15,130.26,121.5,8.76
ORD-008263,2025-03-23,2025-03-26,CUST-00549,PROD-00154,3,0.0,699.15,467.25,231.9
ORD-008264,2024-03-20,2024-03-21,CUST-00217,PROD-00154,7,0.0,1631.35,1090.25,541.1
ORD-008265,2025-10-03,2025-10-06,CUST-00027,PROD-00182,3,0.1,740.18,673.77,66.41
ORD-008266,2025-09-17,2025-09-22,CUST-00386,PROD-00018,4,0.2,1515.39,1078.8,436.59
ORD-008267,2025-01-26,2025-01-27,CUST-00100,PROD-00088,4,0.1,387.07,236.96,150.11
ORD-008268,2024-04-18,2024-04-19,CUST-00132,PROD-00052,2,0.0,427.5,303.7,123.8
ORD-008269,2024-01-20,2024-01-26,CUST-00013,PROD-00193,7,0.0,1764.91,933.17,831.74
ORD-008270,2025-09-03,2025-09-09,CUST-00153,PROD-00023,6,0.05,2657.51,1833.96,823.55
ORD-008271,2025-03-18,2025-03-22,CUST-00401,PROD-00097,4,0.0,1114.6,778.4,336.2
ORD-008272,2025-06-15,2025-06-21,CUST-00564,PROD-00180,6,0.1,1829.9,1599.42,230.48
ORD-008273,2024-09-08,2024-09-14,CUST-00082,PROD-00040,3,0.0,820.05,448.26,371.79
ORD-008274,2025-01-07,2025-01-13,CUST-00530,PROD-00141,1,0.0,365.04,227.78,137.26
ORD-008275,2025-07-25,2025-07-26,CUST-00557,PROD-00187,2,0.15,509.52,326.44,183.08
ORD-008276,2024-12-13,2024-12-15,CUST-00334,PROD-00048,7,0.15,1603.41,1270.85,332.56
ORD-008277,2025-03-19,2025-03-21,CUST-00567,PROD-00061,2,0.3,274.18,315.9,-41.72
ORD-008278,2025-08-29,2025-08-31,CUST-00469,PROD-00076,2,0.2,395.2,264.94,130.26
ORD-008279,2024-06-19,2024-06-23,CUST-00476,PROD-00081,4,0.05,1561.23,1003.52,557.71
ORD-008280,2024-02-20,2024-02-25,CUST-00073,PROD-00209,1,0.05,433.15,347.62,85.53
ORD-008281,2025-01-24,2025-01-29,CUST-00462,PROD-00110,7,0.15,2473.53,2203.11,270.42
ORD-008282,2024-02-17,2024-02-18,CUST-00310,PROD-00038,1,0.1,13.2,9.01,4.19
ORD-008283,2025-08-11,2025-08-17,CUST-00548,PROD-00001,6,0.1,218.43,128.4,90.03
ORD-008284,2025-06-24,2025-06-28,CUST-00577,PROD-00006,3,0.05,1479.78,1044.66,435.12
ORD-008285,2025-11-05,2025-11-06,CUST-00028,PROD-00165,2,0.0,54.54,33.1,21.44
ORD-008286,2025-04-17,2025-04-21,CUST-00495,PROD-00212,5,0.05,2803.83,1801.75,1002.08
ORD-008287,2024-02-21,2024-02-23,CUST-00223,PROD-00069,3,0.0,2129.82,1190.79,939.03
ORD-008288,2024-07-31,2024-08-06,CUST-00320,PROD-00106,5,0.05,159.6,109.7,49.9
ORD-008289,2025-09-12,2025-09-18,CUST-00457,PROD-00091,6,0.1,1619.41,1032.48,586.93
ORD-008290,2024-05-08,2024-05-12,CUST-00212,PROD-00189,7,0.3,3084.06,2408.07,675.99
ORD-008291,2025-06-02,2025-06-03,CUST-00437,PROD-00143,5,0.15,184.24,154.75,29.49
ORD-008292,2025-08-21,2025-08-23,CUST-00528,PROD-00054,1,0.2,280.36,258.95,21.41
ORD-008293,2024-09-28,2024-10-03,CUST-00309,PROD-00008,6,0.2,1036.99,772.26,264.73
ORD-008294,2024-09-22,2024-09-23,CUST-00084,PROD-00104,3,0.0,646.62,545.28,101.34
ORD-008295,2025-02-13,2025-02-14,CUST-00429,PROD-00146,6,0.0,1103.04,921.6,181.44
ORD-008296,2025-10-23,2025-10-24,CUST-00366,PROD-00173,7,0.1,1687.01,1547.49,139.52
ORD-008297,2024-06-29,2024-06-30,CUST-00161,PROD-00106,5,0.15,142.8,109.7,33.1
ORD-008298,2025-12-03,2025-12-08,CUST-00289,PROD-00202,6,0.0,2439.54,1990.68,448.86
ORD-008299,2025-03-17,2025-03-23,CUST-00021,PROD-00192,1,0.2,59.02,40.72,18.3
ORD-008300,2025-12-28,2026-01-02,CUST-00171,PROD-00121,5,0.2,2679.84,1957.65,722.19
ORD-008301,2024-03-09,2024-03-13,CUST-00138,PROD-00099,4,0.0,1977.52,1064.84,912.68
ORD-008302,2024-04-07,2024-04-13,CUST-00107,PROD-00048,5,0.3,943.18,907.75,35.43
ORD-008303,2025-09-26,2025-09-30,CUST-00396,PROD-00120,4,0.05,647.18,437.24,209.94
ORD-008304,2025-10-25,2025-10-27,CUST-00497,PROD-00162,7,0.3,702.37,791.77,-89.4
ORD-008305,2024-12-05,2024-12-09,CUST-00124,PROD-00117,7,0.0,1428.63,1122.45,306.18
ORD-008306,2025-06-19,2025-06-24,CUST-00392,PROD-00150,6,0.15,2527.1,2283.12,243.98
ORD-008307,2025-10-27,2025-11-02,CUST-00191,PROD-00174,5,0.0,1105.15,880.1,225.05
ORD-008308,2024-02-03,2024-02-08,CUST-00338,PROD-00155,6,0.0,1702.26,1125.66,576.6
ORD-008309,2025-02-26,2025-03-02,CUST-00185,PROD-00204,5,0.05,2020.32,1316.25,704.07
ORD-008310,2025-10-17,2025-10-20,CUST-00409,PROD-00162,3,0.15,365.52,339.33,26.19
ORD-008311,2024-11-12,2024-11-18,CUST-00210,PROD-00191,7,0.2,2556.06,2307.13,248.93
ORD-008312,2024-09-07,2024-09-09,CUST-00181,PROD-00209,4,0.05,1732.61,1390.48,342.13
ORD-008313,2025-09-02,2025-09-06,CUST-00256,PROD-00177,7,0.0,3390.52,2268.77,1121.75
ORD-008314,2024-10-03,2024-10-07,CUST-00091,PROD-00136,3,0.0,679.53,457.14,222.39
ORD-008315,2024-01-03,2024-01-07,CUST-00428,PROD-00031,5,0.0,826.0,598.35,227.65
ORD-008316,2025-12-12,2025-12-16,CUST-00101,PROD-00042,7,0.0,3954.72,2391.62,1563.1
ORD-008317,2025-03-12,2025-03-14,CUST-00589,PROD-00017,2,0.0,1076.18,594.94,481.24
ORD-008318,2025-09-21,2025-09-24,CUST-00505,PROD-00131,5,0.0,2633.2,1495.0,1138.2
ORD-008319,2025-09-25,2025-09-30,CUST-00258,PROD-00047,3,0.0,1484.79,1185.63,299.16
ORD-008320,2024-02-20,2024-02-25,CUST-00128,PROD-00202,4,0.1,1463.72,1327.12,136.6
ORD-008321,2024-05-11,2024-05-16,CUST-00346,PROD-00063,2,0.15,562.43,542.5,19.93
ORD-008322,2024-09-14,2024-09-18,CUST-00116,PROD-00212,7,0.2,3305.57,2522.45,783.12
ORD-008323,2024-09-21,2024-09-22,CUST-00595,PROD-00202,3,0.0,1219.77,995.34,224.43
ORD-008324,2025-05-02,2025-05-08,CUST-00189,PROD-00125,3,0.15,936.62,618.87,317.75
ORD-008325,2025-04-05,2025-04-09,CUST-00388,PROD-00183,6,0.15,1702.74,1315.02,387.72
ORD-008326,2024-12-29,2025-01-02,CUST-00319,PROD-00167,4,0.3,522.93,439.92,83.01
ORD-008327,2024-06-15,2024-06-21,CUST-00028,PROD-00124,6,0.15,1719.72,1659.84,59.88
ORD-008328,2024-11-05,2024-11-06,CUST-00186,PROD-00039,2,0.05,242.27,194.82,47.45
ORD-008329,2025-02-02,2025-02-07,CUST-00005,PROD-00092,2,0.05,252.6,164.72,87.88
ORD-008330,2024-12-16,2024-12-22,CUST-00419,PROD-00135,6,0.1,2743.2,2028.3,714.9
ORD-008331,2024-04-07,2024-04-08,CUST-00115,PROD-00004,3,0.0,91.95,72.9,19.05
ORD-008332,2025-04-25,2025-04-28,CUST-00324,PROD-00118,3,0.05,205.8,166.89,38.91
ORD-008333,2024-02-26,2024-02-28,CUST-00463,PROD-00164,5,0.1,1023.48,657.75,365.73
ORD-008334,2024-11-03,2024-11-07,CUST-00259,PROD-00067,5,0.0,924.9,638.85,286.05
ORD-008335,2025-06-14,2025-06-15,CUST-00526,PROD-00122,7,0.2,226.58,203.77,22.81
ORD-008336,2024-01-16,2024-01-18,CUST-00502,PROD-00146,5,0.3,643.44,768.0,-124.56
ORD-008337,2025-02-23,2025-02-24,CUST-00552,PROD-00103,7,0.2,1493.46,1478.54,14.92
ORD-008338,2024-10-02,2024-10-07,CUST-00291,PROD-00036,3,0.0,1620.06,1103.28,516.78
ORD-008339,2024-01-07,2024-01-11,CUST-00427,PROD-00157,3,0.05,1444.49,881.91,562.58
ORD-008340,2024-05-26,2024-05-31,CUST-00354,PROD-00031,5,0.15,702.1,598.35,103.75
ORD-008341,2025-12-03,2025-12-06,CUST-00073,PROD-00135,2,0.15,863.6,676.1,187.5
ORD-008342,2025-01-16,2025-01-18,CUST-00338,PROD-00220,2,0.0,132.48,110.28,22.2
ORD-008343,2025-12-30,2026-01-02,CUST-00047,PROD-00024,4,0.05,870.12,783.36,86.76
ORD-008344,2025-01-19,2025-01-23,CUST-00230,PROD-00191,6,0.0,2738.64,1977.54,761.1
ORD-008345,2025-02-03,2025-02-08,CUST-00572,PROD-00169,3,0.1,963.22,569.58,393.64
ORD-008346,2024-11-09,2024-11-12,CUST-00113,PROD-00008,3,0.0,648.12,386.13,261.99
ORD-008347,2024-09-13,2024-09-18,CUST-00473,PROD-00023,7,0.05,3100.43,2139.62,960.81
ORD-008348,2024-07-29,2024-08-01,CUST-00387,PROD-00094,2,0.15,60.01,49.42,10.59
ORD-008349,2024-10-08,2024-10-09,CUST-00317,PROD-00051,1,0.2,60.56,41.58,18.98
ORD-008350,2024-12-12,2024-12-17,CUST-00300,PROD-00214,6,0.05,1119.82,945.54,174.28
ORD-008351,2024-05-27,2024-05-30,CUST-00112,PROD-00139,2,0.05,441.26,319.94,121.32
ORD-008352,2024-06-30,2024-07-02,CUST-00238,PROD-00132,2,0.15,435.2,294.62,140.58
ORD-008353,2024-08-14,2024-08-20,CUST-00425,PROD-00094,3,0.1,95.31,74.13,21.18
ORD-008354,2024-12-07,2024-12-12,CUST-00362,PROD-00036,4,0.0,2160.08,1471.04,689.04
ORD-008355,2025-04-27,2025-05-02,CUST-00070,PROD-00007,4,0.0,881.92,569.28,312.64
ORD-008356,2025-10-19,2025-10-25,CUST-00286,PROD-00104,2,0.1,387.97,363.52,24.45
ORD-008357,2024-08-26,2024-08-28,CUST-00036,PROD-00123,6,0.1,2397.28,2252.76,144.52
ORD-008358,2024-05-21,2024-05-26,CUST-00575,PROD-00210,5,0.3,101.32,105.05,-3.73
ORD-008359,2024-11-03,2024-11-08,CUST-00402,PROD-00046,7,0.0,999.32,692.44,306.88
ORD-008360,2025-11-11,2025-11-14,CUST-00287,PROD-00156,1,0.0,50.34,27.54,22.8
ORD-008361,2024-01-08,2024-01-13,CUST-00472,PROD-00013,2,0.2,941.1,639.68,301.42
ORD-008362,2025-05-17,2025-05-20,CUST-00429,PROD-00117,6,0.0,1224.54,962.1,262.44
ORD-008363,2024-12-20,2024-12-23,CUST-00059,PROD-00084,1,0.15,76.78,74.9,1.88
ORD-008364,2024-05-03,2024-05-09,CUST-00319,PROD-00145,5,0.0,459.35,329.0,130.35
ORD-008365,2024-09-21,2024-09-23,CUST-00398,PROD-00015,1,0.0,474.19,399.77,74.42
ORD-008366,2024-06-30,2024-07-06,CUST-00150,PROD-00095,5,0.15,1410.58,930.6,479.98
ORD-008367,2025-11-03,2025-11-04,CUST-00300,PROD-00167,3,0.0,560.28,329.94,230.34
ORD-008368,2024-12-22,2024-12-23,CUST-00283,PROD-00173,1,0.15,227.61,221.07,6.54
ORD-008369,2025-02-17,2025-02-23,CUST-00310,PROD-00186,4,0.15,1716.05,1275.2,440.85
ORD-008370,2025-03-13,2025-03-16,CUST-00422,PROD-00084,3,0.0,270.99,224.7,46.29
ORD-008371,2025-04-17,2025-04-20,CUST-00523,PROD-00024,5,0.1,1030.41,979.2,51.21
ORD-008372,2024-12-29,2025-01-04,CUST-00068,PROD-00099,6,0.1,2669.65,1597.26,1072.39
ORD-008373,2024-01-14,2024-01-17,CUST-00400,PROD-00064,5,0.1,1697.49,1232.65,464.84
ORD-008374,2024-10-02,2024-10-03,CUST-00227,PROD-00200,4,0.05,1013.42,752.12,261.3
ORD-008375,2024-05-21,2024-05-27,CUST-00505,PROD-00072,5,0.15,1945.86,1644.7,301.16
ORD-008376,2025-05-18,2025-05-22,CUST-00521,PROD-00064,4,0.05,1433.44,986.12,447.32
ORD-008377,2024-02-13,2024-02-17,CUST-00443,PROD-00136,3,0.15,577.6,457.14,120.46
ORD-008378,2025-02-18,2025-02-20,CUST-00516,PROD-00162,5,0.05,680.86,565.55,115.31
ORD-008379,2024-06-14,2024-06-17,CUST-00519,PROD-00184,3,0.1,723.57,555.21,168.36
ORD-008380,2025-12-07,2025-12-12,CUST-00154,PROD-00146,7,0.1,1158.19,1075.2,82.99
ORD-008381,2024-10-02,2024-10-08,CUST-00253,PROD-00037,4,0.0,1058.12,894.76,163.36
ORD-008382,2024-09-24,2024-09-30,CUST-00340,PROD-00107,4,0.1,904.07,580.32,323.75
ORD-008383,2025-11-25,2025-11-30,CUST-00154,PROD-00045,5,0.0,539.5,389.75,149.75
ORD-008384,2024-11-22,2024-11-23,CUST-00369,PROD-00147,6,0.0,4432.38,2396.1,2036.28
ORD-008385,2025-12-14,2025-12-20,CUST-00514,PROD-00115,7,0.3,402.24,485.8,-83.56
ORD-008386,2024-01-19,2024-01-23,CUST-00097,PROD-00122,7,0.0,283.22,203.77,79.45
ORD-008387,2024-09-10,2024-09-13,CUST-00215,PROD-00084,6,0.05,514.88,449.4,65.48
ORD-008388,2025-05-08,2025-05-09,CUST-00489,PROD-00101,3,0.1,1500.69,942.66,558.03
ORD-008389,2025-11-09,2025-11-11,CUST-00226,PROD-00106,5,0.2,134.4,109.7,24.7
ORD-008390,2024-08-03,2024-08-09,CUST-00101,PROD-00040,2,0.05,519.36,298.84,220.52
ORD-008391,2025-11-28,2025-11-30,CUST-00087,PROD-00011,5,0.05,854.81,773.6,81.21
ORD-008392,2025-03-13,2025-03-14,CUST-00574,PROD-00105,7,0.0,2434.11,2021.6,412.51
ORD-008393,2025-09-06,2025-09-09,CUST-00087,PROD-00211,5,0.0,3013.75,1747.55,1266.2
ORD-008394,2024-11-12,2024-11-15,CUST-00524,PROD-00103,1,0.0,266.69,211.22,55.47
ORD-008395,2024-06-16,2024-06-18,CUST-00004,PROD-00116,3,0.05,391.22,288.15,103.07
ORD-008396,2025-11-19,2025-11-22,CUST-00412,PROD-00035,2,0.1,633.17,571.9,61.27
ORD-008397,2025-11-29,2025-12-02,CUST-00284,PROD-00215,6,0.15,1046.32,1041.84,4.48
ORD-008398,2024-12-30,2025-01-05,CUST-00586,PROD-00123,7,0.2,2486.06,2628.22,-142.16
ORD-008399,2024-01-05,2024-01-08,CUST-00297,PROD-00188,7,0.2,1611.29,1284.22,327.07
ORD-008400,2024-03-25,2024-03-31,CUST-00424,PROD-00219,3,0.0,640.77,355.08,285.69
ORD-008401,2025-02-25,2025-03-03,CUST-00004,PROD-00211,6,0.3,2531.55,2097.06,434.49
ORD-008402,2024-01-19,2024-01-22,CUST-00254,PROD-00115,6,0.2,394.03,416.4,-22.37
ORD-008403,2024-11-12,2024-11-13,CUST-00286,PROD-00132,3,0.1,691.2,441.93,249.27
ORD-008404,2024-09-08,2024-09-09,CUST-00047,PROD-00028,5,0.05,85.17,54.8,30.37
ORD-008405,2025-06-19,2025-06-25,CUST-00222,PROD-00120,1,0.05,161.79,109.31,52.48
ORD-008406,2024-02-12,2024-02-14,CUST-00342,PROD-00066,7,0.05,1474.84,1101.24,373.6
ORD-008407,2024-12-26,2024-12-28,CUST-00261,PROD-00020,4,0.05,843.11,546.92,296.19
ORD-008408,2025-03-02,2025-03-04,CUST-00305,PROD-00064,2,0.0,754.44,493.06,261.38
ORD-008409,2025-03-31,2025-04-06,CUST-00040,PROD-00031,3,0.05,470.82,359.01,111.81
ORD-008410,2024-11-16,2024-11-20,CUST-00351,PROD-00029,6,0.3,1595.03,1587.84,7.19
ORD-008411,2024-09-08,2024-09-09,CUST-00030,PROD-00053,6,0.15,1294.94,1268.82,26.12
ORD-008412,2025-05-20,2025-05-25,CUST-00575,PROD-00175,4,0.1,1456.2,1081.04,375.16
ORD-008413,2025-10-12,2025-10-16,CUST-00446,PROD-00059,6,0.05,621.53,448.98,172.55
ORD-008414,2025-05-29,2025-06-01,CUST-00525,PROD-00158,7,0.1,543.12,416.43,126.69
ORD-008415,2025-11-29,2025-11-30,CUST-00179,PROD-00102,3,0.0,730.56,553.35,177.21
ORD-008416,2025-06-22,2025-06-24,CUST-00364,PROD-00120,7,0.0,1192.17,765.17,427.0
ORD-008417,2025-08-09,2025-08-13,CUST-00052,PROD-00210,1,0.15,24.61,21.01,3.6
ORD-008418,2024-05-08,2024-05-09,CUST-00202,PROD-00171,3,0.0,213.66,128.49,85.17
ORD-008419,2024-11-23,2024-11-25,CUST-00095,PROD-00130,1,0.0,289.44,165.39,124.05
ORD-008420,2024-12-24,2024-12-27,CUST-00260,PROD-00219,7,0.05,1420.37,828.52,591.85
ORD-008421,2024-08-03,2024-08-08,CUST-00154,PROD-00041,1,0.15,148.76,100.85,47.91
ORD-008422,2025-01-22,2025-01-23,CUST-00144,PROD-00186,3,0.2,1211.33,956.4,254.93
ORD-008423,2024-08-29,2024-09-04,CUST-00159,PROD-00150,5,0.15,2105.92,1902.6,203.32
ORD-008424,2025-05-24,2025-05-30,CUST-00163,PROD-00039,3,0.05,363.4,292.23,71.17
ORD-008425,2024-12-17,2024-12-19,CUST-00367,PROD-00019,5,0.3,834.5,661.7,172.8
ORD-008426,2024-12-11,2024-12-15,CUST-00061,PROD-00164,3,0.3,477.62,394.65,82.97
ORD-008427,2025-12-24,2025-12-25,CUST-00045,PROD-00091,2,0.05,569.79,344.16,225.63
ORD-008428,2024-11-10,2024-11-12,CUST-00534,PROD-00102,7,0.1,1534.18,1291.15,243.03
ORD-008429,2024-10-23,2024-10-28,CUST-00059,PROD-00168,7,0.0,768.67,453.81,314.86
ORD-008430,2024-09-19,2024-09-20,CUST-00368,PROD-00042,5,0.15,2401.08,1708.3,692.78
ORD-008431,2025-11-11,2025-11-13,CUST-00379,PROD-00063,2,0.2,529.34,542.5,-13.16
ORD-008432,2024-12-30,2025-01-03,CUST-00289,PROD-00207,5,0.3,1228.46,1376.05,-147.59
ORD-008433,2025-03-18,2025-03-21,CUST-00028,PROD-00190,5,0.0,1424.5,1212.3,212.2
ORD-008434,2024-05-18,2024-05-21,CUST-00561,PROD-00045,4,0.1,388.44,311.8,76.64
ORD-008435,2025-01-31,2025-02-04,CUST-00020,PROD-00085,4,0.0,317.88,190.44,127.44
ORD-008436,2024-08-17,2024-08-19,CUST-00186,PROD-00173,1,0.05,254.39,221.07,33.32
ORD-008437,2025-07-07,2025-07-08,CUST-00282,PROD-00161,2,0.0,394.12,229.2,164.92
ORD-008438,2025-10-01,2025-10-04,CUST-00366,PROD-00008,1,0.0,216.04,128.71,87.33
ORD-008439,2025-06-20,2025-06-24,CUST-00578,PROD-00031,7,0.1,1040.76,837.69,203.07
ORD-008440,2025-07-07,2025-07-08,CUST-00023,PROD-00161,6,0.0,1182.36,687.6,494.76
ORD-008441,2025-01-10,2025-01-14,CUST-00436,PROD-00154,6,0.0,1398.3,934.5,463.8
ORD-008442,2025-06-17,2025-06-21,CUST-00414,PROD-00004,6,0.1,165.51,145.8,19.71
ORD-008443,2024-11-24,2024-11-26,CUST-00184,PROD-00146,7,0.0,1286.88,1075.2,211.68
ORD-008444,2025-04-26,2025-04-28,CUST-00386,PROD-00121,1,0.0,669.96,391.53,278.43
ORD-008445,2024-08-05,2024-08-08,CUST-00167,PROD-00143,5,0.15,184.24,154.75,29.49
ORD-008446,2024-02-23,2024-02-24,CUST-00147,PROD-00101,5,0.0,2779.05,1571.1,1207.95
ORD-008447,2024-11-20,2024-11-25,CUST-00143,PROD-00123,7,0.05,2952.2,2628.22,323.98
ORD-008448,2024-12-13,2024-12-19,CUST-00441,PROD-00067,6,0.3,776.92,766.62,10.3
ORD-008449,2024-08-03,2024-08-08,CUST-00341,PROD-00166,6,0.15,2607.48,2122.8,484.68
ORD-008450,2025-07-04,2025-07-10,CUST-00110,PROD-00139,6,0.15,1184.42,959.82,224.6
ORD-008451,2024-02-26,2024-03-03,CUST-00030,PROD-00107,1,0.2,200.9,145.08,55.82
ORD-008452,2024-06-28,2024-07-02,CUST-00009,PROD-00173,2,0.3,374.89,442.14,-67.25
ORD-008453,2025-07-27,2025-07-30,CUST-00043,PROD-00105,7,0.15,2068.99,2021.6,47.39
ORD-008454,2024-12-01,2024-12-05,CUST-00219,PROD-00216,1,0.2,385.41,386.77,-1.36
ORD-008455,2025-06-09,2025-06-15,CUST-00012,PROD-00215,4,0.1,738.58,694.56,44.02
ORD-008456,2025-02-21,2025-02-25,CUST-00250,PROD-00058,5,0.1,2210.9,1916.95,293.95
ORD-008457,2025-12-08,2025-12-09,CUST-00513,PROD-00105,3,0.1,938.87,866.4,72.47
ORD-008458,2025-03-16,2025-03-20,CUST-00294,PROD-00009,6,0.3,583.63,490.98,92.65
ORD-008459,2024-01-12,2024-01-16,CUST-00323,PROD-00096,3,0.2,249.74,173.58,76.16
ORD-008460,2024-10-16,2024-10-21,CUST-00291,PROD-00120,6,0.2,817.49,655.86,161.63
ORD-008461,2024-04-19,2024-04-20,CUST-00489,PROD-00193,4,0.2,806.82,533.24,273.58
ORD-008462,2025-11-25,2025-11-26,CUST-00256,PROD-00100,7,0.1,1209.66,754.81,454.85
ORD-008463,2024-03-20,2024-03-21,CUST-00358,PROD-00118,7,0.15,429.65,389.41,40.24
ORD-008464,2024-11-07,2024-11-12,CUST-00195,PROD-00140,4,0.05,1183.28,1039.16,144.12
ORD-008465,2024-07-01,2024-07-02,CUST-00576,PROD-00018,3,0.0,1420.68,809.1,611.58
ORD-008466,2025-10-11,2025-10-15,CUST-00365,PROD-00157,4,0.05,1925.99,1175.88,750.11
ORD-008467,2024-09-12,2024-09-13,CUST-00122,PROD-00132,5,0.0,1280.0,736.55,543.45
ORD-008468,2025-12-28,2026-01-01,CUST-00543,PROD-00007,4,0.1,793.73,569.28,224.45
ORD-008469,2024-01-30,2024-01-31,CUST-00141,PROD-00215,7,0.3,1005.28,1215.48,-210.2
ORD-008470,2024-04-08,2024-04-12,CUST-00600,PROD-00144,3,0.0,478.98,270.78,208.2
ORD-008471,2024-06-30,2024-07-06,CUST-00513,PROD-00021,4,0.05,932.22,628.48,303.74
ORD-008472,2025-09-14,2025-09-17,CUST-00093,PROD-00129,7,0.0,3787.42,2091.25,1696.17
ORD-008473,2025-11-03,2025-11-07,CUST-00343,PROD-00103,1,0.05,253.36,211.22,42.14
ORD-008474,2024-02-24,2024-03-01,CUST-00232,PROD-00036,2,0.1,972.04,735.52,236.52
ORD-008475,2024-01-25,2024-01-28,CUST-00100,PROD-00052,2,0.0,427.5,303.7,123.8
ORD-008476,2025-07-22,2025-07-24,CUST-00123,PROD-00132,4,0.15,870.4,589.24,281.16
ORD-008477,2024-04-12,2024-04-15,CUST-00403,PROD-00171,4,0.1,256.39,171.32,85.07
ORD-008478,2024-04-12,2024-04-13,CUST-00270,PROD-00054,5,0.2,1401.8,1294.75,107.05
ORD-008479,2024-01-18,2024-01-21,CUST-00517,PROD-00117,5,0.2,816.36,801.75,14.61
ORD-008480,2024-02-08,2024-02-10,CUST-00427,PROD-00116,4,0.1,494.17,384.2,109.97
ORD-008481,2024-08-08,2024-08-12,CUST-00329,PROD-00068,7,0.2,2494.3,2452.45,41.85
ORD-008482,2024-02-19,2024-02-22,CUST-00104,PROD-00078,2,0.05,227.96,198.32,29.64
ORD-008483,2024-10-28,2024-11-02,CUST-00348,PROD-00175,5,0.0,2022.5,1351.3,671.2
ORD-008484,2025-10-01,2025-10-06,CUST-00249,PROD-00110,1,0.0,415.72,314.73,100.99
ORD-008485,2024-09-25,2024-09-26,CUST-00456,PROD-00159,7,0.05,3060.66,2680.93,379.73
ORD-008486,2025-07-04,2025-07-10,CUST-00313,PROD-00178,3,0.1,769.69,608.76,160.93
ORD-008487,2024-03-13,2024-03-15,CUST-00266,PROD-00220,7,0.1,417.31,385.98,31.33
ORD-008488,2025-05-02,2025-05-03,CUST-00163,PROD-00127,3,0.0,246.81,202.26,44.55
ORD-008489,2024-09-18,2024-09-20,CUST-00356,PROD-00008,6,0.1,1166.62,772.26,394.36
ORD-008490,2025-07-28,2025-08-02,CUST-00150,PROD-00095,7,0.05,2207.13,1302.84,904.29
ORD-008491,2024-04-14,2024-04-19,CUST-00564,PROD-00011,6,0.2,863.81,928.32,-64.51
ORD-008492,2025-11-13,2025-11-18,CUST-00382,PROD-00100,6,0.15,979.25,646.98,332.27
ORD-008493,2024-07-19,2024-07-25,CUST-00587,PROD-00069,1,0.2,567.95,396.93,171.02
ORD-008494,2024-10-16,2024-10-20,CUST-00451,PROD-00163,6,0.1,321.73,195.36,126.37
ORD-008495,2025-12-08,2025-12-10,CUST-00021,PROD-00049,1,0.0,494.24,396.57,97.67
ORD-008496,2025-03-01,2025-03-03,CUST-00445,PROD-00100,2,0.05,364.82,215.66,149.16
ORD-008497,2024-10-26,2024-10-28,CUST-00324,PROD-00010,5,0.0,2234.15,1741.55,492.6
ORD-008498,2025-12-07,2025-12-13,CUST-00076,PROD-00149,5,0.0,1501.15,843.4,657.75
ORD-008499,2024-09-27,2024-09-29,CUST-00385,PROD-00009,3,0.2,333.5,245.49,88.01
ORD-008500,2024-03-13,2024-03-17,CUST-00147,PROD-00006,7,0.0,3634.54,2437.54,1197.0
ORD-008501,2025-12-30,2026-01-04,CUST-00452,PROD-00210,2,0.15,49.22,42.02,7.2
ORD-008502,2024-08-11,2024-08-15,CUST-00412,PROD-00050,7,0.05,1705.26,981.33,723.93
ORD-008503,2025-10-15,2025-10-18,CUST-00165,PROD-00101,3,0.05,1584.06,942.66,641.4
ORD-008504,2024-05-07,2024-05-09,CUST-00069,PROD-00044,5,0.0,2667.35,1484.25,1183.1
ORD-008505,2025-07-08,2025-07-12,CUST-00502,PROD-00206,1,0.0,95.29,57.5,37.79
ORD-008506,2025-01-19,2025-01-20,CUST-00054,PROD-00076,7,0.1,1556.1,927.29,628.81
ORD-008507,2025-12-22,2025-12-23,CUST-00313,PROD-00064,2,0.0,754.44,493.06,261.38
ORD-008508,2025-02-10,2025-02-11,CUST-00099,PROD-00051,3,0.1,204.39,124.74,79.65
ORD-008509,2024-01-20,2024-01-21,CUST-00374,PROD-00204,6,0.0,2551.98,1579.5,972.48
ORD-008510,2025-03-21,2025-03-25,CUST-00117,PROD-00066,3,0.15,565.54,471.96,93.58
ORD-008511,2024-04-21,2024-04-24,CUST-00386,PROD-00092,5,0.0,664.75,411.8,252.95
ORD-008512,2025-09-04,2025-09-06,CUST-00320,PROD-00141,6,0.05,2080.73,1366.68,714.05
ORD-008513,2025-10-19,2025-10-25,CUST-00145,PROD-00167,6,0.15,952.48,659.88,292.6
ORD-008514,2024-12-23,2024-12-29,CUST-00117,PROD-00147,3,0.3,1551.33,1198.05,353.28
ORD-008515,2025-08-24,2025-08-27,CUST-00476,PROD-00048,3,0.0,808.44,544.65,263.79
ORD-008516,2024-04-21,2024-04-26,CUST-00529,PROD-00048,2,0.0,538.96,363.1,175.86
ORD-008517,2024-12-27,2024-12-31,CUST-00270,PROD-00154,4,0.0,932.2,623.0,309.2
ORD-008518,2024-11-10,2024-11-12,CUST-00242,PROD-00190,3,0.3,598.29,727.38,-129.09
ORD-008519,2025-03-26,2025-03-31,CUST-00398,PROD-00120,1,0.0,170.31,109.31,61.0
ORD-008520,2024-02-04,2024-02-08,CUST-00398,PROD-00003,7,0.0,668.92,549.92,119.0
ORD-008521,2025-07-31,2025-08-03,CUST-00017,PROD-00218,1,0.15,555.3,385.42,169.88
ORD-008522,2024-03-01,2024-03-07,CUST-00071,PROD-00090,5,0.1,1346.18,798.65,547.53
ORD-008523,2025-04-30,2025-05-06,CUST-00365,PROD-00203,7,0.0,4330.62,2540.3,1790.32
ORD-008524,2024-01-15,2024-01-18,CUST-00357,PROD-00193,1,0.0,252.13,133.31,118.82
ORD-008525,2025-09-30,2025-10-04,CUST-00147,PROD-00074,4,0.05,2245.23,1494.52,750.71
ORD-008526,2024-05-14,2024-05-19,CUST-00096,PROD-00165,6,0.05,155.44,99.3,56.14
ORD-008527,2025-01-12,2025-01-13,CUST-00070,PROD-00093,2,0.05,366.68,205.1,161.58
ORD-008528,2024-08-07,2024-08-13,CUST-00416,PROD-00063,4,0.0,1323.36,1085.0,238.36
ORD-008529,2025-06-28,2025-06-30,CUST-00330,PROD-00215,4,0.05,779.61,694.56,85.05
ORD-008530,2024-09-21,2024-09-23,CUST-00503,PROD-00141,1,0.05,346.79,227.78,119.01
ORD-008531,2025-06-30,2025-07-04,CUST-00342,PROD-00174,6,0.2,1060.94,1056.12,4.82
ORD-008532,2024-08-24,2024-08-28,CUST-00561,PROD-00080,4,0.1,752.58,467.52,285.06
ORD-008533,2025-07-31,2025-08-03,CUST-00389,PROD-00085,2,0.05,150.99,95.22,55.77
ORD-008534,2024-01-24,2024-01-28,CUST-00136,PROD-00218,1,0.1,587.96,385.42,202.54
ORD-008535,2024-08-23,2024-08-24,CUST-00234,PROD-00007,3,0.0,661.44,426.96,234.48
ORD-008536,2024-12-31,2025-01-05,CUST-00197,PROD-00038,4,0.1,52.81,36.04,16.77
ORD-008537,2024-02-04,2024-02-08,CUST-00014,PROD-00199,4,0.0,2312.84,1223.04,1089.8
ORD-008538,2024-05-22,2024-05-26,CUST-00302,PROD-00208,1,0.1,411.25,336.12,75.13
ORD-008539,2025-11-30,2025-12-04,CUST-00462,PROD-00110,4,0.05,1579.74,1258.92,320.82
ORD-008540,2025-12-20,2025-12-25,CUST-00588,PROD-00205,6,0.05,3292.78,1944.18,1348.6
ORD-008541,2025-07-17,2025-07-18,CUST-00157,PROD-00207,4,0.2,1123.17,1100.84,22.33
ORD-008542,2024-07-30,2024-08-02,CUST-00499,PROD-00038,2,0.1,26.41,18.02,8.39
ORD-008543,2024-08-06,2024-08-09,CUST-00437,PROD-00027,7,0.1,2800.41,2019.29,781.12
ORD-008544,2025-04-22,2025-04-28,CUST-00410,PROD-00078,1,0.1,107.98,99.16,8.82
ORD-008545,2024-03-31,2024-04-01,CUST-00088,PROD-00132,6,0.1,1382.4,883.86,498.54
ORD-008546,2025-12-07,2025-12-11,CUST-00417,PROD-00074,2,0.0,1181.7,747.26,434.44
ORD-008547,2024-06-30,2024-07-03,CUST-00105,PROD-00126,4,0.0,2084.68,1220.84,863.84
ORD-008548,2025-12-31,2026-01-04,CUST-00501,PROD-00032,3,0.1,774.74,707.19,67.55
ORD-008549,2024-12-29,2025-01-03,CUST-00214,PROD-00185,3,0.1,1358.05,1158.21,199.84
ORD-008550,2025-08-15,2025-08-16,CUST-00511,PROD-00088,1,0.2,86.02,59.24,26.78
ORD-008551,2024-01-02,2024-01-05,CUST-00225,PROD-00174,4,0.0,884.12,704.08,180.04
ORD-008552,2025-11-08,2025-11-10,CUST-00078,PROD-00152,2,0.1,716.53,475.8,240.73
ORD-008553,2024-08-13,2024-08-16,CUST-00594,PROD-00059,2,0.3,152.66,149.66,3.0
ORD-008554,2025-05-09,2025-05-13,CUST-00474,PROD-00078,5,0.0,599.9,495.8,104.1
ORD-008555,2025-09-10,2025-09-14,CUST-00331,PROD-00032,5,0.15,1219.5,1178.65,40.85
ORD-008556,2024-05-05,2024-05-09,CUST-00574,PROD-00003,6,0.0,573.36,471.36,102.0
ORD-008557,2024-12-04,2024-12-10,CUST-00565,PROD-00148,2,0.05,745.92,515.84,230.08
ORD-008558,2024-12-28,2025-01-01,CUST-00184,PROD-00169,1,0.15,303.24,189.86,113.38
ORD-008559,2024-09-14,2024-09-18,CUST-00214,PROD-00104,7,0.15,1282.46,1272.32,10.14
ORD-008560,2024-12-22,2024-12-24,CUST-00272,PROD-00163,4,0.1,214.49,130.24,84.25
ORD-008561,2024-09-19,2024-09-21,CUST-00180,PROD-00116,1,0.2,109.82,96.05,13.77
ORD-008562,2024-10-22,2024-10-25,CUST-00527,PROD-00193,5,0.0,1260.65,666.55,594.1
ORD-008563,2025-05-10,2025-05-16,CUST-00554,PROD-00066,6,0.1,1197.61,943.92,253.69
ORD-008564,2025-04-12,2025-04-13,CUST-00120,PROD-00133,7,0.0,2522.59,2144.17,378.42
ORD-008565,2024-07-08,2024-07-13,CUST-00418,PROD-00202,7,0.1,2561.52,2322.46,239.06
ORD-008566,2025-11-12,2025-11-18,CUST-00529,PROD-00203,5,0.0,3093.3,1814.5,1278.8
ORD-008567,2025-10-24,2025-10-30,CUST-00379,PROD-00182,5,0.05,1302.16,1122.95,179.21
ORD-008568,2025-01-07,2025-01-12,CUST-00022,PROD-00185,2,0.3,704.17,772.14,-67.97
ORD-008569,2024-11-29,2024-12-02,CUST-00545,PROD-00201,3,0.0,1634.67,1058.67,576.0
ORD-008570,2024-11-02,2024-11-06,CUST-00027,PROD-00200,5,0.0,1333.45,940.15,393.3
ORD-008571,2025-06-11,2025-06-15,CUST-00559,PROD-00197,7,0.05,860.51,631.54,228.97
ORD-008572,2025-05-12,2025-05-14,CUST-00387,PROD-00106,7,0.05,223.44,153.58,69.86
ORD-008573,2024-05-30,2024-06-04,CUST-00482,PROD-00044,1,0.1,480.12,296.85,183.27
ORD-008574,2025-05-12,2025-05-17,CUST-00332,PROD-00044,3,0.3,1120.29,890.55,229.74
ORD-008575,2024-07-30,2024-07-31,CUST-00380,PROD-00116,4,0.05,521.63,384.2,137.43
ORD-008576,2024-01-15,2024-01-21,CUST-00489,PROD-00018,1,0.0,473.56,269.7,203.86
ORD-008577,2025-06-03,2025-06-06,CUST-00171,PROD-00077,6,0.15,931.57,912.42,19.15
ORD-008578,2025-04-21,2025-04-27,CUST-00581,PROD-00061,3,0.1,528.77,473.85,54.92
ORD-008579,2024-11-18,2024-11-21,CUST-00522,PROD-00016,5,0.0,3406.25,1986.95,1419.3
ORD-008580,2025-01-20,2025-01-26,CUST-00042,PROD-00044,5,0.1,2400.62,1484.25,916.37
ORD-008581,2025-12-06,2025-12-08,CUST-00280,PROD-00204,7,0.15,2530.71,1842.75,687.96
ORD-008582,2025-03-14,2025-03-19,CUST-00510,PROD-00040,6,0.15,1394.08,896.52,497.56
ORD-008583,2025-05-01,2025-05-06,CUST-00242,PROD-00075,2,0.05,1064.46,739.44,325.02
ORD-008584,2024-02-19,2024-02-20,CUST-00507,PROD-00094,5,0.0,176.5,123.55,52.95
ORD-008585,2024-05-07,2024-05-12,CUST-00559,PROD-00135,4,0.0,2032.0,1352.2,679.8
ORD-008586,2024-09-06,2024-09-09,CUST-00237,PROD-00211,4,0.0,2411.0,1398.04,1012.96
ORD-008587,2025-01-30,2025-02-01,CUST-00507,PROD-00131,5,0.1,2369.88,1495.0,874.88
ORD-008588,2025-08-19,2025-08-21,CUST-00538,PROD-00086,5,0.1,1523.84,1281.05,242.79
ORD-008589,2024-09-21,2024-09-27,CUST-00183,PROD-00207,4,0.15,1193.37,1100.84,92.53
ORD-008590,2024-10-18,2024-10-21,CUST-00366,PROD-00072,4,0.0,1831.4,1315.76,515.64
ORD-008591,2024-08-02,2024-08-05,CUST-00147,PROD-00204,1,0.0,425.33,263.25,162.08
ORD-008592,2024-08-01,2024-08-04,CUST-00282,PROD-00158,6,0.1,465.53,356.94,108.59
ORD-008593,2025-12-07,2025-12-13,CUST-00437,PROD-00196,4,0.2,1124.77,909.68,215.09
ORD-008594,2025-04-14,2025-04-16,CUST-00412,PROD-00202,3,0.0,1219.77,995.34,224.43
ORD-008595,2024-04-29,2024-05-04,CUST-00470,PROD-00053,5,0.1,1142.6,1057.35,85.25
ORD-008596,2025-06-28,2025-07-04,CUST-00291,PROD-00174,6,0.05,1259.87,1056.12,203.75
ORD-008597,2025-06-28,2025-06-29,CUST-00510,PROD-00120,1,0.1,153.28,109.31,43.97
ORD-008598,2025-05-08,2025-05-12,CUST-00402,PROD-00041,6,0.1,945.05,605.1,339.95
ORD-008599,2024-04-13,2024-04-15,CUST-00040,PROD-00087,1,0.0,207.17,128.05,79.12
ORD-008600,2024-11-17,2024-11-19,CUST-00474,PROD-00064,5,0.0,1886.1,1232.65,653.45
ORD-008601,2024-03-22,2024-03-23,CUST-00409,PROD-00085,3,0.15,202.65,142.83,59.82
ORD-008602,2025-09-18,2025-09-21,CUST-00089,PROD-00089,3,0.0,680.31,440.58,239.73
ORD-008603,2025-04-29,2025-05-01,CUST-00405,PROD-00124,6,0.2,1618.56,1659.84,-41.28
ORD-008604,2025-01-06,2025-01-10,CUST-00258,PROD-00087,7,0.15,1232.66,896.35,336.31
ORD-008605,2024-10-08,2024-10-11,CUST-00045,PROD-00065,6,0.05,174.08,133.02,41.06
ORD-008606,2024-05-21,2024-05-26,CUST-00530,PROD-00119,1,0.0,656.53,397.03,259.5
ORD-008607,2024-03-22,2024-03-25,CUST-00025,PROD-00056,1,0.1,589.29,397.7,191.59
ORD-008608,2025-12-17,2025-12-22,CUST-00054,PROD-00081,2,0.1,739.53,501.76,237.77
ORD-008609,2024-06-02,2024-06-06,CUST-00309,PROD-00044,1,0.2,426.78,296.85,129.93
ORD-008610,2024-02-15,2024-02-17,CUST-00184,PROD-00035,3,0.1,949.75,857.85,91.9
ORD-008611,2025-12-13,2025-12-17,CUST-00263,PROD-00155,7,0.0,1985.97,1313.27,672.7
ORD-008612,2025-02-07,2025-02-10,CUST-00474,PROD-00047,6,0.15,2524.14,2371.26,152.88
ORD-008613,2025-09-03,2025-09-08,CUST-00575,PROD-00120,1,0.1,153.28,109.31,43.97
ORD-008614,2024-02-03,2024-02-05,CUST-00202,PROD-00175,2,0.0,809.0,540.52,268.48
ORD-008615,2025-02-20,2025-02-22,CUST-00549,PROD-00125,6,0.05,2093.61,1237.74,855.87
ORD-008616,2024-11-12,2024-11-17,CUST-00291,PROD-00071,4,0.15,2077.54,1393.12,684.42
ORD-008617,2025-08-15,2025-08-18,CUST-00025,PROD-00042,7,0.1,3559.25,2391.62,1167.63
ORD-008618,2024-01-30,2024-02-03,CUST-00563,PROD-00219,4,0.0,854.36,473.44,380.92
ORD-008619,2024-11-14,2024-11-18,CUST-00269,PROD-00183,6,0.0,2003.22,1315.02,688.2
ORD-008620,2025-09-05,2025-09-11,CUST-00598,PROD-00216,7,0.05,3203.7,2707.39,496.31
ORD-008621,2025-01-17,2025-01-20,CUST-00532,PROD-00198,1,0.0,607.64,344.41,263.23
ORD-008622,2025-02-07,2025-02-11,CUST-00224,PROD-00142,2,0.0,569.68,488.08,81.6
ORD-008623,2024-03-15,2024-03-19,CUST-00406,PROD-00102,4,0.0,974.08,737.8,236.28
ORD-008624,2024-04-11,2024-04-15,CUST-00305,PROD-00151,6,0.0,976.38,834.78,141.6
ORD-008625,2025-05-16,2025-05-17,CUST-00046,PROD-00196,6,0.0,2108.94,1364.52,744.42
ORD-008626,2025-05-14,2025-05-19,CUST-00083,PROD-00063,2,0.15,562.43,542.5,19.93
ORD-008627,2025-12-21,2025-12-24,CUST-00326,PROD-00030,7,0.1,1126.5,1020.88,105.62
ORD-008628,2025-06-16,2025-06-19,CUST-00379,PROD-00129,6,0.1,2921.72,1792.5,1129.22
ORD-008629,2024-12-28,2024-12-30,CUST-00340,PROD-00138,5,0.1,67.28,46.3,20.98
ORD-008630,2025-10-20,2025-10-21,CUST-00316,PROD-00114,6,0.05,2206.41,1463.64,742.77
ORD-008631,2024-03-21,2024-03-26,CUST-00083,PROD-00037,6,0.1,1428.46,1342.14,86.32
ORD-008632,2024-12-07,2024-12-08,CUST-00131,PROD-00010,5,0.2,1787.32,1741.55,45.77
ORD-008633,2024-08-26,2024-08-31,CUST-00244,PROD-00161,4,0.3,551.77,458.4,93.37
ORD-008634,2024-03-21,2024-03-23,CUST-00461,PROD-00168,1,0.15,93.34,64.83,28.51
ORD-008635,2025-08-09,2025-08-11,CUST-00578,PROD-00102,5,0.0,1217.6,922.25,295.35
ORD-008636,2025-01-08,2025-01-11,CUST-00547,PROD-00053,7,0.0,1777.37,1480.29,297.08
ORD-008637,2025-02-13,2025-02-17,CUST-00587,PROD-00120,1,0.15,144.76,109.31,35.45
ORD-008638,2024-11-19,2024-11-20,CUST-00328,PROD-00124,6,0.05,1922.04,1659.84,262.2
ORD-008639,2024-12-12,2024-12-15,CUST-00307,PROD-00176,1,0.15,350.83,301.72,49.11
ORD-008640,2024-03-30,2024-04-04,CUST-00540,PROD-00132,5,0.1,1152.0,736.55,415.45
ORD-008641,2025-05-13,2025-05-16,CUST-00343,PROD-00013,6,0.1,3176.23,1919.04,1257.19
ORD-008642,2024-11-29,2024-12-05,CUST-00222,PROD-00110,5,0.1,1870.74,1573.65,297.09
ORD-008643,2025-09-18,2025-09-22,CUST-00099,PROD-00119,2,0.0,1313.06,794.06,519.0
ORD-008644,2024-05-30,2024-06-02,CUST-00038,PROD-00187,6,0.3,1258.82,979.32,279.5
ORD-008645,2024-06-08,2024-06-11,CUST-00242,PROD-00170,2,0.0,186.04,159.48,26.56
ORD-008646,2025-04-22,2025-04-26,CUST-00289,PROD-00104,5,0.2,862.16,908.8,-46.64
ORD-008647,2025-10-11,2025-10-12,CUST-00417,PROD-00034,2,0.2,161.65,112.6,49.05
ORD-008648,2024-12-18,2024-12-20,CUST-00130,PROD-00005,1,0.15,273.73,276.9,-3.17
ORD-008649,2025-07-03,2025-07-09,CUST-00415,PROD-00161,4,0.1,709.42,458.4,251.02
ORD-008650,2025-12-31,2026-01-01,CUST-00526,PROD-00078,7,0.1,755.87,694.12,61.75
ORD-008651,2025-12-27,2025-12-30,CUST-00463,PROD-00148,5,0.0,1962.95,1289.6,673.35
ORD-008652,2025-07-22,2025-07-24,CUST-00329,PROD-00192,5,0.0,368.9,203.6,165.3
ORD-008653,2025-07-17,2025-07-18,CUST-00303,PROD-00009,4,0.2,444.67,327.32,117.35
ORD-008654,2024-07-25,2024-07-31,CUST-00436,PROD-00059,7,0.1,686.95,523.81,163.14
ORD-008655,2025-10-01,2025-10-05,CUST-00288,PROD-00069,2,0.05,1348.89,793.86,555.03
ORD-008656,2024-11-16,2024-11-21,CUST-00192,PROD-00120,1,0.1,153.28,109.31,43.97
ORD-008657,2025-12-13,2025-12-18,CUST-00014,PROD-00034,4,0.3,282.88,225.2,57.68
ORD-008658,2024-03-03,2024-03-04,CUST-00154,PROD-00170,5,0.15,395.34,398.7,-3.36
ORD-008659,2024-11-30,2024-12-03,CUST-00306,PROD-00113,6,0.0,1002.42,805.86,196.56
ORD-008660,2025-02-12,2025-02-13,CUST-00455,PROD-00155,6,0.0,1702.26,1125.66,576.6
ORD-008661,2024-11-16,2024-11-19,CUST-00561,PROD-00048,7,0.3,1320.45,1270.85,49.6
ORD-008662,2024-06-14,2024-06-20,CUST-00112,PROD-00159,3,0.15,1173.64,1148.97,24.67
ORD-008663,2025-03-12,2025-03-18,CUST-00066,PROD-00158,5,0.0,431.05,297.45,133.6
ORD-008664,2025-08-03,2025-08-09,CUST-00001,PROD-00070,6,0.0,567.24,321.72,245.52
ORD-008665,2025-04-21,2025-04-23,CUST-00142,PROD-00014,4,0.0,1706.04,1077.8,628.24
ORD-008666,2024-07-10,2024-07-16,CUST-00150,PROD-00006,7,0.15,3089.36,2437.54,651.82
ORD-008667,2025-07-08,2025-07-13,CUST-00383,PROD-00147,7,0.2,4136.89,2795.45,1341.44
ORD-008668,2024-08-03,2024-08-08,CUST-00405,PROD-00118,7,0.0,505.47,389.41,116.06
ORD-008669,2024-05-14,2024-05-15,CUST-00033,PROD-00122,4,0.05,153.75,116.44,37.31
ORD-008670,2025-05-26,2025-05-28,CUST-00412,PROD-00214,3,0.05,559.91,472.77,87.14
ORD-008671,2025-10-08,2025-10-12,CUST-00121,PROD-00150,1,0.0,495.51,380.52,114.99
ORD-008672,2024-12-22,2024-12-26,CUST-00256,PROD-00062,7,0.3,3590.03,2779.35,810.68
ORD-008673,2025-01-24,2025-01-26,CUST-00225,PROD-00079,1,0.0,245.69,177.54,68.15
ORD-008674,2024-09-07,2024-09-13,CUST-00247,PROD-00060,6,0.0,1426.92,865.5,561.42
ORD-008675,2024-12-29,2024-12-30,CUST-00560,PROD-00093,3,0.3,405.28,307.65,97.63
ORD-008676,2024-04-11,2024-04-17,CUST-00434,PROD-00074,2,0.05,1122.62,747.26,375.36
ORD-008677,2025-12-10,2025-12-11,CUST-00058,PROD-00149,6,0.15,1531.17,1012.08,519.09
ORD-008678,2025-09-06,2025-09-10,CUST-00208,PROD-00116,7,0.1,864.8,672.35,192.45
ORD-008679,2025-05-09,2025-05-10,CUST-00017,PROD-00218,4,0.0,2613.16,1541.68,1071.48
ORD-008680,2025-01-29,2025-02-03,CUST-00418,PROD-00186,3,0.0,1514.16,956.4,557.76
ORD-008681,2025-08-31,2025-09-02,CUST-00480,PROD-00156,4,0.2,161.09,110.16,50.93
ORD-008682,2024-12-29,2025-01-02,CUST-00594,PROD-00044,2,0.0,1066.94,593.7,473.24
ORD-008683,2024-09-05,2024-09-06,CUST-00510,PROD-00001,7,0.05,268.99,149.8,119.19
ORD-008684,2024-05-03,2024-05-07,CUST-00021,PROD-00099,7,0.05,3287.63,1863.47,1424.16
ORD-008685,2025-04-23,2025-04-24,CUST-00223,PROD-00144,5,0.1,718.47,451.3,267.17
ORD-008686,2025-11-28,2025-11-29,CUST-00288,PROD-00181,4,0.3,977.79,739.56,238.23
ORD-008687,2024-04-27,2024-04-28,CUST-00493,PROD-00022,5,0.05,1004.86,911.05,93.81
ORD-008688,2024-05-18,2024-05-23,CUST-00230,PROD-00209,2,0.15,775.12,695.24,79.88
ORD-008689,2024-11-29,2024-12-04,CUST-00401,PROD-00216,7,0.1,3035.09,2707.39,327.7
ORD-008690,2025-09-11,2025-09-14,CUST-00531,PROD-00121,5,0.1,3014.82,1957.65,1057.17
ORD-008691,2024-08-31,2024-09-02,CUST-00410,PROD-00024,6,0.0,1373.88,1175.04,198.84
ORD-008692,2024-08-01,2024-08-05,CUST-00554,PROD-00157,1,0.05,481.5,293.97,187.53
ORD-008693,2025-04-02,2025-04-06,CUST-00396,PROD-00058,7,0.1,3095.25,2683.73,411.52
ORD-008694,2025-01-27,2025-02-02,CUST-00093,PROD-00035,4,0.15,1195.98,1143.8,52.18
ORD-008695,2024-02-16,2024-02-22,CUST-00315,PROD-00062,2,0.15,1245.52,794.1,451.42
ORD-008696,2024-03-03,2024-03-05,CUST-00488,PROD-00203,3,0.05,1763.18,1088.7,674.48
ORD-008697,2025-04-20,2025-04-25,CUST-00481,PROD-00211,4,0.0,2411.0,1398.04,1012.96
ORD-008698,2024-12-14,2024-12-17,CUST-00491,PROD-00012,2,0.0,1100.18,697.22,402.96
ORD-008699,2025-12-18,2025-12-24,CUST-00225,PROD-00061,6,0.0,1175.04,947.7,227.34
ORD-008700,2025-05-17,2025-05-18,CUST-00173,PROD-00153,2,0.15,861.1,753.5,107.6
ORD-008701,2024-01-08,2024-01-10,CUST-00295,PROD-00020,1,0.3,155.31,136.73,18.58
ORD-008702,2024-12-22,2024-12-24,CUST-00311,PROD-00108,7,0.05,1427.29,1029.7,397.59
ORD-008703,2024-11-20,2024-11-26,CUST-00396,PROD-00014,4,0.05,1620.74,1077.8,542.94
ORD-008704,2024-03-22,2024-03-23,CUST-00289,PROD-00025,6,0.05,584.76,398.4,186.36
ORD-008705,2025-11-25,2025-11-27,CUST-00119,PROD-00119,3,0.15,1674.15,1191.09,483.06
ORD-008706,2025-09-09,2025-09-13,CUST-00116,PROD-00032,6,0.05,1635.56,1414.38,221.18
ORD-008707,2024-07-06,2024-07-08,CUST-00445,PROD-00108,1,0.05,203.9,147.1,56.8
ORD-008708,2024-08-02,2024-08-03,CUST-00222,PROD-00203,2,0.2,989.86,725.8,264.06
ORD-008709,2024-01-25,2024-01-26,CUST-00121,PROD-00201,1,0.0,544.89,352.89,192.0
ORD-008710,2024-09-03,2024-09-07,CUST-00385,PROD-00085,4,0.15,270.2,190.44,79.76
ORD-008711,2025-03-06,2025-03-08,CUST-00377,PROD-00145,6,0.0,551.22,394.8,156.42
ORD-008712,2024-11-23,2024-11-29,CUST-00068,PROD-00111,6,0.05,626.94,531.78,95.16
ORD-008713,2025-12-17,2025-12-23,CUST-00161,PROD-00026,7,0.15,2526.01,1724.1,801.91
ORD-008714,2024-02-13,2024-02-14,CUST-00446,PROD-00062,1,0.0,732.66,397.05,335.61
ORD-008715,2025-03-11,2025-03-12,CUST-00249,PROD-00091,4,0.05,1139.58,688.32,451.26
ORD-008716,2025-10-20,2025-10-21,CUST-00202,PROD-00077,1,0.0,182.66,152.07,30.59
ORD-008717,2024-12-22,2024-12-26,CUST-00030,PROD-00201,6,0.0,3269.34,2117.34,1152.0
ORD-008718,2024-01-03,2024-01-07,CUST-00124,PROD-00118,4,0.2,231.07,222.52,8.55
ORD-008719,2024-07-20,2024-07-26,CUST-00526,PROD-00106,6,0.15,171.36,131.64,39.72
ORD-008720,2024-09-23,2024-09-29,CUST-00002,PROD-00002,5,0.0,2212.45,1875.75,336.7
ORD-008721,2025-12-15,2025-12-19,CUST-00409,PROD-00195,7,0.0,4506.74,2744.49,1762.25
ORD-008722,2025-11-19,2025-11-22,CUST-00537,PROD-00099,1,0.0,494.38,266.21,228.17
ORD-008723,2025-12-07,2025-12-12,CUST-00040,PROD-00208,7,0.0,3198.58,2352.84,845.74
ORD-008724,2025-09-25,2025-09-27,CUST-00035,PROD-00101,1,0.2,444.65,314.22,130.43
ORD-008725,2024-10-15,2024-10-20,CUST-00317,PROD-00211,2,0.0,1205.5,699.02,506.48
ORD-008726,2025-11-16,2025-11-17,CUST-00509,PROD-00068,1,0.15,378.6,350.35,28.25
ORD-008727,2025-12-23,2025-12-26,CUST-00141,PROD-00185,2,0.0,1005.96,772.14,233.82
ORD-008728,2024-10-14,2024-10-15,CUST-00081,PROD-00030,7,0.05,1189.09,1020.88,168.21
ORD-008729,2024-08-06,2024-08-09,CUST-00338,PROD-00121,5,0.2,2679.84,1957.65,722.19
ORD-008730,2025-02-05,2025-02-11,CUST-00111,PROD-00009,6,0.0,833.76,490.98,342.78
ORD-008731,2024-05-23,2024-05-25,CUST-00108,PROD-00081,4,0.05,1561.23,1003.52,557.71
ORD-008732,2024-01-26,2024-01-31,CUST-00195,PROD-00005,2,0.0,644.08,553.8,90.28
ORD-008733,2025-12-06,2025-12-11,CUST-00113,PROD-00117,4,0.1,734.72,641.4,93.32
ORD-008734,2025-11-26,2025-12-01,CUST-00489,PROD-00066,7,0.1,1397.21,1101.24,295.97
ORD-008735,2024-05-04,2024-05-06,CUST-00252,PROD-00163,6,0.2,285.98,195.36,90.62
ORD-008736,2024-11-17,2024-11-18,CUST-00065,PROD-00006,6,0.1,2803.79,2089.32,714.47
ORD-008737,2025-09-29,2025-10-05,CUST-00537,PROD-00027,2,0.1,800.12,576.94,223.18
ORD-008738,2025-05-04,2025-05-06,CUST-00363,PROD-00026,4,0.1,1528.34,985.2,543.14
ORD-008739,2024-11-11,2024-11-17,CUST-00493,PROD-00101,4,0.0,2223.24,1256.88,966.36
ORD-008740,2025-07-22,2025-07-25,CUST-00122,PROD-00205,1,0.0,577.68,324.03,253.65
ORD-008741,2025-11-12,2025-11-14,CUST-00252,PROD-00075,7,0.0,3921.68,2588.04,1333.64
ORD-008742,2025-11-26,2025-12-01,CUST-00360,PROD-00151,2,0.2,260.37,278.26,-17.89
ORD-008743,2024-11-03,2024-11-05,CUST-00443,PROD-00020,6,0.0,1331.22,820.38,510.84
ORD-008744,2024-05-13,2024-05-18,CUST-00350,PROD-00220,6,0.0,397.44,330.84,66.6
ORD-008745,2025-11-20,2025-11-23,CUST-00098,PROD-00005,7,0.05,2141.57,1938.3,203.27
ORD-008746,2024-03-12,2024-03-18,CUST-00172,PROD-00064,6,0.15,1923.82,1479.18,444.64
ORD-008747,2025-06-27,2025-07-02,CUST-00121,PROD-00100,6,0.0,1152.06,646.98,505.08
ORD-008748,2024-04-17,2024-04-19,CUST-00198,PROD-00049,6,0.05,2817.17,2379.42,437.75
ORD-008749,2024-11-08,2024-11-09,CUST-00110,PROD-00027,2,0.1,800.12,576.94,223.18
ORD-008750,2024-11-19,2024-11-24,CUST-00201,PROD-00133,4,0.0,1441.48,1225.24,216.24
ORD-008751,2024-05-01,2024-05-04,CUST-00485,PROD-00120,3,0.1,459.84,327.93,131.91
ORD-008752,2025-11-24,2025-11-28,CUST-00518,PROD-00190,5,0.0,1424.5,1212.3,212.2
ORD-008753,2024-01-03,2024-01-09,CUST-00139,PROD-00019,7,0.05,1585.56,926.38,659.18
ORD-008754,2025-11-11,2025-11-13,CUST-00530,PROD-00021,7,0.0,1717.24,1099.84,617.4
ORD-008755,2025-11-06,2025-11-10,CUST-00518,PROD-00024,1,0.05,217.53,195.84,21.69
ORD-008756,2024-09-18,2024-09-23,CUST-00330,PROD-00023,7,0.15,2774.07,2139.62,634.45
ORD-008757,2025-06-08,2025-06-11,CUST-00142,PROD-00048,6,0.1,1455.19,1089.3,365.89
ORD-008758,2024-07-31,2024-08-01,CUST-00036,PROD-00210,4,0.0,115.8,84.04,31.76
ORD-008759,2025-08-05,2025-08-11,CUST-00191,PROD-00097,7,0.0,1950.55,1362.2,588.35
ORD-008760,2025-02-16,2025-02-18,CUST-00043,PROD-00041,1,0.15,148.76,100.85,47.91
ORD-008761,2024-09-05,2024-09-11,CUST-00328,PROD-00003,6,0.15,487.36,471.36,16.0
ORD-008762,2024-11-13,2024-11-14,CUST-00290,PROD-00127,1,0.0,82.27,67.42,14.85
ORD-008763,2025-05-26,2025-05-29,CUST-00257,PROD-00176,3,0.2,990.58,905.16,85.42
ORD-008764,2025-11-16,2025-11-19,CUST-00119,PROD-00127,3,0.1,222.13,202.26,19.87
ORD-008765,2024-04-10,2024-04-16,CUST-00192,PROD-00175,4,0.05,1537.1,1081.04,456.06
ORD-008766,2025-02-24,2025-02-28,CUST-00261,PROD-00134,5,0.05,2597.96,1917.8,680.16
ORD-008767,2024-08-01,2024-08-07,CUST-00408,PROD-00153,2,0.0,1013.06,753.5,259.56
ORD-008768,2025-09-07,2025-09-12,CUST-00046,PROD-00174,3,0.0,663.09,528.06,135.03
ORD-008769,2024-02-23,2024-02-26,CUST-00165,PROD-00012,5,0.05,2612.93,1743.05,869.88
ORD-008770,2025-05-25,2025-05-28,CUST-00373,PROD-00033,4,0.15,570.28,459.48,110.8
ORD-008771,2024-05-14,2024-05-19,CUST-00332,PROD-00189,6,0.0,3776.4,2064.06,1712.34
ORD-008772,2025-03-15,2025-03-20,CUST-00144,PROD-00045,7,0.1,679.77,545.65,134.12
ORD-008773,2025-10-03,2025-10-06,CUST-00028,PROD-00181,4,0.0,1396.84,739.56,657.28
ORD-008774,2025-08-02,2025-08-08,CUST-00244,PROD-00167,2,0.1,336.17,219.96,116.21
ORD-008775,2025-07-31,2025-08-02,CUST-00335,PROD-00134,7,0.0,3828.58,2684.92,1143.66
ORD-008776,2025-01-14,2025-01-17,CUST-00432,PROD-00153,1,0.05,481.2,376.75,104.45
ORD-008777,2025-11-09,2025-11-15,CUST-00102,PROD-00075,7,0.15,3333.43,2588.04,745.39
ORD-008778,2025-03-09,2025-03-15,CUST-00321,PROD-00168,1,0.0,109.81,64.83,44.98
ORD-008779,2025-11-22,2025-11-25,CUST-00100,PROD-00132,7,0.1,1612.8,1031.17,581.63
ORD-008780,2025-02-05,2025-02-10,CUST-00359,PROD-00126,1,0.05,495.11,305.21,189.9
ORD-008781,2025-01-05,2025-01-08,CUST-00440,PROD-00063,5,0.15,1406.07,1356.25,49.82
ORD-008782,2024-06-27,2024-06-30,CUST-00346,PROD-00065,1,0.0,30.54,22.17,8.37
ORD-008783,2025-02-03,2025-02-07,CUST-00441,PROD-00183,3,0.0,1001.61,657.51,344.1
ORD-008784,2024-04-17,2024-04-21,CUST-00184,PROD-00181,4,0.0,1396.84,739.56,657.28
ORD-008785,2025-10-29,2025-11-04,CUST-00434,PROD-00101,1,0.0,555.81,314.22,241.59
ORD-008786,2025-05-15,2025-05-16,CUST-00555,PROD-00066,5,0.0,1108.9,786.6,322.3
ORD-008787,2025-12-28,2025-12-29,CUST-00381,PROD-00097,5,0.05,1323.59,973.0,350.59
ORD-008788,2024-03-11,2024-03-14,CUST-00589,PROD-00060,3,0.0,713.46,432.75,280.71
ORD-008789,2024-07-17,2024-07-21,CUST-00126,PROD-00161,3,0.0,591.18,343.8,247.38
ORD-008790,2025-11-03,2025-11-07,CUST-00045,PROD-00075,4,0.05,2128.91,1478.88,650.03
ORD-008791,2024-11-11,2024-11-15,CUST-00072,PROD-00216,2,0.15,818.99,773.54,45.45
ORD-008792,2024-12-15,2024-12-20,CUST-00091,PROD-00142,4,0.05,1082.39,976.16,106.23
ORD-008793,2025-10-22,2025-10-28,CUST-00043,PROD-00071,6,0.3,2566.37,2089.68,476.69
ORD-008794,2025-01-17,2025-01-22,CUST-00107,PROD-00130,7,0.05,1924.78,1157.73,767.05
ORD-008795,2024-05-28,2024-05-29,CUST-00107,PROD-00086,6,0.0,2031.78,1537.26,494.52
ORD-008796,2025-11-10,2025-11-11,CUST-00241,PROD-00002,3,0.0,1327.47,1125.45,202.02
ORD-008797,2024-01-24,2024-01-26,CUST-00488,PROD-00148,6,0.0,2355.54,1547.52,808.02
ORD-008798,2025-11-11,2025-11-12,CUST-00548,PROD-00103,3,0.1,720.06,633.66,86.4
ORD-008799,2024-02-08,2024-02-11,CUST-00127,PROD-00048,3,0.0,808.44,544.65,263.79
ORD-008800,2025-05-07,2025-05-08,CUST-00147,PROD-00072,1,0.0,457.85,328.94,128.91
ORD-008801,2024-02-25,2024-02-28,CUST-00583,PROD-00036,3,0.1,1458.05,1103.28,354.77
ORD-008802,2025-06-10,2025-06-12,CUST-00579,PROD-00098,5,0.05,2728.07,1578.65,1149.42
ORD-008803,2024-01-27,2024-02-02,CUST-00302,PROD-00208,7,0.15,2718.79,2352.84,365.95
ORD-008804,2025-10-08,2025-10-09,CUST-00352,PROD-00063,3,0.05,942.89,813.75,129.14
ORD-008805,2024-12-15,2024-12-21,CUST-00154,PROD-00023,1,0.0,466.23,305.66,160.57
ORD-008806,2024-03-12,2024-03-15,CUST-00302,PROD-00208,7,0.0,3198.58,2352.84,845.74
ORD-008807,2025-06-11,2025-06-13,CUST-00063,PROD-00069,4,0.3,1987.83,1587.72,400.11
ORD-008808,2024-12-26,2024-12-27,CUST-00387,PROD-00027,3,0.1,1200.18,865.41,334.77
ORD-008809,2024-05-26,2024-05-31,CUST-00386,PROD-00134,5,0.0,2734.7,1917.8,816.9
ORD-008810,2024-01-13,2024-01-18,CUST-00230,PROD-00100,7,0.1,1209.66,754.81,454.85
ORD-008811,2024-11-22,2024-11-25,CUST-00103,PROD-00170,5,0.15,395.34,398.7,-3.36
ORD-008812,2024-03-06,2024-03-11,CUST-00385,PROD-00148,3,0.1,1059.99,773.76,286.23
ORD-008813,2024-03-13,2024-03-18,CUST-00007,PROD-00163,4,0.0,238.32,130.24,108.08
ORD-008814,2024-08-11,2024-08-12,CUST-00157,PROD-00114,3,0.0,1161.27,731.82,429.45
ORD-008815,2025-04-10,2025-04-11,CUST-00193,PROD-00219,1,0.1,192.23,118.36,73.87
ORD-008816,2025-01-23,2025-01-26,CUST-00094,PROD-00207,2,0.05,666.88,550.42,116.46
ORD-008817,2024-02-22,2024-02-26,CUST-00220,PROD-00005,2,0.1,579.67,553.8,25.87
ORD-008818,2025-12-16,2025-12-22,CUST-00209,PROD-00076,2,0.05,469.3,264.94,204.36
ORD-008819,2025-11-07,2025-11-10,CUST-00455,PROD-00024,2,0.0,457.96,391.68,66.28
ORD-008820,2024-08-05,2024-08-06,CUST-00346,PROD-00095,2,0.2,531.04,372.24,158.8
ORD-008821,2024-04-03,2024-04-04,CUST-00534,PROD-00097,5,0.05,1323.59,973.0,350.59
ORD-008822,2025-12-04,2025-12-06,CUST-00304,PROD-00122,7,0.0,283.22,203.77,79.45
ORD-008823,2024-12-13,2024-12-19,CUST-00260,PROD-00154,3,0.0,699.15,467.25,231.9
ORD-008824,2024-09-14,2024-09-18,CUST-00053,PROD-00134,6,0.2,2625.31,2301.36,323.95
ORD-008825,2024-12-27,2024-12-28,CUST-00519,PROD-00088,3,0.0,322.56,177.72,144.84
ORD-008826,2025-08-16,2025-08-19,CUST-00108,PROD-00185,7,0.0,3520.86,2702.49,818.37
ORD-008827,2024-05-09,2024-05-10,CUST-00102,PROD-00214,3,0.0,589.38,472.77,116.61
ORD-008828,2025-08-12,2025-08-15,CUST-00058,PROD-00119,2,0.1,1181.75,794.06,387.69
ORD-008829,2025-07-28,2025-07-31,CUST-00294,PROD-00130,7,0.05,1924.78,1157.73,767.05
ORD-008830,2025-01-30,2025-02-04,CUST-00352,PROD-00122,7,0.1,254.9,203.77,51.13
ORD-008831,2025-10-26,2025-10-30,CUST-00449,PROD-00076,6,0.0,1482.0,794.82,687.18
ORD-008832,2024-04-11,2024-04-12,CUST-00003,PROD-00030,1,0.1,160.93,145.84,15.09
ORD-008833,2025-03-14,2025-03-19,CUST-00222,PROD-00113,2,0.3,233.9,268.62,-34.72
ORD-008834,2024-12-07,2024-12-11,CUST-00312,PROD-00162,1,0.05,136.17,113.11,23.06
ORD-008835,2024-11-24,2024-11-30,CUST-00282,PROD-00133,7,0.0,2522.59,2144.17,378.42
ORD-008836,2024-07-30,2024-08-01,CUST-00150,PROD-00213,1,0.0,280.8,227.69,53.11
ORD-008837,2024-10-31,2024-11-05,CUST-00167,PROD-00089,2,0.0,453.54,293.72,159.82
ORD-008838,2024-03-24,2024-03-28,CUST-00260,PROD-00200,5,0.05,1266.78,940.15,326.63
ORD-008839,2024-07-29,2024-07-31,CUST-00540,PROD-00152,6,0.0,2388.42,1427.4,961.02
ORD-008840,2024-08-15,2024-08-21,CUST-00567,PROD-00209,6,0.0,2735.7,2085.72,649.98
ORD-008841,2025-06-26,2025-06-30,CUST-00113,PROD-00082,2,0.0,593.26,458.52,134.74
ORD-008842,2024-02-07,2024-02-12,CUST-00030,PROD-00028,4,0.05,68.13,43.84,24.29
ORD-008843,2025-04-26,2025-04-29,CUST-00546,PROD-00203,7,0.05,4114.09,2540.3,1573.79
ORD-008844,2024-06-26,2024-06-30,CUST-00573,PROD-00191,2,0.15,775.95,659.18,116.77
ORD-008845,2024-03-03,2024-03-05,CUST-00015,PROD-00168,4,0.0,439.24,259.32,179.92
ORD-008846,2024-09-06,2024-09-12,CUST-00055,PROD-00178,6,0.1,1539.38,1217.52,321.86
ORD-008847,2024-06-30,2024-07-04,CUST-00396,PROD-00215,6,0.05,1169.41,1041.84,127.57
ORD-008848,2025-02-09,2025-02-10,CUST-00183,PROD-00213,6,0.15,1432.08,1366.14,65.94
ORD-008849,2024-10-19,2024-10-25,CUST-00463,PROD-00032,3,0.0,860.82,707.19,153.63
ORD-008850,2025-12-15,2025-12-20,CUST-00594,PROD-00107,5,0.3,878.96,725.4,153.56
ORD-008851,2025-12-14,2025-12-16,CUST-00288,PROD-00213,7,0.1,1769.04,1593.83,175.21
ORD-008852,2024-12-04,2024-12-07,CUST-00289,PROD-00112,1,0.3,282.13,260.41,21.72
ORD-008853,2025-09-02,2025-09-07,CUST-00004,PROD-00080,3,0.15,533.08,350.64,182.44
ORD-008854,2024-01-11,2024-01-13,CUST-00557,PROD-00211,3,0.05,1717.84,1048.53,669.31
ORD-008855,2025-02-06,2025-02-07,CUST-00001,PROD-00018,7,0.1,2983.43,1887.9,1095.53
ORD-008856,2025-07-21,2025-07-26,CUST-00323,PROD-00024,1,0.1,206.08,195.84,10.24
ORD-008857,2024-06-21,2024-06-24,CUST-00524,PROD-00121,4,0.3,1875.89,1566.12,309.77
ORD-008858,2024-02-16,2024-02-18,CUST-00322,PROD-00031,2,0.0,330.4,239.34,91.06
ORD-008859,2024-04-29,2024-05-03,CUST-00129,PROD-00197,7,0.1,815.22,631.54,183.68
ORD-008860,2024-12-03,2024-12-06,CUST-00507,PROD-00195,6,0.0,3862.92,2352.42,1510.5
ORD-008861,2025-01-05,2025-01-06,CUST-00109,PROD-00014,3,0.3,895.67,808.35,87.32
ORD-008862,2024-11-04,2024-11-05,CUST-00113,PROD-00030,4,0.0,715.24,583.36,131.88
ORD-008863,2024-12-02,2024-12-03,CUST-00261,PROD-00206,3,0.0,285.87,172.5,113.37
ORD-008864,2024-12-17,2024-12-19,CUST-00345,PROD-00167,2,0.1,336.17,219.96,116.21
ORD-008865,2025-08-13,2025-08-15,CUST-00246,PROD-00085,3,0.0,238.41,142.83,95.58
ORD-008866,2024-03-21,2024-03-27,CUST-00081,PROD-00177,1,0.3,339.05,324.11,14.94
ORD-008867,2025-08-13,2025-08-15,CUST-00489,PROD-00035,6,0.05,2005.03,1715.7,289.33
ORD-008868,2025-05-25,2025-05-26,CUST-00569,PROD-00100,6,0.05,1094.46,646.98,447.48
ORD-008869,2025-07-19,2025-07-20,CUST-00598,PROD-00064,1,0.0,377.22,246.53,130.69
ORD-008870,2025-07-11,2025-07-17,CUST-00461,PROD-00089,2,0.2,362.83,293.72,69.11
ORD-008871,2024-12-17,2024-12-22,CUST-00487,PROD-00113,3,0.3,350.85,402.93,-52.08
ORD-008872,2024-06-15,2024-06-19,CUST-00090,PROD-00184,1,0.1,241.19,185.07,56.12
ORD-008873,2025-01-28,2025-02-03,CUST-00058,PROD-00208,2,0.3,639.72,672.24,-32.52
ORD-008874,2025-12-11,2025-12-15,CUST-00353,PROD-00051,6,0.0,454.2,249.48,204.72
ORD-008875,2025-03-09,2025-03-14,CUST-00167,PROD-00194,5,0.15,1864.6,1349.1,515.5
ORD-008876,2024-01-09,2024-01-10,CUST-00147,PROD-00006,2,0.15,882.67,696.44,186.23
ORD-008877,2024-02-15,2024-02-18,CUST-00580,PROD-00054,6,0.1,1892.43,1553.7,338.73
ORD-008878,2025-12-28,2025-12-30,CUST-00139,PROD-00072,5,0.1,2060.33,1644.7,415.63
ORD-008879,2024-02-25,2024-02-27,CUST-00194,PROD-00026,4,0.2,1358.53,985.2,373.33
ORD-008880,2024-02-05,2024-02-10,CUST-00036,PROD-00016,6,0.1,3678.75,2384.34,1294.41
ORD-008881,2024-10-16,2024-10-17,CUST-00395,PROD-00184,4,0.0,1071.96,740.28,331.68
ORD-008882,2025-12-17,2025-12-21,CUST-00293,PROD-00120,6,0.15,868.58,655.86,212.72
ORD-008883,2024-09-19,2024-09-25,CUST-00192,PROD-00104,4,0.1,775.94,727.04,48.9
ORD-008884,2024-11-18,2024-11-24,CUST-00226,PROD-00104,2,0.05,409.53,363.52,46.01
ORD-008885,2025-04-13,2025-04-19,CUST-00442,PROD-00212,6,0.3,2479.18,2162.1,317.08
ORD-008886,2024-01-19,2024-01-23,CUST-00242,PROD-00133,4,0.0,1441.48,1225.24,216.24
ORD-008887,2025-11-12,2025-11-17,CUST-00090,PROD-00188,3,0.0,863.19,550.38,312.81
ORD-008888,2025-01-15,2025-01-17,CUST-00532,PROD-00073,4,0.2,1264.86,1121.68,143.18
ORD-008889,2024-12-15,2024-12-20,CUST-00379,PROD-00133,2,0.0,720.74,612.62,108.12
ORD-008890,2025-10-22,2025-10-25,CUST-00381,PROD-00125,6,0.0,2203.8,1237.74,966.06
ORD-008891,2025-12-09,2025-12-10,CUST-00214,PROD-00156,7,0.1,317.14,192.78,124.36
ORD-008892,2024-11-24,2024-11-29,CUST-00159,PROD-00041,2,0.0,350.02,201.7,148.32
ORD-008893,2024-05-12,2024-05-15,CUST-00021,PROD-00134,5,0.05,2597.96,1917.8,680.16
ORD-008894,2025-09-18,2025-09-19,CUST-00106,PROD-00087,3,0.1,559.36,384.15,175.21
ORD-008895,2024-11-15,2024-11-18,CUST-00113,PROD-00144,1,0.05,151.68,90.26,61.42
ORD-008896,2025-12-01,2025-12-03,CUST-00581,PROD-00128,7,0.0,2723.63,2144.52,579.11
ORD-008897,2025-12-07,2025-12-13,CUST-00598,PROD-00218,2,0.1,1175.92,770.84,405.08
ORD-008898,2024-03-29,2024-03-31,CUST-00389,PROD-00061,4,0.05,744.19,631.8,112.39
ORD-008899,2025-12-11,2025-12-17,CUST-00185,PROD-00203,1,0.1,556.79,362.9,193.89
ORD-008900,2024-10-27,2024-10-30,CUST-00079,PROD-00136,6,0.0,1359.06,914.28,444.78
ORD-008901,2025-04-22,2025-04-23,CUST-00589,PROD-00030,4,0.0,715.24,583.36,131.88
ORD-008902,2024-01-27,2024-01-28,CUST-00487,PROD-00083,6,0.2,2353.49,1822.02,531.47
ORD-008903,2025-11-08,2025-11-13,CUST-00191,PROD-00052,3,0.1,577.12,455.55,121.57
ORD-008904,2025-04-19,2025-04-22,CUST-00017,PROD-00084,6,0.3,379.39,449.4,-70.01
ORD-008905,2025-04-20,2025-04-24,CUST-00294,PROD-00028,2,0.15,30.48,21.92,8.56
ORD-008906,2025-11-15,2025-11-18,CUST-00416,PROD-00182,1,0.2,219.31,224.59,-5.28
ORD-008907,2025-01-06,2025-01-12,CUST-00340,PROD-00097,5,0.15,1184.26,973.0,211.26
ORD-008908,2024-11-18,2024-11-19,CUST-00295,PROD-00209,5,0.3,1595.82,1738.1,-142.28
ORD-008909,2025-10-26,2025-10-31,CUST-00271,PROD-00083,2,0.0,980.62,607.34,373.28
ORD-008910,2025-07-20,2025-07-25,CUST-00090,PROD-00134,4,0.15,1859.6,1534.24,325.36
ORD-008911,2025-12-07,2025-12-09,CUST-00579,PROD-00178,3,0.05,812.45,608.76,203.69
ORD-008912,2025-12-03,2025-12-09,CUST-00117,PROD-00175,6,0.0,2427.0,1621.56,805.44
ORD-008913,2024-11-05,2024-11-08,CUST-00084,PROD-00089,3,0.05,646.29,440.58,205.71
ORD-008914,2024-12-06,2024-12-10,CUST-00524,PROD-00027,5,0.0,2222.55,1442.35,780.2
ORD-008915,2024-08-02,2024-08-07,CUST-00503,PROD-00117,4,0.05,775.54,641.4,134.14
ORD-008916,2025-05-03,2025-05-04,CUST-00386,PROD-00137,7,0.05,679.5,434.21,245.29
ORD-008917,2024-10-25,2024-10-28,CUST-00446,PROD-00031,3,0.05,470.82,359.01,111.81
ORD-008918,2025-08-26,2025-08-28,CUST-00379,PROD-00001,3,0.2,97.08,64.2,32.88
ORD-008919,2024-04-03,2024-04-05,CUST-00357,PROD-00186,1,0.05,479.48,318.8,160.68
ORD-008920,2024-03-30,2024-04-02,CUST-00499,PROD-00111,1,0.0,109.99,88.63,21.36
ORD-008921,2024-06-08,2024-06-12,CUST-00095,PROD-00203,5,0.2,2474.64,1814.5,660.14
ORD-008922,2024-03-05,2024-03-09,CUST-00550,PROD-00114,7,0.1,2438.67,1707.58,731.09
ORD-008923,2025-04-02,2025-04-08,CUST-00366,PROD-00220,4,0.15,225.22,220.56,4.66
ORD-008924,2024-04-23,2024-04-24,CUST-00405,PROD-00163,3,0.05,169.8,97.68,72.12
ORD-008925,2024-05-02,2024-05-04,CUST-00069,PROD-00109,4,0.2,62.85,64.84,-1.99
ORD-008926,2024-01-11,2024-01-14,CUST-00455,PROD-00152,5,0.15,1691.8,1189.5,502.3
ORD-008927,2025-08-23,2025-08-29,CUST-00505,PROD-00156,6,0.1,271.84,165.24,106.6
ORD-008928,2025-09-15,2025-09-17,CUST-00115,PROD-00081,3,0.2,986.04,752.64,233.4
ORD-008929,2024-05-04,2024-05-05,CUST-00365,PROD-00117,2,0.05,387.77,320.7,67.07
ORD-008930,2025-07-17,2025-07-22,CUST-00048,PROD-00134,6,0.05,3117.56,2301.36,816.2
ORD-008931,2024-11-29,2024-12-04,CUST-00335,PROD-00173,1,0.0,267.78,221.07,46.71
ORD-008932,2024-07-16,2024-07-21,CUST-00363,PROD-00079,3,0.1,663.36,532.62,130.74
ORD-008933,2025-04-03,2025-04-04,CUST-00027,PROD-00206,7,0.05,633.68,402.5,231.18
ORD-008934,2024-05-17,2024-05-20,CUST-00472,PROD-00023,4,0.1,1678.43,1222.64,455.79
ORD-008935,2025-08-03,2025-08-07,CUST-00477,PROD-00178,6,0.0,1710.42,1217.52,492.9
ORD-008936,2024-02-06,2024-02-08,CUST-00033,PROD-00029,1,0.0,379.77,264.64,115.13
ORD-008937,2025-12-12,2025-12-13,CUST-00065,PROD-00122,3,0.1,109.24,87.33,21.91
ORD-008938,2024-02-25,2024-02-28,CUST-00476,PROD-00127,4,0.2,263.26,269.68,-6.42
ORD-008939,2025-03-02,2025-03-05,CUST-00555,PROD-00165,6,0.05,155.44,99.3,56.14
ORD-008940,2025-11-15,2025-11-18,CUST-00349,PROD-00099,3,0.0,1483.14,798.63,684.51
ORD-008941,2024-01-10,2024-01-11,CUST-00330,PROD-00117,6,0.15,1040.86,962.1,78.76
ORD-008942,2024-12-30,2025-01-05,CUST-00352,PROD-00022,5,0.0,1057.75,911.05,146.7
ORD-008943,2024-10-13,2024-10-18,CUST-00275,PROD-00198,2,0.0,1215.28,688.82,526.46
ORD-008944,2025-03-03,2025-03-08,CUST-00490,PROD-00109,3,0.0,58.92,48.63,10.29
ORD-008945,2024-07-01,2024-07-03,CUST-00278,PROD-00029,6,0.15,1936.83,1587.84,348.99
ORD-008946,2024-02-19,2024-02-24,CUST-00398,PROD-00115,3,0.15,209.33,208.2,1.13
ORD-008947,2025-04-07,2025-04-12,CUST-00376,PROD-00007,4,0.1,793.73,569.28,224.45
ORD-008948,2024-11-21,2024-11-24,CUST-00184,PROD-00062,2,0.0,1465.32,794.1,671.22
ORD-008949,2025-04-04,2025-04-10,CUST-00480,PROD-00080,6,0.1,1128.87,701.28,427.59
ORD-008950,2024-06-14,2024-06-20,CUST-00579,PROD-00148,4,0.0,1570.36,1031.68,538.68
ORD-008951,2024-10-05,2024-10-10,CUST-00568,PROD-00181,1,0.2,279.37,184.89,94.48
ORD-008952,2025-02-16,2025-02-19,CUST-00096,PROD-00146,6,0.05,1047.89,921.6,126.29
ORD-008953,2025-03-12,2025-03-16,CUST-00199,PROD-00073,1,0.0,395.27,280.42,114.85
ORD-008954,2024-10-31,2024-11-04,CUST-00200,PROD-00075,5,0.2,2240.96,1848.6,392.36
ORD-008955,2024-08-21,2024-08-23,CUST-00545,PROD-00120,3,0.15,434.29,327.93,106.36
ORD-008956,2024-08-16,2024-08-19,CUST-00186,PROD-00085,3,0.1,214.57,142.83,71.74
ORD-008957,2024-05-14,2024-05-19,CUST-00509,PROD-00073,5,0.2,1581.08,1402.1,178.98
ORD-008958,2024-09-25,2024-09-30,CUST-00267,PROD-00184,1,0.1,241.19,185.07,56.12
ORD-008959,2024-06-02,2024-06-04,CUST-00318,PROD-00095,6,0.05,1891.83,1116.72,775.11
ORD-008960,2025-04-13,2025-04-15,CUST-00210,PROD-00060,6,0.3,998.84,865.5,133.34
ORD-008961,2025-02-22,2025-02-24,CUST-00405,PROD-00104,5,0.1,969.93,908.8,61.13
ORD-008962,2024-11-05,2024-11-09,CUST-00189,PROD-00136,2,0.2,362.42,304.76,57.66
ORD-008963,2024-09-25,2024-09-26,CUST-00388,PROD-00143,6,0.05,247.1,185.7,61.4
ORD-008964,2024-07-14,2024-07-15,CUST-00248,PROD-00116,5,0.3,480.44,480.25,0.19
ORD-008965,2025-01-27,2025-02-02,CUST-00525,PROD-00133,6,0.1,1946.0,1837.86,108.14
ORD-008966,2025-11-23,2025-11-26,CUST-00059,PROD-00204,6,0.1,2296.78,1579.5,717.28
ORD-008967,2025-05-23,2025-05-28,CUST-00128,PROD-00170,3,0.05,265.11,239.22,25.89
ORD-008968,2025-07-22,2025-07-26,CUST-00180,PROD-00201,2,0.0,1089.78,705.78,384.0
ORD-008969,2025-10-02,2025-10-03,CUST-00301,PROD-00006,6,0.0,3115.32,2089.32,1026.0
ORD-008970,2024-10-15,2024-10-21,CUST-00064,PROD-00038,5,0.0,73.35,45.05,28.3
ORD-008971,2024-02-18,2024-02-21,CUST-00063,PROD-00111,1,0.0,109.99,88.63,21.36
ORD-008972,2025-04-04,2025-04-08,CUST-00333,PROD-00064,1,0.05,358.36,246.53,111.83
ORD-008973,2024-05-24,2024-05-25,CUST-00266,PROD-00162,5,0.1,645.03,565.55,79.48
ORD-008974,2025-02-22,2025-02-24,CUST-00300,PROD-00074,4,0.0,2363.4,1494.52,868.88
ORD-008975,2025-07-17,2025-07-21,CUST-00091,PROD-00050,4,0.2,820.58,560.76,259.82
ORD-008976,2025-08-24,2025-08-29,CUST-00387,PROD-00159,4,0.0,1841.0,1531.96,309.04
ORD-008977,2024-09-06,2024-09-11,CUST-00372,PROD-00042,5,0.05,2683.56,1708.3,975.26
ORD-008978,2025-01-10,2025-01-12,CUST-00478,PROD-00120,7,0.0,1192.17,765.17,427.0
ORD-008979,2025-04-03,2025-04-04,CUST-00128,PROD-00191,4,0.0,1825.76,1318.36,507.4
ORD-008980,2025-09-21,2025-09-26,CUST-00133,PROD-00119,4,0.05,2494.81,1588.12,906.69
ORD-008981,2025-08-07,2025-08-11,CUST-00136,PROD-00148,7,0.2,2198.5,1805.44,393.06
ORD-008982,2025-12-26,2026-01-01,CUST-00517,PROD-00104,4,0.2,689.73,727.04,-37.31
ORD-008983,2024-01-07,2024-01-09,CUST-00481,PROD-00159,1,0.15,391.21,382.99,8.22
ORD-008984,2024-12-01,2024-12-06,CUST-00459,PROD-00114,5,0.0,1935.45,1219.7,715.75
ORD-008985,2024-08-02,2024-08-03,CUST-00243,PROD-00144,2,0.2,255.46,180.52,74.94
ORD-008986,2024-04-02,2024-04-03,CUST-00578,PROD-00118,5,0.1,324.94,278.15,46.79
ORD-008987,2025-11-19,2025-11-21,CUST-00296,PROD-00011,4,0.15,611.86,618.88,-7.02
ORD-008988,2025-12-31,2026-01-01,CUST-00223,PROD-00079,1,0.05,233.41,177.54,55.87
ORD-008989,2024-05-18,2024-05-22,CUST-00355,PROD-00100,3,0.0,576.03,323.49,252.54
ORD-008990,2024-01-30,2024-02-02,CUST-00190,PROD-00048,4,0.0,1077.92,726.2,351.72
ORD-008991,2024-08-17,2024-08-20,CUST-00119,PROD-00002,4,0.05,1681.46,1500.6,180.86
ORD-008992,2025-10-02,2025-10-06,CUST-00259,PROD-00183,2,0.0,667.74,438.34,229.4
ORD-008993,2024-08-31,2024-09-04,CUST-00415,PROD-00077,1,0.15,155.26,152.07,3.19
ORD-008994,2024-02-13,2024-02-18,CUST-00116,PROD-00067,6,0.0,1109.88,766.62,343.26
ORD-008995,2024-02-10,2024-02-11,CUST-00188,PROD-00039,7,0.0,892.57,681.87,210.7
ORD-008996,2024-11-26,2024-11-27,CUST-00130,PROD-00008,2,0.0,432.08,257.42,174.66
ORD-008997,2025-11-29,2025-12-04,CUST-00412,PROD-00074,6,0.15,3013.34,2241.78,771.56
ORD-008998,2024-08-25,2024-08-28,CUST-00236,PROD-00124,4,0.0,1348.8,1106.56,242.24
ORD-008999,2024-11-26,2024-11-28,CUST-00402,PROD-00166,4,0.15,1738.32,1415.2,323.12
ORD-009000,2024-03-19,2024-03-24,CUST-00060,PROD-00164,6,0.0,1364.64,789.3,575.34
